{
"type": "FeatureCollection",
"name": "jumlah_penduduk",
"crs": { "type": "name", "properties": { "name": "urn:ogc:def:crs:OGC:1.3:CRS84" } },
"features": [
{"type":"Feature","properties":{"OBJECTID":80467.0,"NAMOBJ":"Birawan","KDCBPS":"530616","WADMKC":"Ile Bura","WADMKK":"Flores Timur","WADMPR":"Nusa Tenggara Timur","Penduduk":8009,"luas_km2":106.112},"geometry":{"type":"MultiPolygon","coordinates":[[[[122.8317679,-8.6074154],[122.8318894,-8.6075582],[122.8319765,-8.6075805],[122.8322088,-8.6075865],[122.8324351,-8.6075128],[122.8324841,-8.6072781],[122.8323818,-8.6070469],[122.8320721,-8.6069802],[122.8318885,-8.6070896],[122.8317598,-8.6072343],[122.8317679,-8.6074154]]],[[[122.8458623,-8.6042675],[122.8459663,-8.6045217],[122.8460307,-8.6046122],[122.8461853,-8.6046649],[122.8462983,-8.6046302],[122.846388,-8.6045287],[122.8464233,-8.604346],[122.8464569,-8.6042358],[122.8465907,-8.6041626],[122.8467182,-8.6040454],[122.8467637,-8.6039285],[122.8461533,-8.6027906],[122.8460055,-8.6025776],[122.8458017,-8.6023835],[122.8456619,-8.6023143],[122.8453936,-8.6022798],[122.8450478,-8.6022666],[122.8448865,-8.6022428],[122.8447749,-8.6022682],[122.8445939,-8.6025575],[122.8444781,-8.6027476],[122.8441636,-8.6029506],[122.8441273,-8.6029735],[122.8440417,-8.6030349],[122.8439624,-8.6031572],[122.8439882,-8.6033042],[122.8448518,-8.6039091],[122.8454025,-8.6040665],[122.8456909,-8.6041527],[122.8458623,-8.6042675]]],[[[122.8426381,-8.5653539],[122.8428655,-8.5647501],[122.8429052,-8.5646448],[122.8431794,-8.5644134],[122.8433692,-8.5642562],[122.8434512,-8.5641883],[122.8436671,-8.5639941],[122.8441569,-8.5635534],[122.8443698,-8.5632978],[122.8444065,-8.5632111],[122.8444866,-8.5630224],[122.8445089,-8.5628898],[122.8445225,-8.5628084],[122.844536,-8.5626138],[122.8445437,-8.5625],[122.8445659,-8.5621752],[122.8444035,-8.5618478],[122.8443048,-8.5617538],[122.8442031,-8.561657],[122.8440027,-8.5614907],[122.8439402,-8.5614389],[122.8437494,-8.5612195],[122.8436824,-8.5611131],[122.8434926,-8.5608118],[122.8433643,-8.5606584],[122.8429817,-8.5605117],[122.8426614,-8.560473],[122.8425473,-8.560455],[122.8424247,-8.5603281],[122.8422338,-8.5599535],[122.8421509,-8.5591599],[122.8421658,-8.5587738],[122.8422471,-8.5585215],[122.8423645,-8.5580831],[122.842431,-8.5579145],[122.8425404,-8.5576411],[122.8426474,-8.5573451],[122.8427327,-8.5571094],[122.8427705,-8.5569658],[122.8428148,-8.556798],[122.8428164,-8.5565076],[122.8428173,-8.5563366],[122.8428254,-8.5561987],[122.8428273,-8.5561673],[122.8430196,-8.5558879],[122.8430983,-8.5557898],[122.8431091,-8.5557763],[122.843115,-8.5556948],[122.8430813,-8.5556517],[122.8430285,-8.5555842],[122.8426388,-8.5554687],[122.8425475,-8.5554321],[122.84252,-8.555421],[122.8423623,-8.5551585],[122.8423012,-8.5550567],[122.8422255,-8.554856],[122.8422076,-8.5547807],[122.8421924,-8.5547169],[122.842131,-8.554572],[122.8419853,-8.5542814],[122.8419421,-8.554195],[122.8418083,-8.5536932],[122.8417412,-8.5533213],[122.8417274,-8.5532443],[122.8417282,-8.5532059],[122.8417297,-8.5531355],[122.8417994,-8.5528556],[122.841798,-8.5522673],[122.841789,-8.5522334],[122.8417631,-8.5521363],[122.8417328,-8.5520552],[122.8417012,-8.5519709],[122.8418054,-8.5517487],[122.8418966,-8.5516795],[122.8420908,-8.5515322],[122.842203,-8.5514411],[122.8422872,-8.5513728],[122.842386,-8.5511432],[122.8424069,-8.5510946],[122.8424222,-8.5509997],[122.8425318,-8.5503204],[122.8425431,-8.5502328],[122.8425443,-8.5502234],[122.8426403,-8.5500352],[122.8426507,-8.5497897],[122.8426949,-8.5494827],[122.8426889,-8.5494161],[122.8426838,-8.549359],[122.8426397,-8.5492329],[122.8426443,-8.5491226],[122.8427832,-8.5489212],[122.8428876,-8.5487699],[122.8430013,-8.5484296],[122.843128,-8.5481775],[122.8431858,-8.5480624],[122.8432031,-8.5480346],[122.8433121,-8.5478585],[122.8433957,-8.5476733],[122.8434464,-8.547561],[122.8434996,-8.547362],[122.8434913,-8.5471726],[122.8434813,-8.5469447],[122.8434486,-8.5468471],[122.8433943,-8.5466853],[122.8431913,-8.5463502],[122.8430231,-8.5460724],[122.84293,-8.5458499],[122.8429242,-8.5454431],[122.8429103,-8.5451914],[122.8428645,-8.5450009],[122.8426789,-8.5447395],[122.842419,-8.5444341],[122.8423366,-8.5442685],[122.8423092,-8.5442134],[122.8422528,-8.5439851],[122.8422158,-8.5438347],[122.8422104,-8.5437892],[122.8421822,-8.5435485],[122.842157,-8.5433349],[122.8421949,-8.5430707],[122.8422073,-8.5429587],[122.8422365,-8.5426958],[122.8422079,-8.542503],[122.8421165,-8.5422835],[122.8419998,-8.5420611],[122.8419803,-8.5420238],[122.8418917,-8.5416755],[122.8415089,-8.5405849],[122.8414145,-8.5404495],[122.8413066,-8.5402946],[122.8411401,-8.5400306],[122.8410087,-8.5397134],[122.8409889,-8.5396131],[122.8409746,-8.5395406],[122.8408996,-8.5391226],[122.8405989,-8.5386842],[122.8405529,-8.5386172],[122.8403934,-8.5384364],[122.8403932,-8.5384361],[122.8403776,-8.538402],[122.8401935,-8.5380006],[122.8401925,-8.5379873],[122.84019,-8.5379534],[122.8401707,-8.53769],[122.8401631,-8.5375856],[122.8398502,-8.5365546],[122.8397876,-8.5363423],[122.8397456,-8.5361398],[122.8397304,-8.5360665],[122.8396181,-8.5355248],[122.8395624,-8.5352562],[122.8395371,-8.5351343],[122.8393849,-8.534163],[122.8393688,-8.5339694],[122.8392404,-8.5332755],[122.8391583,-8.5328323],[122.839112,-8.5326144],[122.8389758,-8.5322409],[122.8388654,-8.5318569],[122.838751,-8.5314592],[122.8386528,-8.5311179],[122.8380881,-8.529622],[122.8374927,-8.5287229],[122.8371717,-8.5280985],[122.8370632,-8.5278197],[122.8368973,-8.5273141],[122.8368319,-8.527156],[122.8368002,-8.5270793],[122.8366042,-8.5267803],[122.836373,-8.5265647],[122.8362106,-8.5264133],[122.8356985,-8.5259938],[122.835678,-8.525977],[122.8354192,-8.5256978],[122.8352667,-8.5253393],[122.835235,-8.5252607],[122.8351502,-8.5250507],[122.8349956,-8.5248152],[122.8348415,-8.5246635],[122.8347564,-8.5245798],[122.834522,-8.5243524],[122.8343621,-8.5241475],[122.8342726,-8.5240328],[122.8342087,-8.5239285],[122.8341239,-8.52379],[122.8338213,-8.523327],[122.8338091,-8.5233083],[122.8336248,-8.523069],[122.8333685,-8.5227273],[122.8332067,-8.5225116],[122.8328808,-8.5218729],[122.832743,-8.5216406],[122.832607,-8.5214435],[122.8325101,-8.5213029],[122.8324744,-8.521203],[122.832401,-8.5209968],[122.8323605,-8.5205633],[122.8323592,-8.5205499],[122.8323573,-8.520529],[122.8323087,-8.5200101],[122.8323161,-8.5196879],[122.8323198,-8.5195264],[122.8323586,-8.5187728],[122.8323667,-8.5186143],[122.8323635,-8.5185916],[122.8323308,-8.518356],[122.8322792,-8.5181864],[122.832213,-8.5179687],[122.8321147,-8.5178288],[122.8318099,-8.5176126],[122.8315734,-8.5174734],[122.8312129,-8.5173289],[122.8307697,-8.5172014],[122.8304979,-8.5171011],[122.8303036,-8.5170293],[122.830032,-8.5169079],[122.8296024,-8.5166857],[122.8294004,-8.516645],[122.8288719,-8.5164382],[122.8287677,-8.5164089],[122.8285646,-8.5163519],[122.8282305,-8.5162474],[122.8280455,-8.5161377],[122.8278847,-8.5160242],[122.8269839,-8.5158639],[122.8267931,-8.5158267],[122.8266085,-8.515763],[122.8264696,-8.5156383],[122.8261875,-8.5153853],[122.8260523,-8.5151857],[122.825968,-8.5150113],[122.825899,-8.5148853],[122.8257445,-8.5145522],[122.8255929,-8.5142562],[122.8251585,-8.5137123],[122.8250135,-8.5134979],[122.8248711,-8.5132485],[122.824762,-8.5130946],[122.8246218,-8.5128776],[122.8244621,-8.5124905],[122.8243378,-8.512231],[122.8241382,-8.5119534],[122.8235732,-8.5115259],[122.8232765,-8.5112468],[122.8230802,-8.5108926],[122.8229677,-8.5106806],[122.8226112,-8.5103015],[122.8225852,-8.5102753],[122.8223954,-8.5100837],[122.8221055,-8.5098083],[122.8218428,-8.5094676],[122.8217639,-8.5092707],[122.8216995,-8.5091419],[122.8214213,-8.5089661],[122.8203767,-8.508306],[122.8199622,-8.5081257],[122.8197169,-8.5080215],[122.8196008,-8.507897],[122.819376,-8.5076361],[122.8192423,-8.5074811],[122.8189861,-8.5071691],[122.8188737,-8.506936],[122.8188331,-8.5068877],[122.8185685,-8.5065729],[122.8183147,-8.5064115],[122.8181447,-8.5063254],[122.8179759,-8.5061169],[122.8170603,-8.5048077],[122.8162337,-8.5040465],[122.8159304,-8.503807],[122.8158426,-8.5037376],[122.8152827,-8.5033358],[122.8146906,-8.5030419],[122.8145913,-8.502984],[122.8139431,-8.5024759],[122.8137829,-8.502349],[122.8137137,-8.5022959],[122.813603,-8.5022109],[122.8133123,-8.5020233],[122.8127667,-8.5014255],[122.8125512,-8.5012437],[122.8123436,-8.5011795],[122.8110735,-8.5009064],[122.8105666,-8.5007777],[122.8098258,-8.500547],[122.8095429,-8.5004589],[122.8092699,-8.5002628],[122.8090938,-8.5000999],[122.8090472,-8.5000594],[122.8089993,-8.5000288],[122.8089511,-8.4999979],[122.8086398,-8.4999072],[122.8083539,-8.4998478],[122.8080866,-8.4998061],[122.8078349,-8.4997284],[122.8074357,-8.4994578],[122.8072189,-8.4993028],[122.8067088,-8.4990452],[122.8065097,-8.4989069],[122.8059332,-8.4986038],[122.8056777,-8.4983056],[122.8054262,-8.498295],[122.8052535,-8.498294],[122.8042674,-8.4980761],[122.8039464,-8.4979131],[122.8037902,-8.497762],[122.8036973,-8.4976136],[122.8036111,-8.497491],[122.8034582,-8.4973666],[122.8031884,-8.4972062],[122.8031134,-8.4971616],[122.8027646,-8.4970152],[122.8022502,-8.4968763],[122.801918,-8.4967711],[122.8017549,-8.4966739],[122.8015983,-8.4964892],[122.8012384,-8.4960633],[122.8011787,-8.4960202],[122.801046,-8.4959227],[122.8008517,-8.4957026],[122.8005899,-8.4954944],[122.8004115,-8.4953695],[122.7997779,-8.4949025],[122.7993635,-8.4944678],[122.7993526,-8.4944564],[122.7990046,-8.4938526],[122.7989594,-8.4933952],[122.7989583,-8.4933936],[122.7987879,-8.4931613],[122.7987951,-8.493147],[122.7987715,-8.4930101],[122.7987094,-8.492649],[122.7987455,-8.4924032],[122.7987298,-8.4921764],[122.7986811,-8.4920042],[122.7986526,-8.4919197],[122.7985398,-8.4916084],[122.7983913,-8.4913878],[122.7982734,-8.4912128],[122.7982189,-8.4911319],[122.7980835,-8.4909105],[122.7979077,-8.4904593],[122.7978775,-8.4902816],[122.797849,-8.4901132],[122.7978447,-8.4898027],[122.7978442,-8.489769],[122.7978473,-8.4892928],[122.7977955,-8.4891423],[122.7977413,-8.4889845],[122.7976414,-8.4888262],[122.797572,-8.4887163],[122.7974116,-8.4885941],[122.7971737,-8.4883731],[122.7970589,-8.4881944],[122.7970313,-8.4881051],[122.7969724,-8.487914],[122.7968806,-8.487634],[122.7967028,-8.4870919],[122.796596,-8.4869626],[122.7965141,-8.4868634],[122.7963626,-8.4867019],[122.7962927,-8.4866273],[122.7960943,-8.4864291],[122.7958299,-8.4862268],[122.7955659,-8.4860998],[122.7953389,-8.485983],[122.7946357,-8.485621],[122.7944036,-8.4855156],[122.793655,-8.4852492],[122.7933307,-8.4852108],[122.7926415,-8.4851184],[122.7911209,-8.4848618],[122.7905062,-8.4846162],[122.7903103,-8.4844246],[122.7902402,-8.4842739],[122.7902127,-8.4840544],[122.7902495,-8.4840308],[122.7903051,-8.4839329],[122.790452,-8.4835633],[122.7906827,-8.4827202],[122.7908676,-8.4821667],[122.790875,-8.4820025],[122.7908829,-8.4818308],[122.7908634,-8.4812012],[122.7906421,-8.4807102],[122.7904008,-8.480324],[122.7899051,-8.4796668],[122.7896269,-8.479417],[122.7893488,-8.4792768],[122.789184,-8.4792471],[122.788535,-8.4791409],[122.7883537,-8.4790007],[122.7882676,-8.4788467],[122.788213,-8.4786253],[122.7881524,-8.4781834],[122.7881313,-8.4777933],[122.7882041,-8.4768421],[122.7882873,-8.4762485],[122.7882889,-8.4759784],[122.7882221,-8.4758489],[122.7878413,-8.4753938],[122.7878171,-8.4752348],[122.7878248,-8.4751199],[122.7878786,-8.4743463],[122.7879816,-8.4734103],[122.7878767,-8.4725257],[122.7876702,-8.4721771],[122.7874682,-8.4720319],[122.7869507,-8.4716377],[122.7867233,-8.4713414],[122.7866466,-8.471054],[122.786497,-8.4702935],[122.7864553,-8.4701559],[122.7863696,-8.4699013],[122.78605,-8.4686444],[122.7858856,-8.4677427],[122.7856051,-8.4669896],[122.7852664,-8.4661825],[122.7850049,-8.4654369],[122.7849409,-8.4651336],[122.7849161,-8.463871],[122.7849229,-8.4635717],[122.7848613,-8.4632084],[122.7847827,-8.4625612],[122.7846468,-8.4619052],[122.7843183,-8.4615326],[122.7838389,-8.4609822],[122.7837269,-8.4608706],[122.7834479,-8.4606427],[122.7832956,-8.4606659],[122.7827436,-8.4607287],[122.7825415,-8.4606369],[122.7822483,-8.4604285],[122.7817885,-8.4601086],[122.7817293,-8.4601152],[122.7815956,-8.4600688],[122.7812998,-8.459914],[122.7808146,-8.4596168],[122.7807326,-8.459583],[122.7806407,-8.459525],[122.7806036,-8.4595196],[122.7804007,-8.4594433],[122.7802968,-8.4593385],[122.7800237,-8.4589902],[122.7798956,-8.4587432],[122.7797068,-8.4584651],[122.7796433,-8.4585629],[122.7793868,-8.4587056],[122.7789716,-8.4587011],[122.778909,-8.4587297],[122.7783098,-8.4590031],[122.7781579,-8.4591168],[122.7780869,-8.4592106],[122.7780316,-8.4593283],[122.7777439,-8.4595607],[122.7775086,-8.4597051],[122.7773792,-8.4597905],[122.7770106,-8.4598837],[122.7769459,-8.4598967],[122.7765918,-8.4597662],[122.7765432,-8.4597445],[122.7762706,-8.4596465],[122.7758787,-8.4595363],[122.7755531,-8.4594866],[122.7754903,-8.4594699],[122.7750544,-8.4592937],[122.7749195,-8.4592297],[122.774636,-8.4591951],[122.7744438,-8.4591586],[122.7743712,-8.4591226],[122.7740789,-8.4590227],[122.7736361,-8.45892],[122.7734218,-8.4588825],[122.7732434,-8.4588959],[122.773033,-8.4589265],[122.7728617,-8.4589702],[122.7726874,-8.4590222],[122.7724517,-8.4591864],[122.772336,-8.4593032],[122.772311,-8.4593369],[122.7721082,-8.4595797],[122.7719961,-8.4596782],[122.77155,-8.4598465],[122.7711671,-8.4601444],[122.7710941,-8.4601962],[122.7706775,-8.4604495],[122.770505,-8.4605574],[122.7703482,-8.4607196],[122.7702102,-8.4608961],[122.7701146,-8.4609964],[122.7699242,-8.4613494],[122.7698321,-8.461595],[122.7698123,-8.4617571],[122.7698136,-8.4618675],[122.7698137,-8.4621101],[122.769757,-8.4626354],[122.7697262,-8.4628312],[122.7696541,-8.463193],[122.7696296,-8.4633043],[122.7696336,-8.4633585],[122.7696251,-8.4635767],[122.7695731,-8.4639609],[122.7695249,-8.4643973],[122.7694701,-8.4646708],[122.7694392,-8.4648612],[122.7694307,-8.4652098],[122.7694725,-8.465485],[122.7694261,-8.465736],[122.7693828,-8.4659982],[122.76936,-8.4662428],[122.7693717,-8.4664512],[122.7693748,-8.4666401],[122.7693673,-8.4668525],[122.7693788,-8.4670878],[122.7693864,-8.4675828],[122.7691936,-8.4680747],[122.7690084,-8.4684197],[122.7685223,-8.4690406],[122.7678511,-8.4695694],[122.7672032,-8.4700292],[122.7664164,-8.470719],[122.7653287,-8.4715466],[122.7645882,-8.4721213],[122.7641253,-8.4725812],[122.7637319,-8.472995],[122.7633383,-8.473501],[122.7632585,-8.4736733],[122.763153,-8.473892],[122.7626899,-8.47472],[122.7622267,-8.475617],[122.7617866,-8.4765831],[122.7614856,-8.4772041],[122.7611613,-8.4778481],[122.7607445,-8.4785841],[122.7604666,-8.4791361],[122.760162,-8.4797269],[122.7599463,-8.4803332],[122.7597484,-8.4810453],[122.7595165,-8.4819425],[122.7591921,-8.4827935],[122.7588909,-8.4835986],[122.7584739,-8.4846797],[122.75808,-8.4856688],[122.7577093,-8.4866809],[122.7573617,-8.487647],[122.7569909,-8.4887051],[122.7569856,-8.4887185],[122.7565971,-8.4896942],[122.7562496,-8.4904763],[122.7558326,-8.4914653],[122.7554851,-8.4923164],[122.7549523,-8.4935584],[122.7544426,-8.4947315],[122.7541645,-8.4952605],[122.7537015,-8.4961345],[122.7532383,-8.4969625],[122.7528447,-8.4976064],[122.7527576,-8.4977429],[122.7525246,-8.4981083],[122.7524047,-8.4982964],[122.7520805,-8.4988713],[122.751872,-8.4993774],[122.7517598,-8.5000001],[122.7517399,-8.5000288],[122.7500101,-8.5025235],[122.7497253,-8.5029341],[122.7495986,-8.5031169],[122.7495037,-8.5031809],[122.7491303,-8.5030504],[122.7490218,-8.5030573],[122.7488081,-8.5032121],[122.7487308,-8.5032933],[122.7487923,-8.5034116],[122.7489208,-8.503541],[122.7489012,-8.503608],[122.7487277,-8.5037772],[122.7486356,-8.5038902],[122.7481253,-8.504004],[122.7477851,-8.5040233],[122.7475335,-8.5041204],[122.747257,-8.5042011],[122.7469722,-8.5042899],[122.7466818,-8.5043823],[122.7464099,-8.5044047],[122.7464036,-8.5046342],[122.7463894,-8.5047758],[122.7463067,-8.5048632],[122.7460435,-8.5048225],[122.745897,-8.5048811],[122.7457031,-8.5049167],[122.7455655,-8.5048262],[122.7454198,-8.504744],[122.7451273,-8.5048394],[122.7448805,-8.5049535],[122.7446294,-8.5051446],[122.7443381,-8.505411],[122.7441066,-8.5056309],[122.7437374,-8.5059772],[122.7436917,-8.5059564],[122.7435269,-8.5057843],[122.7434469,-8.5056406],[122.743384,-8.5055527],[122.7432753,-8.5055453],[122.7431311,-8.5056864],[122.7430018,-8.5059714],[122.7428929,-8.5062217],[122.7426737,-8.5064859],[122.7424693,-8.5065976],[122.7420058,-8.5068328],[122.7417009,-8.5070051],[122.7415695,-8.5070104],[122.7413857,-8.5072125],[122.7409883,-8.5074911],[122.7407857,-8.5077233],[122.7407155,-8.5079015],[122.7407543,-8.5080409],[122.7408788,-8.5082424],[122.7413363,-8.5086128],[122.7411833,-8.508772],[122.7407154,-8.5091974],[122.7401382,-8.5095775],[122.7391005,-8.5103394],[122.7390125,-8.5104102],[122.7389403,-8.5109388],[122.7389369,-8.5110086],[122.7388193,-8.5110968],[122.7385065,-8.5111618],[122.7381253,-8.5110801],[122.7379917,-8.5110547],[122.7378673,-8.5110835],[122.7377687,-8.5111827],[122.7373879,-8.511705],[122.7374634,-8.5119399],[122.73765,-8.5122646],[122.7377646,-8.5124472],[122.7379214,-8.5127775],[122.7382843,-8.5133236],[122.7393968,-8.5125788],[122.7396749,-8.5126302],[122.7400199,-8.5127611],[122.7401303,-8.512862],[122.7423021,-8.5115904],[122.7429475,-8.5112116],[122.7453226,-8.5098175],[122.749398,-8.5077581],[122.7496101,-8.5079686],[122.7500384,-8.5079686],[122.751014,-8.5082065],[122.7513777,-8.5084759],[122.7516565,-8.5086824],[122.7525748,-8.5092907],[122.7526776,-8.5100283],[122.7530952,-8.51046],[122.7533952,-8.5111916],[122.7535137,-8.5113296],[122.7535462,-8.5114711],[122.7535153,-8.5117481],[122.753539,-8.5119982],[122.753643,-8.512338],[122.7536493,-8.5123664],[122.753701,-8.5126003],[122.7537015,-8.5128178],[122.7537021,-8.513088],[122.7536781,-8.513389],[122.7537037,-8.5137224],[122.7537069,-8.5137648],[122.7538523,-8.5143691],[122.7538237,-8.5147552],[122.7537526,-8.5148619],[122.7536198,-8.515135],[122.7534568,-8.5154049],[122.7531759,-8.5156994],[122.7530511,-8.5158484],[122.7530136,-8.5159644],[122.7530144,-8.5159816],[122.7530223,-8.5161461],[122.7531294,-8.5164219],[122.7532522,-8.5166126],[122.7532789,-8.5166598],[122.7534798,-8.5170146],[122.7535274,-8.5171072],[122.7535762,-8.5172926],[122.7538064,-8.5182625],[122.7539235,-8.5186202],[122.753932,-8.5186613],[122.753948,-8.5188656],[122.7539442,-8.5190182],[122.7539446,-8.5193684],[122.7539977,-8.5194687],[122.7543088,-8.5199545],[122.7543796,-8.5201528],[122.7543638,-8.5203178],[122.754294,-8.5205279],[122.754229,-8.5206837],[122.7541313,-8.5208413],[122.7540322,-8.5209386],[122.7538387,-8.5211442],[122.7532515,-8.522641],[122.7528517,-8.5236118],[122.7523378,-8.5246398],[122.7520709,-8.5253627],[122.7520709,-8.5263082],[122.7520709,-8.5279291],[122.7524762,-8.5300902],[122.7528814,-8.531576],[122.7528814,-8.5325216],[122.7534217,-8.5341424],[122.7545023,-8.5360335],[122.7553127,-8.5375193],[122.7553366,-8.5388851],[122.7554465,-8.5388849],[122.7558882,-8.5389065],[122.7578486,-8.538903],[122.757897,-8.5389446],[122.7598473,-8.5389191],[122.7636071,-8.53887],[122.7638617,-8.5388695],[122.7644034,-8.538846],[122.7649302,-8.5386632],[122.7667262,-8.5386643],[122.7670447,-8.5389526],[122.7706069,-8.54247],[122.7723516,-8.5441928],[122.7725422,-8.544377],[122.7725777,-8.5444122],[122.7726132,-8.5444282],[122.7728232,-8.54463],[122.7730072,-8.5447806],[122.7730363,-8.544803],[122.7731073,-8.544851],[122.7732365,-8.5449695],[122.7732656,-8.5449951],[122.7735595,-8.5452577],[122.7735886,-8.545293],[122.7736306,-8.5453218],[122.7738179,-8.5455012],[122.7740537,-8.5457254],[122.7740957,-8.5457542],[122.7743218,-8.5459688],[122.7746436,-8.5462656],[122.7747417,-8.5463596],[122.7747804,-8.5463949],[122.7749171,-8.5465404],[122.7750227,-8.5466422],[122.7751301,-8.5467424],[122.7752876,-8.5469074],[122.7753102,-8.5469298],[122.7754588,-8.5470836],[122.775624,-8.5472449],[122.7757463,-8.5473623],[122.7759111,-8.5475321],[122.7759337,-8.5475609],[122.7762245,-8.5478429],[122.7762697,-8.5478877],[122.7762907,-8.5479149],[122.7764135,-8.5480495],[122.7766606,-8.5483203],[122.7766768,-8.5483491],[122.7766994,-8.5483683],[122.7768774,-8.5485638],[122.7769095,-8.548599],[122.7771954,-8.5489034],[122.7773068,-8.5490187],[122.7775394,-8.5492654],[122.7775621,-8.5492943],[122.7777139,-8.5494448],[122.7778045,-8.5495795],[122.7778238,-8.5496019],[122.7778336,-8.5496308],[122.7778691,-8.5496756],[122.7781292,-8.5499672],[122.7782892,-8.5501723],[122.7789458,-8.5509],[122.779278,-8.5512681],[122.7795105,-8.5514763],[122.7796441,-8.5515442],[122.7797365,-8.5516139],[122.7799236,-8.5516713],[122.7800592,-8.5517689],[122.7801054,-8.5518213],[122.7801665,-8.5518656],[122.7802024,-8.5518992],[122.7796801,-8.552487],[122.7796351,-8.5525513],[122.7795772,-8.5526188],[122.7794115,-8.5528104],[122.7793326,-8.5529017],[122.7790434,-8.5533708],[122.7789792,-8.5535442],[122.7789696,-8.553586],[122.7789152,-8.5538268],[122.7789153,-8.5538621],[122.7787998,-8.5541801],[122.7787902,-8.5542218],[122.7787134,-8.5545269],[122.7786397,-8.5547565],[122.7784308,-8.555134],[122.7784084,-8.5551919],[122.778373,-8.55524],[122.7781707,-8.5556737],[122.7781482,-8.5557411],[122.7777586,-8.5568538],[122.7773373,-8.5579448],[122.7772982,-8.5580889],[122.7772161,-8.5583172],[122.7771796,-8.5584358],[122.7763225,-8.5605043],[122.7762134,-8.5607597],[122.775577,-8.5618248],[122.775561,-8.5618762],[122.7753906,-8.5621943],[122.7751947,-8.5626055],[122.7751884,-8.5626408],[122.7751211,-8.5629009],[122.7751212,-8.5629458],[122.775044,-8.5630615],[122.7749059,-8.5633378],[122.7748915,-8.5633827],[122.7748257,-8.563553],[122.7747746,-8.563797],[122.7747746,-8.5638291],[122.7747106,-8.5640731],[122.7746462,-8.564115],[122.7745789,-8.5642996],[122.7744566,-8.5644716],[122.7744052,-8.5645648],[122.7742475,-8.5647159],[122.7740624,-8.5648671],[122.7739996,-8.564925],[122.7736744,-8.5651663],[122.7732364,-8.5654479],[122.7731334,-8.5655268],[122.7715677,-8.5662807],[122.7715386,-8.5662808],[122.7712969,-8.566339],[122.7711873,-8.5663392],[122.770849,-8.5664778],[122.7705366,-8.5666678],[122.7705141,-8.5666967],[122.7692158,-8.5673635],[122.7687164,-8.567573],[122.7686681,-8.5675924],[122.7685232,-8.5677178],[122.7683493,-8.567853],[122.7679984,-8.568136],[122.7679694,-8.568165],[122.7679405,-8.5681875],[122.7678923,-8.5682967],[122.7676897,-8.5686052],[122.7674282,-8.5692685],[122.7673368,-8.5695334],[122.7664466,-8.5711366],[122.7662151,-8.5715351],[122.7661991,-8.571564],[122.7661122,-8.5717021],[122.7660704,-8.57176],[122.7660544,-8.5717953],[122.7660351,-8.5718435],[122.7658099,-8.5721071],[122.7657874,-8.572136],[122.7655992,-8.5723626],[122.7655718,-8.5723964],[122.7654529,-8.5726277],[122.7652023,-8.5730743],[122.7651733,-8.5731193],[122.7650287,-8.5733699],[122.764958,-8.5735128],[122.7646947,-8.574099],[122.764473,-8.5745071],[122.7644569,-8.5745617],[122.7643415,-8.5749085],[122.764275,-8.5751518],[122.764233,-8.5755089],[122.7642688,-8.575711],[122.7642692,-8.5759229],[122.7642924,-8.5762566],[122.7643056,-8.5764203],[122.7643094,-8.5767284],[122.7643326,-8.577091],[122.7643332,-8.5774152],[122.7643596,-8.5777312],[122.7644185,-8.5781532],[122.7644186,-8.5782302],[122.7644708,-8.5785511],[122.7644711,-8.5787501],[122.7644586,-8.5789555],[122.7645012,-8.5792924],[122.7645024,-8.579944],[122.7645125,-8.5801365],[122.7645125,-8.5801815],[122.7645711,-8.5804927],[122.76463,-8.5809387],[122.7646307,-8.5813014],[122.7646568,-8.581489],[122.7647155,-8.5818051],[122.7651119,-8.5827888],[122.76507,-8.5828595],[122.7649893,-8.583076],[122.7648971,-8.5833234],[122.7648223,-8.5835029],[122.7645521,-8.5838773],[122.7642696,-8.5842055],[122.7641993,-8.5843118],[122.7638646,-8.5846868],[122.7635854,-8.5850569],[122.76344,-8.5853056],[122.7633069,-8.5855216],[122.7632279,-8.5856384],[122.7630812,-8.585796],[122.7629627,-8.5859009],[122.7627234,-8.5861255],[122.7622663,-8.586573],[122.7621526,-8.5866491],[122.7619382,-8.5866964],[122.7614831,-8.5867652],[122.7611744,-8.5870158],[122.7610419,-8.5872023],[122.7609874,-8.5873399],[122.7609304,-8.5874839],[122.7609348,-8.5878578],[122.760911,-8.5881372],[122.7608518,-8.5884801],[122.760676,-8.5888505],[122.7605588,-8.5889865],[122.7603354,-8.5891083],[122.7601705,-8.5890969],[122.7600325,-8.589111],[122.7598582,-8.5891356],[122.759675,-8.5891189],[122.7595818,-8.5891451],[122.759328,-8.5893269],[122.7591684,-8.5895558],[122.7589289,-8.5898992],[122.7587429,-8.5907766],[122.7587414,-8.5908025],[122.758822,-8.5910479],[122.7588815,-8.5912546],[122.7588573,-8.5914296],[122.7588235,-8.5916741],[122.7589355,-8.5918463],[122.7590907,-8.5919919],[122.7591668,-8.5920968],[122.7593256,-8.5923158],[122.7593292,-8.5925738],[122.7592977,-8.5926858],[122.7592127,-8.592781],[122.7591664,-8.5928371],[122.7590549,-8.5929722],[122.7590156,-8.5931413],[122.759029,-8.5936497],[122.7590855,-8.5940028],[122.7590441,-8.5949202],[122.7588085,-8.5954282],[122.7588375,-8.5955665],[122.7588356,-8.5959338],[122.7587348,-8.596107],[122.7584855,-8.5965374],[122.7585276,-8.596804],[122.7585969,-8.5970308],[122.7585801,-8.5972141],[122.7585054,-8.5973423],[122.7582757,-8.5976256],[122.7581932,-8.5978678],[122.758269,-8.5986138],[122.7584083,-8.5988525],[122.7584082,-8.5990953],[122.7583246,-8.599193],[122.7579686,-8.5994134],[122.757951,-8.5995521],[122.7579109,-8.6000623],[122.7578312,-8.6002864],[122.7577312,-8.6004279],[122.7574734,-8.6006496],[122.7571667,-8.600967],[122.7569262,-8.6013126],[122.7569361,-8.6014613],[122.7572547,-8.6021455],[122.7573206,-8.6022805],[122.7572496,-8.6026619],[122.7571586,-8.6027857],[122.7570081,-8.6028322],[122.7568545,-8.6028127],[122.7567336,-8.6028311],[122.7565918,-8.6030282],[122.7566062,-8.6032277],[122.7567478,-8.6034211],[122.7568966,-8.6036297],[122.7568615,-8.6037294],[122.7568529,-8.6038325],[122.7568915,-8.6043362],[122.7569824,-8.6045407],[122.7571709,-8.6049595],[122.7571004,-8.605329],[122.757054,-8.6053569],[122.7569436,-8.6054844],[122.7569277,-8.6056809],[122.756891,-8.6061175],[122.7578797,-8.6063813],[122.7581345,-8.6064697],[122.7585013,-8.6067013],[122.7586954,-8.6068183],[122.7589607,-8.6068958],[122.7591686,-8.6069004],[122.7597661,-8.6065816],[122.7605767,-8.6062726],[122.7608661,-8.6062201],[122.7609756,-8.6062099],[122.7613106,-8.6061786],[122.7634802,-8.6065492],[122.7642269,-8.6068117],[122.7647317,-8.6070415],[122.7650375,-8.6071693],[122.7654454,-8.6075225],[122.7657774,-8.6078022],[122.7659644,-8.607915],[122.7663252,-8.6080058],[122.7669531,-8.6079464],[122.7678989,-8.6078568],[122.7688832,-8.6078972],[122.769483,-8.6081046],[122.7699301,-8.6082694],[122.7703519,-8.6083724],[122.7707819,-8.6084676],[122.7715482,-8.6087207],[122.7718616,-8.6088823],[122.7721434,-8.6092551],[122.7723498,-8.6097496],[122.7724865,-8.6103095],[122.7725259,-8.6106146],[122.7725219,-8.6108094],[122.7724264,-8.6109703],[122.7723344,-8.6111107],[122.7720586,-8.6116406],[122.7719885,-8.6118842],[122.7720452,-8.6120123],[122.7722826,-8.6122046],[122.7726557,-8.6123509],[122.772862,-8.612343],[122.7729952,-8.6122892],[122.7731657,-8.6120986],[122.7734329,-8.6115146],[122.7735072,-8.6113684],[122.7737252,-8.6111948],[122.7738184,-8.6111486],[122.7739708,-8.6113318],[122.7740409,-8.6114573],[122.7747219,-8.6116317],[122.77505,-8.6114877],[122.7752464,-8.611391],[122.7755639,-8.6113488],[122.7759223,-8.6111139],[122.7761795,-8.6108977],[122.7763614,-8.6107378],[122.7764008,-8.610712],[122.776675,-8.6107368],[122.7769523,-8.6106933],[122.7771734,-8.6106017],[122.7773764,-8.6105409],[122.777627,-8.6104659],[122.777956,-8.6104606],[122.7783726,-8.6105458],[122.7785351,-8.6106383],[122.7787741,-8.61087],[122.7789665,-8.6112058],[122.7792595,-8.6117171],[122.7793498,-8.6120637],[122.7793586,-8.6122005],[122.7793508,-8.6123369],[122.7794029,-8.6124354],[122.7794856,-8.6124744],[122.7795381,-8.6123197],[122.7795457,-8.6122522],[122.7796129,-8.6122017],[122.7798117,-8.6124222],[122.7798473,-8.612531],[122.779862,-8.61266],[122.7799118,-8.6127377],[122.7799865,-8.6127436],[122.780128,-8.6126161],[122.7801841,-8.6125082],[122.7802802,-8.6120721],[122.7803776,-8.6118737],[122.7804679,-8.6116991],[122.7805262,-8.6115703],[122.7806095,-8.6114017],[122.7804801,-8.6111247],[122.7804335,-8.6110262],[122.7808312,-8.6104923],[122.780909,-8.6103682],[122.7810019,-8.6097767],[122.7811384,-8.6093654],[122.7812263,-8.6092226],[122.7813198,-8.6090706],[122.7816896,-8.6086472],[122.7818268,-8.6085154],[122.7822992,-8.6082917],[122.7825051,-8.6081216],[122.7828231,-8.6077211],[122.7829768,-8.6074944],[122.7833016,-8.6071188],[122.7838419,-8.6067489],[122.7841068,-8.6065885],[122.7849384,-8.6060316],[122.785306,-8.6058928],[122.7864966,-8.6053321],[122.7869015,-8.6051663],[122.7872003,-8.6050946],[122.7872532,-8.605082],[122.7882822,-8.6052601],[122.7885749,-8.605257],[122.7887626,-8.605255],[122.7888387,-8.6052542],[122.7889923,-8.6052112],[122.7891197,-8.6051755],[122.7893248,-8.6050547],[122.7894361,-8.604973],[122.7894667,-8.6049505],[122.7895968,-8.6048312],[122.790026,-8.6044377],[122.7904729,-8.6042602],[122.790672,-8.6041811],[122.7909843,-8.6040791],[122.7916575,-8.6038593],[122.7917641,-8.603803],[122.7918907,-8.6037361],[122.7920832,-8.6035116],[122.7922115,-8.6032763],[122.7923063,-8.6031061],[122.7923753,-8.6029821],[122.7929568,-8.6023481],[122.7934581,-8.6019526],[122.7935782,-8.6018963],[122.7937981,-8.6017932],[122.7940368,-8.6017267],[122.7943129,-8.6016497],[122.7946346,-8.6014895],[122.7949235,-8.6013791],[122.7951024,-8.6013108],[122.7953163,-8.6012474],[122.7958509,-8.6011111],[122.7961177,-8.6010986],[122.7962892,-8.6010906],[122.7963385,-8.6010938],[122.7965611,-8.6011082],[122.7965622,-8.6011086],[122.7965747,-8.6011131],[122.7969818,-8.60126],[122.7972795,-8.6014138],[122.7972802,-8.6014141],[122.7973558,-8.6014317],[122.7976006,-8.6014886],[122.7980285,-8.6016189],[122.7981949,-8.6016592],[122.7984387,-8.6017182],[122.798593,-8.6017993],[122.798976,-8.6020007],[122.7991837,-8.6021047],[122.7992241,-8.602125],[122.7993156,-8.602156],[122.7993612,-8.6021715],[122.7993613,-8.6021716],[122.7994747,-8.6022374],[122.80005,-8.6025711],[122.8004577,-8.6026631],[122.800961,-8.6027766],[122.801127,-8.6027819],[122.801307,-8.6027878],[122.8014576,-8.6027676],[122.8014815,-8.602763],[122.8014887,-8.6027616],[122.8016892,-8.6027445],[122.8017801,-8.6027033],[122.8020217,-8.6025937],[122.8031204,-8.6015952],[122.8035334,-8.6012811],[122.8037185,-8.6011196],[122.8037875,-8.6010594],[122.803811,-8.6010292],[122.8039068,-8.6009061],[122.8039382,-8.6007905],[122.8039817,-8.6006303],[122.8040255,-8.6004124],[122.804087,-8.6002662],[122.8044823,-8.5994783],[122.8046159,-8.5992178],[122.8048878,-8.5988864],[122.8050719,-8.5987395],[122.8052153,-8.5986748],[122.8055408,-8.5984875],[122.8057728,-8.598413],[122.8061628,-8.598361],[122.8065029,-8.5983681],[122.8069713,-8.5984339],[122.8073163,-8.5984479],[122.8079218,-8.5983415],[122.8081592,-8.5982697],[122.8086263,-8.5979682],[122.8091552,-8.5975253],[122.8093415,-8.5973832],[122.8098527,-8.5971902],[122.8098755,-8.5969845],[122.8098541,-8.5967708],[122.8099077,-8.5965218],[122.81006,-8.5963758],[122.8102388,-8.5962839],[122.8105603,-8.596191],[122.8108952,-8.5961417],[122.8113778,-8.5961042],[122.8116812,-8.5960915],[122.8120659,-8.5961626],[122.8124598,-8.5964576],[122.8125371,-8.5965561],[122.8125727,-8.5967765],[122.812617,-8.5968796],[122.812684,-8.5969154],[122.8130734,-8.5968445],[122.8133296,-8.5968082],[122.813441,-8.5967648],[122.813793,-8.5967506],[122.8143454,-8.5968004],[122.8144654,-8.5968543],[122.8146656,-8.5971739],[122.8147315,-8.597288],[122.8148032,-8.597327],[122.8149126,-8.5972456],[122.8153195,-8.5969037],[122.8155293,-8.5968231],[122.8156079,-8.5968422],[122.815731,-8.5968723],[122.8160673,-8.5971697],[122.8163429,-8.5974607],[122.8166116,-8.5976144],[122.8168415,-8.5976738],[122.8169327,-8.5976633],[122.8169932,-8.5975688],[122.8173358,-8.5970332],[122.8174147,-8.5969416],[122.8174366,-8.5969162],[122.8176359,-8.5967365],[122.8178767,-8.5964286],[122.8180002,-8.5962707],[122.8180362,-8.5962391],[122.8181322,-8.5961547],[122.818152,-8.5961491],[122.8183567,-8.5960906],[122.818415,-8.5960769],[122.8185608,-8.5960427],[122.8187428,-8.5959702],[122.8187436,-8.5959699],[122.8188102,-8.595973],[122.8188299,-8.595974],[122.8191434,-8.5963569],[122.8192583,-8.5965124],[122.8192662,-8.5965156],[122.8193381,-8.5965447],[122.8193394,-8.5965452],[122.819395,-8.5965312],[122.8194094,-8.5965275],[122.8196254,-8.5962639],[122.8196402,-8.5962375],[122.8197585,-8.5960248],[122.8198726,-8.5956535],[122.8199707,-8.5954937],[122.8200542,-8.5954052],[122.8200783,-8.5953809],[122.8201502,-8.5953083],[122.8201517,-8.5953089],[122.8202404,-8.5953463],[122.8203758,-8.5954033],[122.8205045,-8.5954403],[122.8205051,-8.5954405],[122.8206055,-8.5953994],[122.8206938,-8.595301],[122.8206938,-8.5953009],[122.8206975,-8.5952706],[122.8207097,-8.5951695],[122.8206936,-8.5951272],[122.820585,-8.5948433],[122.8205626,-8.5947891],[122.8207538,-8.5947157],[122.8210473,-8.5947596],[122.8211787,-8.5947725],[122.8211995,-8.5947745],[122.8212459,-8.5947517],[122.8213088,-8.5947207],[122.8216224,-8.5942933],[122.8217132,-8.5940756],[122.8217671,-8.5939202],[122.8218101,-8.5938601],[122.8218646,-8.5937839],[122.8220705,-8.5936282],[122.8226343,-8.5935816],[122.8227855,-8.5935543],[122.8229129,-8.5934128],[122.8230886,-8.5932175],[122.823295,-8.5930915],[122.8234447,-8.5930686],[122.8236264,-8.5930407],[122.8236268,-8.5930406],[122.8237539,-8.5930508],[122.8238512,-8.5930585],[122.8238513,-8.5930585],[122.8241567,-8.5928784],[122.8243697,-8.5928184],[122.8243707,-8.5928184],[122.8246202,-8.5928198],[122.8249652,-8.5928218],[122.8251735,-8.5926848],[122.825319,-8.5925891],[122.8253531,-8.5925648],[122.825422,-8.5925158],[122.8254239,-8.5925162],[122.8258333,-8.592595],[122.825836,-8.5925951],[122.8259497,-8.5925977],[122.826007,-8.5925592],[122.8261055,-8.592493],[122.8262256,-8.5922874],[122.8262381,-8.5922416],[122.826307,-8.5919899],[122.8263389,-8.5918897],[122.8264596,-8.591791],[122.8264805,-8.5917923],[122.8269732,-8.591822],[122.8270689,-8.5918153],[122.827069,-8.5918152],[122.8273588,-8.5914597],[122.8274836,-8.5912176],[122.8275741,-8.5911233],[122.8281921,-8.5910741],[122.8283603,-8.5910408],[122.828606,-8.5909922],[122.8286726,-8.5909556],[122.8288393,-8.5908637],[122.8290206,-8.5906432],[122.8290716,-8.5905811],[122.8291438,-8.5905149],[122.8293291,-8.5903449],[122.8308769,-8.589799],[122.8311159,-8.5897034],[122.8311166,-8.5897031],[122.8318103,-8.5890901],[122.8321621,-8.5887121],[122.8323321,-8.5884666],[122.8324232,-8.587767],[122.8324216,-8.5875818],[122.8324086,-8.5874224],[122.8323795,-8.587066],[122.8320587,-8.5866697],[122.831883,-8.5863975],[122.8318218,-8.586237],[122.8318371,-8.5860799],[122.8318514,-8.5859335],[122.831875,-8.5857343],[122.8318849,-8.5856506],[122.8318376,-8.5853041],[122.8316692,-8.5850069],[122.8315076,-8.5847591],[122.8313255,-8.5844799],[122.8312791,-8.5843776],[122.8315141,-8.5838851],[122.8315743,-8.5838168],[122.8316998,-8.5836745],[122.8317656,-8.5836176],[122.8318443,-8.5835496],[122.8320941,-8.5834884],[122.8323715,-8.5834204],[122.8324454,-8.5833879],[122.8324843,-8.5833707],[122.8325558,-8.5832624],[122.8325799,-8.5832259],[122.8325647,-8.5829504],[122.8327091,-8.5826477],[122.8329141,-8.5823998],[122.8330235,-8.582303],[122.8332016,-8.5821455],[122.8336698,-8.5819135],[122.8337249,-8.5818862],[122.8339062,-8.5817712],[122.8340418,-8.5815955],[122.8341367,-8.5814312],[122.8342343,-8.5812683],[122.8341945,-8.5811506],[122.8341396,-8.5809878],[122.8341281,-8.5808125],[122.8341199,-8.5806869],[122.8342662,-8.5802039],[122.8347002,-8.579514],[122.8348144,-8.5793917],[122.8350548,-8.5791345],[122.8353271,-8.578929],[122.8354328,-8.5788492],[122.8356213,-8.5787546],[122.8359736,-8.5786245],[122.8360144,-8.5786094],[122.8360571,-8.5785848],[122.8362412,-8.5784786],[122.8364451,-8.5783054],[122.836653,-8.577966],[122.836684,-8.5778768],[122.8367414,-8.5777113],[122.8367489,-8.5775828],[122.8367525,-8.577521],[122.8366465,-8.5773265],[122.8366092,-8.577258],[122.8365863,-8.5771646],[122.8365549,-8.5770364],[122.8365671,-8.5769381],[122.8365952,-8.5767139],[122.8367642,-8.5764034],[122.8373267,-8.5759221],[122.8377639,-8.5756413],[122.8379348,-8.5755316],[122.8379965,-8.575492],[122.8382704,-8.5752398],[122.8383764,-8.5751267],[122.8385341,-8.5749582],[122.8386252,-8.5748609],[122.8386672,-8.574816],[122.8391475,-8.574351],[122.8394059,-8.574057],[122.8394861,-8.5739657],[122.8397303,-8.5736229],[122.8401123,-8.5732282],[122.8404704,-8.572885],[122.8409851,-8.5723919],[122.8411589,-8.572272],[122.8412952,-8.572178],[122.8414643,-8.5720817],[122.8416777,-8.5718778],[122.8417353,-8.5718228],[122.8419247,-8.5714602],[122.8419618,-8.5713139],[122.8419108,-8.5710585],[122.8418968,-8.5709886],[122.8417448,-8.5708396],[122.8416975,-8.5707932],[122.8416907,-8.5707868],[122.8415942,-8.5706956],[122.841662,-8.5704264],[122.8416546,-8.5703737],[122.8416505,-8.5703447],[122.8416138,-8.5703261],[122.8414954,-8.5702662],[122.8413644,-8.5702131],[122.841236,-8.5700737],[122.8412001,-8.5696196],[122.8411935,-8.5695355],[122.8412847,-8.5693367],[122.8414456,-8.568978],[122.84183,-8.5681207],[122.8419212,-8.5678586],[122.8420302,-8.5675452],[122.8421472,-8.5667375],[122.8423148,-8.5663102],[122.84245,-8.5660286],[122.8425671,-8.5656084],[122.8426381,-8.5653539]]]]}},
{"type":"Feature","properties":{"OBJECTID":80425.0,"NAMOBJ":"Bayuntaa","KDCBPS":"530613","WADMKC":"Ile Boleng","WADMKK":"Flores Timur","WADMPR":"Nusa Tenggara Timur","Penduduk":18727,"luas_km2":47.568},"geometry":{"type":"MultiPolygon","coordinates":[[[[123.2404992,-8.3944718],[123.2406135,-8.3941054],[123.2407404,-8.3938027],[123.2410227,-8.3931298],[123.2411732,-8.3931141],[123.2412999,-8.3931008],[123.241432,-8.393087],[123.2416366,-8.3931489],[123.2417889,-8.393206],[123.241995,-8.3933526],[123.241995,-8.3933527],[123.241996,-8.3933528],[123.2420259,-8.3933557],[123.2422249,-8.3933454],[123.2426506,-8.3933232],[123.2427551,-8.3933776],[123.2429996,-8.3935629],[123.2431901,-8.3936596],[123.2433514,-8.3937049],[123.2440491,-8.3938613],[123.2442454,-8.3939058],[123.2445772,-8.393981],[123.2452444,-8.3942507],[123.2457481,-8.394445],[123.2459837,-8.394532],[123.2461174,-8.3945814],[123.2463425,-8.3946573],[123.2467246,-8.394773],[123.246732,-8.3947729],[123.2467394,-8.3947728],[123.2470298,-8.3948173],[123.2472872,-8.3948567],[123.2473412,-8.3948536],[123.2482683,-8.3948894],[123.2495069,-8.3950071],[123.2499999,-8.3951239],[123.25,-8.3951239],[123.250344,-8.3952054],[123.2515911,-8.3955006],[123.2520562,-8.3955727],[123.2525504,-8.3955633],[123.2540273,-8.3954612],[123.2540273,-8.3954612],[123.2553779,-8.395484],[123.2556347,-8.3954883],[123.2564415,-8.3955029],[123.2582078,-8.3956186],[123.2599453,-8.3957883],[123.2605515,-8.3957583],[123.261077,-8.3955726],[123.2614883,-8.3953624],[123.2625377,-8.39496],[123.264319,-8.3945179],[123.2656229,-8.3940666],[123.2664819,-8.3939388],[123.2668077,-8.3938791],[123.2674278,-8.3937655],[123.2678379,-8.3937199],[123.2678821,-8.393715],[123.2678823,-8.393715],[123.2680746,-8.3937169],[123.2681584,-8.3937177],[123.2681601,-8.3937177],[123.2684572,-8.3936855],[123.2688884,-8.393701],[123.2689327,-8.3937026],[123.2689327,-8.3937026],[123.2693927,-8.3937779],[123.2695146,-8.3937979],[123.2703691,-8.3939379],[123.2703698,-8.3939379],[123.2707435,-8.3939664],[123.2707439,-8.3939666],[123.2708478,-8.3940249],[123.2708972,-8.3940526],[123.2709569,-8.3940835],[123.2712315,-8.3942259],[123.2712322,-8.3942259],[123.271519,-8.3942308],[123.2718683,-8.3943221],[123.2718977,-8.3943597],[123.2719245,-8.3943941],[123.2719098,-8.3946001],[123.2719706,-8.3946509],[123.2720719,-8.3946516],[123.2721891,-8.3945699],[123.2723076,-8.394533],[123.272308,-8.3945333],[123.2723885,-8.3945934],[123.2725584,-8.3948316],[123.2726149,-8.3949109],[123.2727855,-8.3949453],[123.2729805,-8.3949846],[123.2737735,-8.3950931],[123.2743512,-8.395172],[123.2746353,-8.3952109],[123.2746365,-8.395211],[123.2753293,-8.3953741],[123.2761946,-8.3953999],[123.2767355,-8.395269],[123.2768327,-8.3952269],[123.2770146,-8.3951481],[123.2776194,-8.3947858],[123.2779103,-8.3944244],[123.2786354,-8.3933081],[123.2786785,-8.3932418],[123.2790102,-8.3929441],[123.2792466,-8.392791],[123.2795455,-8.3925556],[123.2796709,-8.3924959],[123.2798701,-8.3924754],[123.2799413,-8.3923708],[123.280018,-8.392153],[123.2800492,-8.3920477],[123.2801327,-8.3919509],[123.2801567,-8.3919369],[123.2803861,-8.3918035],[123.2806401,-8.3917421],[123.2810944,-8.3917489],[123.2811103,-8.3917487],[123.2815363,-8.3917429],[123.2822554,-8.3917624],[123.2830476,-8.3919862],[123.2834856,-8.3921546],[123.2836138,-8.3922736],[123.2836091,-8.3923745],[123.2835292,-8.3924666],[123.2833549,-8.3925458],[123.2831918,-8.3926773],[123.283288,-8.3927685],[123.2834188,-8.3928046],[123.2836655,-8.3927807],[123.2838191,-8.3927388],[123.2839726,-8.3926969],[123.2841274,-8.392512],[123.284163,-8.3923475],[123.2841227,-8.3922004],[123.284083,-8.3920004],[123.2840903,-8.391762],[123.2840501,-8.3914704],[123.2841557,-8.3913237],[123.2842938,-8.3912558],[123.2845119,-8.3912434],[123.2850496,-8.3913187],[123.2852319,-8.3914484],[123.2853147,-8.391575],[123.2854351,-8.3918445],[123.2856626,-8.3919883],[123.2860224,-8.3922158],[123.2863075,-8.3922203],[123.2864707,-8.3920859],[123.2864707,-8.3920858],[123.2864028,-8.391897],[123.2863985,-8.3918849],[123.2862827,-8.3915774],[123.2862623,-8.3913622],[123.2863376,-8.3912387],[123.2866966,-8.3908802],[123.2868782,-8.3907976],[123.2871097,-8.3907684],[123.287389,-8.3908074],[123.2881844,-8.3909484],[123.2884017,-8.3909523],[123.2891055,-8.3909649],[123.2892223,-8.3908442],[123.2893917,-8.3906986],[123.2895861,-8.3905385],[123.2897405,-8.3903136],[123.2899583,-8.3899187],[123.2899621,-8.389915],[123.2903184,-8.3895654],[123.2906074,-8.3893698],[123.2907685,-8.3893368],[123.2909715,-8.3893882],[123.2915687,-8.3895709],[123.2918175,-8.3895231],[123.292025,-8.3894078],[123.2921016,-8.3892526],[123.2921034,-8.3891016],[123.2921048,-8.3888766],[123.2922139,-8.3886842],[123.2923522,-8.3885228],[123.2924989,-8.3884419],[123.293179,-8.3882639],[123.293195,-8.3882597],[123.2939507,-8.3882135],[123.2941055,-8.3881918],[123.2946084,-8.3881749],[123.2946741,-8.3881014],[123.2946716,-8.3879466],[123.2946918,-8.3876403],[123.2947876,-8.3872576],[123.2949236,-8.3870804],[123.2950432,-8.3869482],[123.2950551,-8.3868577],[123.2949865,-8.3867341],[123.2948455,-8.3866401],[123.2946006,-8.3864461],[123.2945398,-8.3863066],[123.2945784,-8.3861362],[123.2947966,-8.3858323],[123.2950037,-8.385821],[123.2951907,-8.3857842],[123.2952478,-8.3857025],[123.2952562,-8.3855241],[123.295283,-8.3852191],[123.2954434,-8.3850924],[123.2957643,-8.3848702],[123.2959585,-8.3846806],[123.2960303,-8.384656],[123.2961238,-8.384624],[123.296223,-8.384771],[123.2963174,-8.3848137],[123.2965386,-8.3847143],[123.2967233,-8.3845599],[123.2969659,-8.3847444],[123.2970193,-8.3846909],[123.2971763,-8.3845376],[123.2972987,-8.3843783],[123.2972883,-8.3842654],[123.297201,-8.3840563],[123.2972761,-8.3840274],[123.297437,-8.3839569],[123.2974175,-8.3838949],[123.2973028,-8.3838492],[123.2969981,-8.383754],[123.2969792,-8.3837368],[123.296905,-8.3836475],[123.2967639,-8.3832131],[123.2967398,-8.3830574],[123.2967706,-8.3829327],[123.2969018,-8.3828191],[123.2971712,-8.3828175],[123.2972765,-8.3828198],[123.2974944,-8.3826276],[123.2975128,-8.3824512],[123.2975137,-8.3824433],[123.297646,-8.3822773],[123.2977103,-8.3821828],[123.2976431,-8.3819817],[123.2976424,-8.3819771],[123.2976225,-8.3818419],[123.2976802,-8.3817333],[123.2978015,-8.3816231],[123.2978461,-8.3814454],[123.2978093,-8.3813182],[123.297809,-8.3813172],[123.297809,-8.3813172],[123.2977561,-8.3812247],[123.2977792,-8.3811265],[123.2978263,-8.3811073],[123.2978733,-8.3810881],[123.2980017,-8.3810768],[123.2981123,-8.3810029],[123.2981768,-8.3808559],[123.2981562,-8.3807459],[123.2979722,-8.380673],[123.297857,-8.3806279],[123.2978043,-8.3805504],[123.2979753,-8.3804335],[123.2980387,-8.3803937],[123.2980715,-8.3803732],[123.2981044,-8.380272],[123.2980288,-8.3801427],[123.2978225,-8.379813],[123.2977947,-8.3797685],[123.2977804,-8.3795477],[123.2977722,-8.3794215],[123.297628,-8.3792216],[123.2976071,-8.3791391],[123.2975801,-8.3789496],[123.2975776,-8.378932],[123.2973835,-8.3786523],[123.2973348,-8.3786107],[123.2973203,-8.378256],[123.2973137,-8.3780958],[123.2973074,-8.3779045],[123.2972483,-8.3777519],[123.2970525,-8.3771843],[123.2970083,-8.3766893],[123.2970495,-8.3762515],[123.2971761,-8.375959],[123.2972433,-8.3758143],[123.297236,-8.3757149],[123.2972064,-8.3754443],[123.2973298,-8.3751559],[123.2973945,-8.3750047],[123.2973963,-8.3750003],[123.2973964,-8.3750001],[123.2973965,-8.375],[123.2975269,-8.3746949],[123.2981142,-8.373866],[123.2981594,-8.373826],[123.2984013,-8.3736122],[123.2985807,-8.3734875],[123.2986934,-8.3733123],[123.2990996,-8.3727335],[123.3005271,-8.3713139],[123.3008103,-8.3709943],[123.3011197,-8.3706017],[123.3015364,-8.3700733],[123.3017632,-8.3697856],[123.3022076,-8.3692218],[123.3026647,-8.368188],[123.302796,-8.3677589],[123.3028552,-8.3675706],[123.3028866,-8.3674709],[123.3030367,-8.3672003],[123.303351,-8.3668593],[123.3034181,-8.3667865],[123.3035391,-8.3666474],[123.3037412,-8.3664149],[123.3037567,-8.3663971],[123.3038065,-8.3663468],[123.3044482,-8.3656982],[123.3047821,-8.3653609],[123.3057792,-8.3641061],[123.3062521,-8.3634895],[123.3063116,-8.3633874],[123.3064558,-8.3631397],[123.3065315,-8.3629936],[123.306601,-8.3628595],[123.3066342,-8.3627954],[123.3067497,-8.3625689],[123.3068171,-8.3624368],[123.3071405,-8.3618026],[123.3072329,-8.3615721],[123.307315,-8.3613674],[123.3074123,-8.3611139],[123.3074628,-8.3609824],[123.3074835,-8.3609286],[123.3075292,-8.3608094],[123.3076667,-8.3604826],[123.3076786,-8.3604233],[123.3076897,-8.3603671],[123.3075535,-8.3602906],[123.3074406,-8.3602302],[123.3074272,-8.3601527],[123.3073912,-8.3599435],[123.3074295,-8.3590497],[123.3074464,-8.3586552],[123.3074489,-8.3585975],[123.3074521,-8.3585234],[123.3074755,-8.3579771],[123.3074884,-8.3576764],[123.3074502,-8.3572716],[123.3073457,-8.3561627],[123.3073369,-8.3557485],[123.3073338,-8.3556031],[123.3072937,-8.3548725],[123.3072476,-8.3541087],[123.3072362,-8.3537451],[123.3072299,-8.3535453],[123.3072817,-8.3532117],[123.3073772,-8.3525963],[123.3073848,-8.3525473],[123.3073912,-8.3525059],[123.3076799,-8.3513017],[123.3077335,-8.3509346],[123.3076581,-8.3505831],[123.3073432,-8.3495809],[123.3073084,-8.3494303],[123.3072746,-8.3492837],[123.3072136,-8.3490163],[123.3071993,-8.3489534],[123.3071448,-8.3487144],[123.3071387,-8.3486873],[123.3071384,-8.3486866],[123.3069379,-8.3481408],[123.3065745,-8.346926],[123.3064525,-8.3464406],[123.3064186,-8.3461157],[123.3065354,-8.3452515],[123.3065743,-8.3446796],[123.3064601,-8.3440408],[123.3063057,-8.3434128],[123.3063057,-8.3434128],[123.3062192,-8.3431748],[123.3061423,-8.3430573],[123.3061141,-8.3430144],[123.3060674,-8.3429748],[123.3060595,-8.3429682],[123.3060574,-8.3429664],[123.3060598,-8.3429663],[123.3060623,-8.3429662],[123.3060603,-8.3429617],[123.3060501,-8.3429376],[123.3060491,-8.3429354],[123.305866,-8.3425067],[123.3058548,-8.3424679],[123.305601,-8.3415902],[123.3053815,-8.3406104],[123.3050997,-8.3396746],[123.3048185,-8.3387411],[123.3045889,-8.3377724],[123.3042634,-8.3360191],[123.3042056,-8.3354302],[123.3041929,-8.3346683],[123.3042619,-8.3339271],[123.3043182,-8.3327246],[123.3042869,-8.3322446],[123.3039328,-8.3308066],[123.3039328,-8.3308066],[123.3037715,-8.3302434],[123.3036424,-8.3298273],[123.3035574,-8.3292557],[123.3035574,-8.3292556],[123.3035377,-8.3286245],[123.3033082,-8.3275709],[123.3032735,-8.3272608],[123.3034163,-8.326388],[123.3030268,-8.3262864],[123.3028733,-8.3262834],[123.3025817,-8.3262778],[123.3023764,-8.3263678],[123.302365,-8.3263729],[123.3020892,-8.3265557],[123.3020086,-8.326555],[123.3020076,-8.326555],[123.3019111,-8.3265543],[123.3012728,-8.326603],[123.301075,-8.3267329],[123.3008931,-8.3268961],[123.3008009,-8.3269788],[123.300502,-8.3271131],[123.3003914,-8.3270884],[123.3003012,-8.3269869],[123.300265,-8.3268961],[123.3002095,-8.3267571],[123.300105,-8.3266663],[123.3000069,-8.3266783],[123.2999118,-8.3267626],[123.2997868,-8.3268188],[123.2997415,-8.3267853],[123.2995511,-8.3269682],[123.2993279,-8.3275778],[123.2989965,-8.3279785],[123.2988013,-8.3281169],[123.2986164,-8.328298],[123.298507,-8.3284737],[123.2984679,-8.3285364],[123.2983547,-8.3286723],[123.2982228,-8.3288174],[123.2981768,-8.328868],[123.2980871,-8.3289839],[123.2979605,-8.329161],[123.2978705,-8.3293639],[123.2977145,-8.3294881],[123.2976178,-8.3295928],[123.2975342,-8.329805],[123.2974769,-8.3299843],[123.2974609,-8.3300344],[123.2972903,-8.3305679],[123.2970891,-8.3309333],[123.2969149,-8.3311016],[123.2966769,-8.3312414],[123.2963921,-8.3312775],[123.296088,-8.3312451],[123.2960608,-8.3312422],[123.2960359,-8.3312396],[123.295948,-8.3312381],[123.2957068,-8.3312341],[123.2956652,-8.3312334],[123.2950819,-8.3312559],[123.2945654,-8.3312719],[123.2936654,-8.3312681],[123.2933169,-8.3311639],[123.2931889,-8.3310687],[123.2928287,-8.3307794],[123.2925517,-8.3306931],[123.2923396,-8.3307266],[123.2921471,-8.3307601],[123.2915919,-8.3308657],[123.2915804,-8.3308679],[123.2913293,-8.3310371],[123.2910492,-8.3311691],[123.2908942,-8.3311789],[123.290738,-8.3311628],[123.2904653,-8.3311347],[123.2904027,-8.3311282],[123.2899481,-8.3310844],[123.2899008,-8.3311043],[123.2893323,-8.3314143],[123.2887835,-8.3316235],[123.2887795,-8.3316247],[123.2886891,-8.331652],[123.288399,-8.3317083],[123.288117,-8.3316934],[123.2878898,-8.3316369],[123.2877127,-8.3316387],[123.2872686,-8.3316639],[123.2868352,-8.3316683],[123.2864385,-8.3317306],[123.2860699,-8.3318026],[123.28556,-8.331867],[123.2854569,-8.3318837],[123.2854396,-8.3318865],[123.2849935,-8.3319587],[123.284767,-8.3320619],[123.2847427,-8.3320731],[123.2844957,-8.3322178],[123.284422,-8.332261],[123.2842272,-8.3323507],[123.2839874,-8.3325137],[123.2836696,-8.3327652],[123.2835221,-8.3329051],[123.2835076,-8.3329189],[123.2833554,-8.3330511],[123.2832695,-8.3329921],[123.2831269,-8.3328941],[123.2829754,-8.3329406],[123.2826863,-8.3331439],[123.2824811,-8.3332393],[123.28232,-8.3332814],[123.2819654,-8.3332107],[123.2819589,-8.3332086],[123.2814941,-8.3333311],[123.2813634,-8.3333655],[123.2806637,-8.3336072],[123.2806547,-8.3336197],[123.2804784,-8.3336873],[123.2801721,-8.3337958],[123.2796797,-8.3340408],[123.2796587,-8.334056],[123.2795714,-8.3341188],[123.2795595,-8.3341209],[123.2794245,-8.3341455],[123.279342,-8.3341666],[123.2792075,-8.3342173],[123.2791354,-8.334291],[123.2790951,-8.3343322],[123.2790575,-8.3343706],[123.2790229,-8.3344456],[123.2789921,-8.3345126],[123.2789639,-8.33466],[123.2789371,-8.3347288],[123.2789011,-8.3348213],[123.2787679,-8.334976],[123.2787308,-8.3350014],[123.2784566,-8.3350863],[123.2781771,-8.3351443],[123.2778573,-8.3352529],[123.2777923,-8.3352755],[123.2774771,-8.3353905],[123.2771449,-8.3355078],[123.2771147,-8.33552],[123.2769581,-8.3355457],[123.2768862,-8.3355575],[123.2767481,-8.3355594],[123.2765868,-8.3355828],[123.2763774,-8.3356631],[123.2762407,-8.3357401],[123.2759126,-8.3358938],[123.2758769,-8.3359133],[123.2757957,-8.3359578],[123.2755392,-8.3360969],[123.2753821,-8.3362144],[123.2753557,-8.3362278],[123.2751468,-8.3363334],[123.2751061,-8.3363458],[123.2742412,-8.336832],[123.2737653,-8.3369271],[123.2723876,-8.3373125],[123.2723301,-8.3373766],[123.2722979,-8.3374202],[123.2721856,-8.3375949],[123.2720676,-8.3377204],[123.2720134,-8.3377781],[123.2719333,-8.3378571],[123.2718511,-8.3379027],[123.2716881,-8.3380011],[123.2716435,-8.3380795],[123.2716059,-8.3381351],[123.271555,-8.3382101],[123.2714834,-8.3383159],[123.2714751,-8.3383188],[123.2714691,-8.3383354],[123.271451,-8.3383706],[123.2714444,-8.3383834],[123.2713139,-8.338587],[123.2713036,-8.3385889],[123.2711866,-8.3386301],[123.2709711,-8.3387201],[123.2708525,-8.3387477],[123.2706801,-8.3387976],[123.2706276,-8.3387996],[123.2705018,-8.3388473],[123.270478,-8.338858],[123.2702559,-8.338958],[123.2702178,-8.3389703],[123.2701422,-8.3390087],[123.2700944,-8.3390391],[123.2698219,-8.3392216],[123.2697302,-8.3392993],[123.2696393,-8.3393766],[123.2695246,-8.3394792],[123.2694979,-8.3395046],[123.2693344,-8.3396276],[123.2692804,-8.3396587],[123.2690223,-8.3398073],[123.2688453,-8.339883],[123.2687424,-8.339923],[123.2686762,-8.3399565],[123.2686499,-8.3399698],[123.2686125,-8.3400258],[123.2685629,-8.3401],[123.2683368,-8.3403705],[123.2682426,-8.34043],[123.2682385,-8.3404327],[123.2682383,-8.3404328],[123.268157,-8.3404877],[123.2681239,-8.3405566],[123.2681201,-8.3405644],[123.268064,-8.3406732],[123.2679767,-8.3407836],[123.2678484,-8.3408859],[123.2678044,-8.3409245],[123.2676854,-8.3410191],[123.2676047,-8.3410776],[123.2675748,-8.3410992],[123.2674465,-8.3412167],[123.2674323,-8.3412348],[123.2673401,-8.3413516],[123.267261,-8.3414288],[123.2672357,-8.3414444],[123.2671574,-8.3415052],[123.267062,-8.3416185],[123.2670594,-8.3416218],[123.2669714,-8.341703],[123.2669291,-8.3417218],[123.2669141,-8.3417298],[123.2668834,-8.3417352],[123.2661559,-8.3418626],[123.2653433,-8.3419181],[123.2652806,-8.341923],[123.2643099,-8.3419974],[123.2634737,-8.3421944],[123.2631313,-8.3422609],[123.2629058,-8.3423048],[123.2623633,-8.3424606],[123.26233,-8.3424702],[123.2620583,-8.3424934],[123.2614354,-8.3425466],[123.2613562,-8.3425688],[123.2606429,-8.342769],[123.2602394,-8.3428545],[123.2598256,-8.3429421],[123.2595013,-8.3430125],[123.259256,-8.3430658],[123.2586615,-8.3431155],[123.2582361,-8.3431492],[123.2577203,-8.3431901],[123.2573735,-8.3431903],[123.2571927,-8.3432004],[123.2558539,-8.343275],[123.2534573,-8.34335],[123.2527867,-8.343371],[123.2527265,-8.343456],[123.25,-8.3473027],[123.2499999,-8.3473028],[123.2485876,-8.3485811],[123.246558,-8.3504182],[123.2463554,-8.350663],[123.2453261,-8.3517471],[123.2451976,-8.3518824],[123.2446844,-8.3524628],[123.2443297,-8.3529316],[123.2439955,-8.3532181],[123.2436244,-8.3535184],[123.2435996,-8.3535192],[123.2432939,-8.353849],[123.2423965,-8.3548174],[123.2422488,-8.3550059],[123.2419632,-8.3553701],[123.2416743,-8.3557365],[123.2406542,-8.3566467],[123.2401723,-8.3569819],[123.2398755,-8.3572797],[123.2397635,-8.3574479],[123.2395643,-8.357747],[123.2392947,-8.3584009],[123.2390329,-8.3588603],[123.2389246,-8.3592584],[123.2386361,-8.3596435],[123.2382636,-8.3601442],[123.2380564,-8.360295],[123.2371846,-8.3611816],[123.23599,-8.3618032],[123.2352929,-8.3622144],[123.2349266,-8.3624581],[123.2345244,-8.3627594],[123.2342593,-8.3630812],[123.2332347,-8.3645801],[123.2326962,-8.3654024],[123.232451,-8.3657768],[123.2318103,-8.3667309],[123.2310077,-8.3679157],[123.2303392,-8.3690022],[123.2299815,-8.3693925],[123.2298896,-8.3695047],[123.2294139,-8.3702134],[123.2285226,-8.3717479],[123.2284367,-8.371906],[123.2284364,-8.3719066],[123.2277773,-8.3731216],[123.2273245,-8.3741801],[123.2272222,-8.3750006],[123.2272207,-8.3750029],[123.2267326,-8.3757595],[123.2254192,-8.3770591],[123.2240397,-8.3784242],[123.2227327,-8.3799504],[123.2226404,-8.3801251],[123.2223923,-8.3806913],[123.222329,-8.3808204],[123.2222954,-8.3808888],[123.2221948,-8.3811117],[123.2218465,-8.3820585],[123.2217697,-8.3822672],[123.2216202,-8.3825792],[123.2213846,-8.3829131],[123.2210324,-8.3832273],[123.2203038,-8.3838617],[123.2201165,-8.384024],[123.219936,-8.3843962],[123.2194541,-8.3850928],[123.2193465,-8.3852655],[123.2191427,-8.3855926],[123.2191036,-8.3857444],[123.2191048,-8.3857939],[123.2190602,-8.3858414],[123.2187541,-8.3861966],[123.2184779,-8.3864271],[123.218219,-8.3866341],[123.2178634,-8.3874174],[123.2178624,-8.3874197],[123.2178617,-8.3874211],[123.2179278,-8.3874828],[123.2179661,-8.3875186],[123.2180176,-8.3882024],[123.2180545,-8.3882466],[123.2181921,-8.3884115],[123.218364,-8.3885631],[123.2185222,-8.3887026],[123.2191414,-8.3892707],[123.2191617,-8.3893605],[123.2191688,-8.3893919],[123.2190739,-8.3894585],[123.219048,-8.3894766],[123.2189356,-8.3896027],[123.2189186,-8.3896778],[123.2188998,-8.3897609],[123.2189318,-8.3899051],[123.2190439,-8.3900875],[123.2193805,-8.3904707],[123.2197357,-8.3907029],[123.2199111,-8.3908176],[123.2201051,-8.390959],[123.2202666,-8.3910767],[123.2203217,-8.391176],[123.2203921,-8.3913028],[123.2204219,-8.3915034],[123.2204311,-8.3915761],[123.2204561,-8.3917749],[123.2205309,-8.3918001],[123.22063,-8.3918334],[123.2208991,-8.3918567],[123.2213653,-8.3918769],[123.2213659,-8.3918771],[123.2214034,-8.3918895],[123.2215401,-8.3919348],[123.2216938,-8.3919113],[123.221701,-8.3919102],[123.2217023,-8.39191],[123.2217036,-8.3919099],[123.2220819,-8.3918524],[123.2221553,-8.3918567],[123.2223073,-8.3918656],[123.2224852,-8.3918396],[123.2226829,-8.3918108],[123.2227373,-8.3918791],[123.2228775,-8.3921111],[123.2228826,-8.3921196],[123.2230886,-8.3920773],[123.223291,-8.3920344],[123.2233878,-8.3920139],[123.2233954,-8.3920123],[123.2235664,-8.392126],[123.2235907,-8.392158],[123.2236047,-8.3921765],[123.2236141,-8.3921747],[123.2237972,-8.3921383],[123.2244617,-8.3919258],[123.2246913,-8.3919295],[123.2249724,-8.392002],[123.2249982,-8.3920253],[123.2250024,-8.3920292],[123.2250616,-8.3920827],[123.2250763,-8.3922557],[123.2250827,-8.3924879],[123.2250834,-8.3925105],[123.2251634,-8.39255],[123.225335,-8.3926012],[123.2253674,-8.3926108],[123.2253636,-8.3927005],[123.2253596,-8.3927964],[123.2253573,-8.3928501],[123.2255095,-8.3930001],[123.2257104,-8.3930723],[123.2257525,-8.3931419],[123.2257596,-8.3931537],[123.2257673,-8.3931665],[123.2258076,-8.3933255],[123.2258535,-8.3935065],[123.225859,-8.3935281],[123.2258631,-8.3935796],[123.2258841,-8.3938405],[123.2259034,-8.3938855],[123.2259087,-8.3938979],[123.2259263,-8.393939],[123.2260419,-8.3939593],[123.2261457,-8.3938877],[123.2263034,-8.3937909],[123.2263634,-8.3937541],[123.2264125,-8.3937441],[123.2264288,-8.3937408],[123.2266393,-8.3936981],[123.2267106,-8.3937483],[123.2267166,-8.3937644],[123.2268046,-8.3936691],[123.2270359,-8.3935003],[123.2273493,-8.3934477],[123.2276672,-8.3934966],[123.2276883,-8.3934998],[123.2278168,-8.3935196],[123.227967,-8.3935686],[123.2283385,-8.393856],[123.2283771,-8.3938858],[123.2284364,-8.3939317],[123.2285369,-8.3940448],[123.2285258,-8.3942167],[123.2285193,-8.3943167],[123.2285125,-8.3944226],[123.2285657,-8.3946915],[123.2285681,-8.3947032],[123.22866,-8.3948618],[123.2287093,-8.3949011],[123.2288494,-8.3950127],[123.2289224,-8.3950661],[123.2290164,-8.3951349],[123.2291515,-8.3952627],[123.2291928,-8.3953018],[123.2295133,-8.3954853],[123.2296189,-8.3956089],[123.2297741,-8.3957903],[123.2298166,-8.3958397],[123.2298645,-8.3959289],[123.2300193,-8.3961015],[123.2301457,-8.396193],[123.2302742,-8.3963321],[123.2302663,-8.3961177],[123.2302536,-8.3960208],[123.2303292,-8.3958697],[123.2304215,-8.3957774],[123.2305912,-8.3957568],[123.2309338,-8.3957568],[123.2311742,-8.3957078],[123.2314478,-8.3956521],[123.231947,-8.395555],[123.2320224,-8.3958166],[123.2320784,-8.3959294],[123.2322376,-8.3960289],[123.2323985,-8.3961419],[123.232673,-8.3962089],[123.2328075,-8.396107],[123.2331032,-8.3959131],[123.2333292,-8.3956454],[123.2334298,-8.3956429],[123.2337254,-8.3956734],[123.2339812,-8.3955975],[123.2343148,-8.395464],[123.2345561,-8.3954341],[123.2348215,-8.3953418],[123.2350066,-8.3951881],[123.2354081,-8.3949132],[123.2355524,-8.3949291],[123.2357143,-8.3949975],[123.2360286,-8.3951755],[123.2364879,-8.3952699],[123.2367702,-8.3954014],[123.2371456,-8.3955764],[123.2373008,-8.3956375],[123.2374266,-8.395687],[123.2377672,-8.3958091],[123.2378624,-8.3958433],[123.2380761,-8.3958426],[123.2381813,-8.395884],[123.2381984,-8.3958907],[123.2384767,-8.3956954],[123.2386837,-8.3954955],[123.2390335,-8.395417],[123.2392073,-8.3953573],[123.2395118,-8.3952528],[123.239883,-8.3950315],[123.2400281,-8.3948288],[123.2400687,-8.3948077],[123.2401566,-8.3947621],[123.2402803,-8.3946432],[123.2404992,-8.3944718]]]]}},
{"type":"Feature","properties":{"OBJECTID":80485.0,"NAMOBJ":"Bubuatagamu","KDCBPS":"530619","WADMKC":"Solor Selatan","WADMKK":"Flores Timur","WADMPR":"Nusa Tenggara Timur","Penduduk":7769,"luas_km2":31.173},"geometry":{"type":"MultiPolygon","coordinates":[[[[122.9850347,-8.5055256],[122.9853196,-8.5053567],[122.9855111,-8.5052465],[122.9857371,-8.5051291],[122.9858717,-8.5050592],[122.9863304,-8.5048669],[122.9869629,-8.50461],[122.9871662,-8.5044949],[122.9877672,-8.504087],[122.9885213,-8.5037694],[122.9890987,-8.5034898],[122.9893198,-8.503386],[122.989363,-8.5033657],[122.9893647,-8.5033651],[122.9897861,-8.5032243],[122.9902124,-8.5031429],[122.9906711,-8.503076],[122.9908452,-8.5030505],[122.9910068,-8.5030031],[122.991111,-8.5029726],[122.9911118,-8.5029721],[122.9911299,-8.5029604],[122.9912816,-8.5028627],[122.9913296,-8.5028134],[122.9914374,-8.5027028],[122.9915631,-8.5024909],[122.9915771,-8.5024673],[122.9916224,-8.5024065],[122.991721,-8.5022744],[122.9919653,-8.5020061],[122.9923092,-8.5015233],[122.9924661,-8.5012996],[122.9928652,-8.5006361],[122.9929865,-8.5004613],[122.9930036,-8.5004505],[122.9930292,-8.5004341],[122.9936359,-8.500047],[122.9936446,-8.5000414],[122.9936545,-8.500035],[122.9936643,-8.5000288],[122.993668,-8.5000264],[122.993675,-8.500022],[122.9936855,-8.5000153],[122.993709,-8.5000003],[122.9937096,-8.5],[122.9937453,-8.4999816],[122.9937508,-8.4999787],[122.9938159,-8.4999438],[122.9938263,-8.4999382],[122.9939681,-8.4998621],[122.9939932,-8.4998486],[122.9940387,-8.4998167],[122.9941771,-8.4997198],[122.9942141,-8.4996775],[122.9943206,-8.4995561],[122.9943313,-8.4995438],[122.9943964,-8.4994695],[122.9944001,-8.4994643],[122.9944473,-8.499398],[122.9944934,-8.4993333],[122.9944965,-8.4993288],[122.9945489,-8.4992552],[122.9945704,-8.4992251],[122.9946076,-8.4991424],[122.9946638,-8.4990179],[122.9947445,-8.4988387],[122.9947809,-8.4987135],[122.9947866,-8.4986939],[122.9947868,-8.4986933],[122.9948483,-8.4984818],[122.9948551,-8.4984583],[122.9948593,-8.4984103],[122.9948672,-8.4983209],[122.9948684,-8.4983074],[122.9948715,-8.4982717],[122.9948844,-8.4981254],[122.9948944,-8.4980569],[122.9948946,-8.4980555],[122.9948963,-8.4980439],[122.9949076,-8.4979671],[122.9949514,-8.4979253],[122.9950763,-8.4978061],[122.9953117,-8.4975815],[122.9953226,-8.4975711],[122.9954571,-8.4974428],[122.9954684,-8.4974321],[122.995526,-8.497377],[122.9960104,-8.4971046],[122.9961361,-8.497034],[122.9964169,-8.4967684],[122.996592,-8.4966027],[122.996623,-8.4965734],[122.99692,-8.4962923],[122.9976989,-8.4953687],[122.9978675,-8.4952691],[122.9978675,-8.495269],[122.9979844,-8.4952],[122.9981696,-8.4951103],[122.9984356,-8.4949816],[122.9985866,-8.4949376],[122.9986166,-8.4949124],[122.9988116,-8.4948114],[122.9992983,-8.4945593],[122.9993338,-8.4945409],[122.9995092,-8.4944501],[122.9995418,-8.4944383],[122.9997292,-8.4943705],[122.9998193,-8.4943379],[123.0,-8.4942725],[123.0,-8.4942725],[123.0000493,-8.4942547],[123.0010719,-8.4939901],[123.0023028,-8.4940222],[123.00277,-8.4939432],[123.0034356,-8.4936418],[123.0037278,-8.4933998],[123.0038598,-8.4931266],[123.003982,-8.4928112],[123.0041515,-8.4924754],[123.0043118,-8.4921641],[123.0043708,-8.4919429],[123.0044459,-8.4914387],[123.0045682,-8.4909744],[123.0046826,-8.4908333],[123.0051406,-8.4902813],[123.0055202,-8.4896153],[123.0059259,-8.4889514],[123.0062664,-8.4883606],[123.0066084,-8.4879516],[123.0070473,-8.4875699],[123.0083139,-8.4865865],[123.00846,-8.4864063],[123.0086448,-8.4862236],[123.0089792,-8.4858934],[123.0093627,-8.4857223],[123.0093966,-8.4857323],[123.0094382,-8.4856889],[123.0095757,-8.4856143],[123.0100829,-8.485288],[123.0104174,-8.485069],[123.0115097,-8.484333],[123.0127232,-8.4836114],[123.0128988,-8.4835086],[123.0141978,-8.4827547],[123.0150965,-8.4819088],[123.0154771,-8.4815505],[123.0155545,-8.4814777],[123.0157036,-8.4814507],[123.0158505,-8.4814148],[123.0160193,-8.4813735],[123.0163928,-8.4812992],[123.0168114,-8.4812159],[123.0171035,-8.4812219],[123.0178598,-8.4812017],[123.0180347,-8.4810935],[123.0185684,-8.4804921],[123.0186745,-8.4802399],[123.0189325,-8.4798899],[123.019203,-8.4794802],[123.0195383,-8.4789458],[123.0196496,-8.4787683],[123.0198213,-8.4786004],[123.0198289,-8.478593],[123.0205789,-8.4777909],[123.0211675,-8.4771639],[123.0218974,-8.476508],[123.0222573,-8.4763782],[123.0222578,-8.476378],[123.0223941,-8.4763628],[123.0225531,-8.4763451],[123.0225561,-8.4763448],[123.0232047,-8.4764222],[123.0237547,-8.4764879],[123.0241162,-8.4765321],[123.0244709,-8.4764748],[123.02519,-8.4763999],[123.0256206,-8.4764551],[123.0259778,-8.4765615],[123.0265931,-8.4766635],[123.026859,-8.476712],[123.0284421,-8.4771797],[123.0285941,-8.4773006],[123.0286864,-8.4774448],[123.0288276,-8.4776838],[123.0290144,-8.4779564],[123.029029,-8.4779784],[123.0294539,-8.4786239],[123.0295224,-8.4787275],[123.0296058,-8.4788534],[123.0299186,-8.4789947],[123.0307798,-8.4792433],[123.0313437,-8.4793852],[123.0320765,-8.4796847],[123.0322242,-8.4797416],[123.032391,-8.4798059],[123.0325209,-8.4798559],[123.0329926,-8.4800356],[123.0333433,-8.4801692],[123.0339047,-8.4805876],[123.0345733,-8.4810861],[123.034992,-8.4815363],[123.0353035,-8.4818713],[123.0353646,-8.4819675],[123.0353698,-8.4819758],[123.0354089,-8.4820448],[123.0357533,-8.4826531],[123.0359012,-8.4827718],[123.0360296,-8.4828747],[123.0361908,-8.4830271],[123.0362986,-8.4831289],[123.0364345,-8.4833375],[123.0366012,-8.4835933],[123.0367991,-8.4838625],[123.0370036,-8.4840334],[123.0372913,-8.4842824],[123.037566,-8.484598],[123.0376255,-8.4847639],[123.0377217,-8.4851531],[123.0377589,-8.485304],[123.0378652,-8.4853611],[123.0378721,-8.4853649],[123.0378758,-8.4853671],[123.03789,-8.4853757],[123.0380276,-8.4854591],[123.0381325,-8.4855608],[123.0381909,-8.4856174],[123.0384105,-8.485876],[123.0386424,-8.4861948],[123.0386506,-8.4862059],[123.0386559,-8.486214],[123.0388375,-8.4864895],[123.0389829,-8.4867557],[123.0390096,-8.4868045],[123.0395348,-8.4872968],[123.0397702,-8.4874654],[123.0397939,-8.4874936],[123.0397999,-8.4875102],[123.0401228,-8.4879322],[123.0405096,-8.4881649],[123.0414257,-8.4885068],[123.0414268,-8.488507],[123.0415142,-8.48852],[123.0417699,-8.4885582],[123.0425319,-8.4885865],[123.0426616,-8.4885915],[123.0427233,-8.4885939],[123.0427234,-8.488594],[123.0427718,-8.4886228],[123.0428647,-8.4886783],[123.0428663,-8.4886785],[123.0429093,-8.4886834],[123.0437988,-8.4887141],[123.0437993,-8.4887142],[123.044119,-8.488795],[123.0443419,-8.4889004],[123.0448971,-8.4891908],[123.0452617,-8.4893815],[123.0454858,-8.4894451],[123.0457373,-8.4895263],[123.0460537,-8.4886458],[123.0464646,-8.4875024],[123.0465143,-8.487314],[123.0468213,-8.4861494],[123.0471812,-8.4847844],[123.0473174,-8.4842678],[123.0474835,-8.4837695],[123.0478409,-8.4826974],[123.0478481,-8.482656],[123.0480193,-8.4816766],[123.0482547,-8.4803299],[123.0483525,-8.4797706],[123.0487903,-8.478457],[123.0492091,-8.4772008],[123.0492821,-8.4770451],[123.049497,-8.4765874],[123.0500816,-8.4753418],[123.0502439,-8.4749961],[123.0503036,-8.4748689],[123.0503631,-8.4747012],[123.0505898,-8.4740624],[123.0506316,-8.4739447],[123.050805,-8.4734559],[123.0508271,-8.4733937],[123.0508299,-8.4727944],[123.0508336,-8.4720181],[123.0509151,-8.4717734],[123.0509456,-8.4715489],[123.0509472,-8.4715227],[123.0509715,-8.471104],[123.0510013,-8.470908],[123.0510222,-8.4707704],[123.0510714,-8.4703666],[123.0511151,-8.4700076],[123.0511701,-8.4695748],[123.0512775,-8.4691889],[123.0514248,-8.4688693],[123.0516503,-8.4685992],[123.0519551,-8.468289],[123.0522631,-8.4679756],[123.0525181,-8.4677336],[123.0527477,-8.4675114],[123.0529228,-8.4672812],[123.0530879,-8.4671548],[123.0532721,-8.4670915],[123.053418,-8.4670726],[123.0536466,-8.4670662],[123.0537993,-8.467041],[123.0539197,-8.4669525],[123.0541483,-8.4667819],[123.0544914,-8.4666618],[123.0549981,-8.466428],[123.0553545,-8.4661264],[123.0555425,-8.465905],[123.0558628,-8.4654995],[123.0560826,-8.4651711],[123.0559185,-8.4648676],[123.0556166,-8.4645607],[123.0552184,-8.4641087],[123.0547367,-8.4636554],[123.0544586,-8.4634119],[123.0542888,-8.463278],[123.0539593,-8.4630388],[123.0537073,-8.4628139],[123.0534591,-8.4626209],[123.0531849,-8.4624093],[123.052449,-8.4620796],[123.05195,-8.4620198],[123.0515755,-8.4620756],[123.0509298,-8.4622108],[123.0502778,-8.4622054],[123.0486959,-8.4622579],[123.0480551,-8.4623226],[123.0473936,-8.4621735],[123.0466871,-8.4618687],[123.0458479,-8.4615156],[123.0454031,-8.4613177],[123.0450246,-8.4611493],[123.0445514,-8.4609451],[123.044053,-8.4606104],[123.043721,-8.4603999],[123.0435087,-8.4602318],[123.0431581,-8.4600538],[123.0427462,-8.4600113],[123.0425625,-8.4601303],[123.0423269,-8.4603782],[123.0419816,-8.4607468],[123.0416286,-8.4610579],[123.0410463,-8.4616137],[123.0405343,-8.4619985],[123.0400583,-8.4621109],[123.0397774,-8.4620369],[123.0395807,-8.4619995],[123.0390431,-8.4619373],[123.0385374,-8.4618616],[123.0379516,-8.4617972],[123.0373041,-8.461868],[123.0368271,-8.4619201],[123.0346413,-8.4627142],[123.0335622,-8.4633124],[123.0313305,-8.4645941],[123.0312127,-8.4646173],[123.0310891,-8.4647058],[123.0309372,-8.4647693],[123.030893,-8.4647878],[123.0304753,-8.4649766],[123.0303001,-8.4650517],[123.0300852,-8.4651855],[123.0298803,-8.4652339],[123.029652,-8.4653416],[123.0291751,-8.4656283],[123.028944,-8.4658001],[123.02878,-8.4658569],[123.0285239,-8.4659019],[123.0283946,-8.4659777],[123.0280382,-8.4661428],[123.0276828,-8.4662539],[123.0272686,-8.4662758],[123.0270946,-8.4662385],[123.0268686,-8.4662095],[123.0264734,-8.466156],[123.0262899,-8.4660865],[123.0262782,-8.4660863],[123.0258123,-8.466081],[123.025595,-8.4660484],[123.0252949,-8.4659811],[123.0249786,-8.4659079],[123.0245984,-8.4658519],[123.0242893,-8.4658136],[123.024071,-8.4658182],[123.0237761,-8.4658468],[123.0228817,-8.465981],[123.0220138,-8.4661876],[123.0216698,-8.4663227],[123.0212864,-8.4664171],[123.0210143,-8.4664612],[123.020718,-8.4664227],[123.0203892,-8.4663657],[123.0200146,-8.4662648],[123.0194042,-8.466105],[123.0177164,-8.4655713],[123.0171379,-8.465414],[123.0165268,-8.4652519],[123.0152273,-8.4651151],[123.0149318,-8.4651117],[123.0142659,-8.4652115],[123.0137784,-8.465395],[123.0120455,-8.4663682],[123.0117381,-8.4665665],[123.0114752,-8.4667383],[123.0107423,-8.4671566],[123.0102871,-8.4673548],[123.0100634,-8.4674075],[123.0099378,-8.4674254],[123.0098265,-8.4674412],[123.0095022,-8.467448],[123.0093864,-8.4674377],[123.0092477,-8.4674118],[123.0089736,-8.46736],[123.0086033,-8.4673102],[123.008301,-8.4672942],[123.0080988,-8.4672984],[123.0078233,-8.467333],[123.0076508,-8.467375],[123.0075497,-8.4674539],[123.0072593,-8.4675214],[123.0069131,-8.4675011],[123.0066667,-8.4674663],[123.0067361,-8.4681977],[123.0067117,-8.4689729],[123.0066028,-8.4693876],[123.0063551,-8.4697643],[123.0063127,-8.4698276],[123.0063088,-8.4698327],[123.0062171,-8.4699943],[123.0062252,-8.4700771],[123.0062095,-8.4701213],[123.0062041,-8.4701227],[123.0058219,-8.4701477],[123.005549,-8.4701175],[123.0053916,-8.4700471],[123.0053569,-8.4700144],[123.0051289,-8.4700395],[123.004661,-8.4700609],[123.004628,-8.4700596],[123.0040075,-8.4699849],[123.0039708,-8.4699783],[123.0032867,-8.4699015],[123.0029583,-8.4698687],[123.0025973,-8.4698501],[123.0020035,-8.46997],[123.0018403,-8.4699924],[123.0016342,-8.4699566],[123.0010099,-8.4699813],[123.0007698,-8.4698815],[123.0006226,-8.4698085],[123.0004991,-8.4697948],[123.0002526,-8.4697738],[123.0,-8.4697267],[123.0,-8.4697267],[122.9998492,-8.4696987],[122.9997191,-8.4696787],[122.9992654,-8.4697168],[122.9989149,-8.4697244],[122.9988866,-8.4697236],[122.9983898,-8.4697255],[122.9980524,-8.4697545],[122.9978869,-8.4697472],[122.9964289,-8.4697037],[122.9953413,-8.4696245],[122.994128,-8.4694631],[122.9932582,-8.4693441],[122.9928507,-8.4691047],[122.9927367,-8.4690378],[122.9924782,-8.4687456],[122.992381,-8.4685835],[122.9921971,-8.4679141],[122.9919457,-8.4672356],[122.9917292,-8.4669848],[122.9914037,-8.4667283],[122.991077,-8.4665372],[122.9907472,-8.4668698],[122.9899653,-8.4674559],[122.9893911,-8.4679321],[122.9888234,-8.4684179],[122.9880352,-8.46902],[122.9872585,-8.4694272],[122.9863373,-8.4697971],[122.9851177,-8.4701369],[122.9847307,-8.4702378],[122.9842532,-8.47035],[122.9839692,-8.4704312],[122.9832032,-8.4706505],[122.9828152,-8.4707148],[122.9822422,-8.4708098],[122.9817903,-8.4708606],[122.9811722,-8.4709342],[122.9810764,-8.4710408],[122.980882,-8.4712336],[122.9806977,-8.4714481],[122.9806337,-8.4715225],[122.9803834,-8.4719903],[122.9800596,-8.4725096],[122.979807,-8.4731242],[122.9795222,-8.4737231],[122.9793756,-8.4739558],[122.9791222,-8.4743546],[122.9791006,-8.4743845],[122.9786899,-8.4749545],[122.9784866,-8.4752369],[122.9784197,-8.4753298],[122.978062,-8.47606],[122.9777578,-8.4766207],[122.9777292,-8.4766635],[122.9775925,-8.4768516],[122.9771486,-8.4776431],[122.9765468,-8.478311],[122.9759655,-8.4786851],[122.9752912,-8.4790566],[122.9743189,-8.4794651],[122.9732413,-8.479954],[122.9723623,-8.480413],[122.9713139,-8.4809656],[122.9705062,-8.4815391],[122.969805,-8.4822045],[122.9691675,-8.4828311],[122.968645,-8.4833677],[122.9682058,-8.4838877],[122.9677545,-8.4845227],[122.9672783,-8.4852952],[122.966863,-8.4860418],[122.9666178,-8.4865038],[122.9664158,-8.4869216],[122.9662484,-8.4871522],[122.9659186,-8.4875952],[122.9657134,-8.4879638],[122.9655895,-8.4882087],[122.9654202,-8.4885661],[122.9650997,-8.4893884],[122.9650539,-8.4896374],[122.965066,-8.4902547],[122.9650187,-8.4906341],[122.9649103,-8.490916],[122.9648074,-8.4912064],[122.9647806,-8.4912819],[122.9646324,-8.4915696],[122.9644924,-8.4917116],[122.9642133,-8.4918671],[122.9638984,-8.4920634],[122.9635362,-8.4924751],[122.9632077,-8.4930268],[122.9630564,-8.4932497],[122.9627432,-8.4935438],[122.9619114,-8.4941924],[122.9615972,-8.4944732],[122.9614687,-8.4946498],[122.9609971,-8.4950605],[122.9606527,-8.4953724],[122.9603314,-8.4957767],[122.9597877,-8.4965209],[122.95928,-8.4973702],[122.9587742,-8.4985228],[122.958419,-8.4991413],[122.957861,-8.5],[122.9578423,-8.5000288],[122.9577579,-8.5001589],[122.9575892,-8.5003672],[122.957149,-8.5009108],[122.9563474,-8.5016932],[122.9556718,-8.5022742],[122.9527162,-8.504816],[122.9477393,-8.5090959],[122.9503386,-8.5120986],[122.9510001,-8.5128628],[122.9528886,-8.5150445],[122.9529062,-8.5150725],[122.953268,-8.5157922],[122.95358,-8.5165001],[122.9537383,-8.5166778],[122.9544833,-8.5173749],[122.954836,-8.5176341],[122.955205,-8.5178837],[122.9555008,-8.5179904],[122.9558041,-8.5180515],[122.9561549,-8.5181269],[122.9564429,-8.5182362],[122.9565034,-8.5182711],[122.956727,-8.5184602],[122.9568885,-8.5186744],[122.9573366,-8.5193288],[122.9575625,-8.5198446],[122.9577361,-8.5202628],[122.9579045,-8.5204815],[122.9582441,-8.5207738],[122.9588226,-8.5212573],[122.9592203,-8.5217669],[122.9596143,-8.5223119],[122.9599077,-8.5227063],[122.9600604,-8.5228157],[122.9603767,-8.5229869],[122.9604721,-8.5231376],[122.9605131,-8.5233342],[122.9605531,-8.5238045],[122.9605724,-8.5243577],[122.9606125,-8.5245381],[122.9607031,-8.5247228],[122.9610316,-8.5252226],[122.961791,-8.525981],[122.962041,-8.5261361],[122.9625899,-8.5264573],[122.9635942,-8.5271247],[122.963945,-8.5272273],[122.9647857,-8.5275535],[122.9649062,-8.5275749],[122.9652732,-8.5276281],[122.9660862,-8.5277345],[122.9666941,-8.5278301],[122.967002,-8.5279561],[122.9671493,-8.5280793],[122.9675407,-8.5284853],[122.9677537,-8.5287403],[122.9680126,-8.5290657],[122.9682481,-8.529304],[122.9684812,-8.5295527],[122.9687811,-8.529875],[122.9690668,-8.5300824],[122.9693197,-8.5302794],[122.9694707,-8.5304674],[122.9699094,-8.5312071],[122.970005,-8.5313683],[122.9700756,-8.5314393],[122.9705248,-8.531842],[122.9706292,-8.5320104],[122.9706418,-8.5321356],[122.9706426,-8.5321434],[122.9706427,-8.5321446],[122.9711387,-8.5309105],[122.9712883,-8.5305059],[122.9716006,-8.5295635],[122.9720456,-8.5288739],[122.9721895,-8.5286502],[122.972382,-8.5281129],[122.9726436,-8.5267816],[122.9726843,-8.5264843],[122.9726764,-8.5262106],[122.9726113,-8.5258217],[122.9725261,-8.5255029],[122.9725113,-8.5254323],[122.9725167,-8.5254028],[122.972758,-8.5244862],[122.9729085,-8.5240274],[122.9730578,-8.5236633],[122.9731895,-8.5230935],[122.9733382,-8.5225637],[122.9734109,-8.5223121],[122.9734419,-8.5219733],[122.9735628,-8.5212394],[122.9737182,-8.5207022],[122.973903,-8.5204351],[122.9740643,-8.5201798],[122.9742087,-8.5196032],[122.9744057,-8.5190861],[122.9746205,-8.5186892],[122.9751703,-8.5176069],[122.9752566,-8.5173834],[122.9754302,-8.5165912],[122.9756001,-8.5158483],[122.9758213,-8.5153568],[122.9759613,-8.5150858],[122.9761003,-8.5148814],[122.9765235,-8.5144151],[122.9777129,-8.513046],[122.9780195,-8.5127754],[122.9783531,-8.5124707],[122.9785286,-8.5123012],[122.9787912,-8.5120976],[122.9791516,-8.5117116],[122.9793529,-8.5115119],[122.9798382,-8.5110701],[122.9804985,-8.5103277],[122.9809755,-8.5097188],[122.981118,-8.5094789],[122.9814255,-8.5088866],[122.9816159,-8.5086067],[122.9818543,-8.508382],[122.9824055,-8.5078354],[122.9825964,-8.5076623],[122.9829104,-8.5074473],[122.9830964,-8.5073331],[122.9832045,-8.507214],[122.9833144,-8.5067809],[122.9834715,-8.5065597],[122.984024,-8.506113],[122.9847022,-8.5056904],[122.9850347,-8.5055256]]]]}},
{"type":"Feature","properties":{"OBJECTID":80424.0,"NAMOBJ":"Baya","KDCBPS":"530618","WADMKC":"Adonara Tengah","WADMKK":"Flores Timur","WADMPR":"Nusa Tenggara Timur","Penduduk":14301,"luas_km2":38.111},"geometry":{"type":"MultiPolygon","coordinates":[[[[123.1589626,-8.3458298],[123.1597215,-8.3452893],[123.1599312,-8.3451395],[123.1607866,-8.3444459],[123.1611243,-8.3442343],[123.1613926,-8.3440661],[123.1615094,-8.343969],[123.1615096,-8.3439689],[123.1621698,-8.3435063],[123.1629189,-8.3430662],[123.163654,-8.3425764],[123.1639211,-8.3424563],[123.1646374,-8.3421988],[123.1657217,-8.3418248],[123.1658319,-8.3417902],[123.1663328,-8.3416328],[123.1666744,-8.3414731],[123.1673875,-8.3413285],[123.1680891,-8.3414535],[123.1690324,-8.3414466],[123.1698407,-8.3415625],[123.1700277,-8.3415491],[123.1704057,-8.3415221],[123.1710908,-8.3415034],[123.1724242,-8.3414985],[123.1726494,-8.3414548],[123.1733071,-8.3411237],[123.1739662,-8.3406171],[123.1742113,-8.3403786],[123.1746214,-8.3399666],[123.1753738,-8.3391881],[123.1760658,-8.3385052],[123.1765661,-8.3379403],[123.1765724,-8.3379401],[123.176839,-8.3375695],[123.1774972,-8.3367999],[123.1780664,-8.3362268],[123.1786139,-8.3355479],[123.1790987,-8.3348769],[123.1793457,-8.3345538],[123.1794509,-8.3344163],[123.1794535,-8.3343506],[123.1794459,-8.3342348],[123.1794723,-8.3335951],[123.1792743,-8.3325668],[123.1790613,-8.3309939],[123.1788857,-8.3294075],[123.1795276,-8.3278947],[123.1799983,-8.3267855],[123.1799146,-8.3267303],[123.1797998,-8.326605],[123.1796906,-8.3264086],[123.1795325,-8.3261479],[123.1792668,-8.3257183],[123.1790706,-8.3254286],[123.178539,-8.3247238],[123.1785058,-8.3246922],[123.1784612,-8.3246493],[123.1782731,-8.3244688],[123.1782611,-8.3243894],[123.1782633,-8.324363],[123.178281,-8.3241542],[123.1783656,-8.3236698],[123.1784459,-8.3233475],[123.1784499,-8.323055],[123.1785143,-8.322876],[123.1786273,-8.3225201],[123.1787185,-8.322257],[123.1787318,-8.3222393],[123.1787699,-8.3221149],[123.1788213,-8.3218882],[123.1788299,-8.3215438],[123.1788079,-8.3209626],[123.1788387,-8.320424],[123.1788804,-8.3201173],[123.1789055,-8.3199899],[123.1789457,-8.3197852],[123.1789583,-8.3197358],[123.1790258,-8.3195115],[123.1789894,-8.3193246],[123.1789209,-8.3190467],[123.178853,-8.3189011],[123.1787295,-8.3185545],[123.1786422,-8.31834],[123.1786041,-8.3182258],[123.1785723,-8.3181303],[123.178524,-8.3180343],[123.1784385,-8.3177866],[123.1783824,-8.317628],[123.178215,-8.3171595],[123.1779807,-8.3168306],[123.1779749,-8.3168032],[123.1778991,-8.316658],[123.1777016,-8.3164081],[123.1776663,-8.3163684],[123.1775615,-8.3162132],[123.1773624,-8.3160026],[123.177171,-8.3157691],[123.1769978,-8.3156488],[123.1768621,-8.3155202],[123.1767194,-8.3154141],[123.1766853,-8.3153808],[123.1765521,-8.3152135],[123.1764048,-8.3150091],[123.1763399,-8.3149098],[123.1762024,-8.314765],[123.176028,-8.3145548],[123.1759037,-8.3144214],[123.1758226,-8.3143134],[123.1756795,-8.314143],[123.1756027,-8.3140582],[123.1755029,-8.313987],[123.1753175,-8.3139247],[123.1753517,-8.3138433],[123.1753742,-8.3137829],[123.1756097,-8.3131329],[123.1757346,-8.3128256],[123.1757727,-8.3127169],[123.1759955,-8.3120819],[123.1761602,-8.3114578],[123.1762011,-8.3113027],[123.1762327,-8.311164],[123.1763294,-8.3110215],[123.1765449,-8.3107516],[123.1766281,-8.31051],[123.1769096,-8.3096483],[123.1769963,-8.3091431],[123.1770756,-8.3087462],[123.1771594,-8.3082734],[123.177197,-8.3079756],[123.1772329,-8.307692],[123.1772471,-8.3075796],[123.1772393,-8.3064461],[123.177238,-8.3063982],[123.1771881,-8.3059358],[123.1770675,-8.3054501],[123.177043,-8.3054099],[123.1770315,-8.3052628],[123.1771235,-8.3046987],[123.1772099,-8.3044938],[123.1773071,-8.3043722],[123.1773523,-8.3043156],[123.1775781,-8.3040413],[123.178069,-8.3035017],[123.1784103,-8.3032834],[123.1785477,-8.3032662],[123.1792075,-8.3035242],[123.1794215,-8.3035652],[123.1794606,-8.3035523],[123.1796343,-8.3034953],[123.1797221,-8.3033897],[123.1799144,-8.3031072],[123.1800098,-8.3026825],[123.1800288,-8.3025977],[123.1800396,-8.3025513],[123.1800506,-8.3023293],[123.1801252,-8.3020626],[123.180301,-8.3016518],[123.1804906,-8.301304],[123.1806049,-8.3011045],[123.1812791,-8.3001198],[123.1815328,-8.299672],[123.1816317,-8.2993417],[123.1816321,-8.2993404],[123.1816784,-8.2987902],[123.1816594,-8.2983829],[123.1815605,-8.2979567],[123.1814784,-8.2978245],[123.1814348,-8.2977957],[123.1810502,-8.2975892],[123.1808212,-8.2975219],[123.1803097,-8.2973798],[123.1795315,-8.297105],[123.1793332,-8.2970098],[123.1793109,-8.2969324],[123.1792958,-8.296589],[123.1794265,-8.2961274],[123.1794651,-8.2959911],[123.1795949,-8.295859],[123.179596,-8.2957855],[123.179519,-8.2956141],[123.1791762,-8.2949074],[123.1789851,-8.2947229],[123.1786651,-8.2945007],[123.1784876,-8.294368],[123.1782642,-8.2942009],[123.1780476,-8.2942246],[123.1778126,-8.2942237],[123.1777003,-8.2941395],[123.1776185,-8.2939754],[123.1775364,-8.2936208],[123.1774301,-8.2932004],[123.1773699,-8.2928902],[123.1772385,-8.2920843],[123.1772343,-8.2920724],[123.1771015,-8.2916986],[123.1769595,-8.2915724],[123.1766061,-8.2913117],[123.1763596,-8.2910886],[123.1762389,-8.2910039],[123.1761217,-8.2908746],[123.1758964,-8.2906974],[123.1756067,-8.2906155],[123.1755029,-8.2905908],[123.1752369,-8.2905394],[123.1746934,-8.2904193],[123.1743359,-8.2902433],[123.1741362,-8.2900839],[123.1739159,-8.2897812],[123.1735829,-8.2892931],[123.1733319,-8.2889252],[123.1729702,-8.288701],[123.1726621,-8.28847],[123.1725556,-8.2883509],[123.1722574,-8.2880176],[123.1721651,-8.2879143],[123.1719895,-8.287718],[123.1716644,-8.2875737],[123.1715258,-8.2875122],[123.1708161,-8.2871965],[123.1701871,-8.2869451],[123.1698964,-8.2868289],[123.1691462,-8.2866289],[123.1688118,-8.2865499],[123.1686019,-8.28643],[123.168441,-8.2862696],[123.1681437,-8.285902],[123.1680106,-8.2857682],[123.1677948,-8.2856547],[123.1675672,-8.2855989],[123.1672241,-8.2855349],[123.1668448,-8.2853804],[123.1666019,-8.2852197],[123.1662741,-8.2850109],[123.1659379,-8.284851],[123.1652022,-8.284481],[123.1650696,-8.284324],[123.1647766,-8.2839458],[123.164539,-8.2838071],[123.1643431,-8.2836986],[123.1642125,-8.2836845],[123.1640517,-8.2837181],[123.1639197,-8.2837025],[123.1635799,-8.283563],[123.1635753,-8.2835611],[123.1632769,-8.2834879],[123.1629988,-8.2834176],[123.1629144,-8.2833296],[123.1627503,-8.2830605],[123.1626209,-8.2829459],[123.1624646,-8.2828496],[123.1619929,-8.282559],[123.1616067,-8.2823775],[123.1614487,-8.2823032],[123.1610904,-8.2820585],[123.1609157,-8.2818342],[123.1606359,-8.2814071],[123.1605098,-8.2813367],[123.1603719,-8.2813354],[123.1603121,-8.2813926],[123.1601957,-8.281565],[123.1600251,-8.2817036],[123.1596714,-8.2818467],[123.1595059,-8.2818162],[123.1589921,-8.2814343],[123.1588441,-8.281381],[123.1588124,-8.2813657],[123.1580046,-8.2809744],[123.1576728,-8.2808112],[123.1567797,-8.2802426],[123.156479,-8.2801056],[123.156319,-8.2799882],[123.1562689,-8.2799143],[123.15623,-8.279857],[123.1562286,-8.2796539],[123.1561985,-8.2795049],[123.1560936,-8.2793238],[123.1558809,-8.2790452],[123.1556752,-8.2789546],[123.1552715,-8.2788514],[123.1548605,-8.2787438],[123.1547677,-8.2786426],[123.1545479,-8.2781479],[123.1545643,-8.2779347],[123.1546398,-8.2776861],[123.1546593,-8.277622],[123.1547811,-8.277468],[123.1548234,-8.2773796],[123.1548521,-8.2773197],[123.1548264,-8.277192],[123.1547081,-8.2770036],[123.1545381,-8.2768476],[123.1544158,-8.2767094],[123.1543759,-8.2764951],[123.1543802,-8.2761754],[123.1543842,-8.2760935],[123.1544106,-8.2755521],[123.1543614,-8.2753112],[123.1541999,-8.2750681],[123.153851,-8.2747371],[123.1536181,-8.2746352],[123.1533451,-8.274521],[123.1533396,-8.2745163],[123.1531701,-8.2743708],[123.1530812,-8.2742226],[123.1530651,-8.2740359],[123.1531125,-8.2739209],[123.1532116,-8.2738485],[123.1532983,-8.2737484],[123.1532673,-8.2736313],[123.1531611,-8.2733181],[123.1530817,-8.273084],[123.1529887,-8.2728105],[123.1528682,-8.2727096],[123.1525289,-8.2724254],[123.1522177,-8.2720859],[123.152213,-8.2720908],[123.1519266,-8.2723932],[123.1514913,-8.2729817],[123.1507744,-8.2738224],[123.1502177,-8.2743393],[123.1496289,-8.2748321],[123.1486924,-8.2754726],[123.147748,-8.2762698],[123.1470936,-8.2766706],[123.1468442,-8.2767342],[123.1468128,-8.2767351],[123.1460891,-8.2771316],[123.1454518,-8.2774693],[123.1453904,-8.2775076],[123.1445385,-8.2780403],[123.1438208,-8.2784241],[123.1434628,-8.2786473],[123.1427207,-8.2790568],[123.1419681,-8.2794718],[123.1419539,-8.2794796],[123.1414369,-8.2798514],[123.1406248,-8.2804445],[123.1403835,-8.2805766],[123.1395822,-8.280894],[123.1389782,-8.2812996],[123.1386646,-8.281534],[123.138045,-8.2819013],[123.1380441,-8.2819018],[123.1378986,-8.281988],[123.1372188,-8.282377],[123.1369596,-8.282541],[123.1359775,-8.2829074],[123.1354365,-8.2833174],[123.1350346,-8.2835418],[123.1346456,-8.2837784],[123.1344483,-8.2838328],[123.1335796,-8.2840721],[123.1332513,-8.2841104],[123.1332227,-8.2841138],[123.1321944,-8.2844064],[123.1317366,-8.2845051],[123.1315575,-8.2845437],[123.1310646,-8.2846644],[123.1301308,-8.2849668],[123.1292324,-8.2851868],[123.1279881,-8.2856171],[123.1274516,-8.2857351],[123.1273325,-8.2857613],[123.1267905,-8.2859209],[123.1256131,-8.2862742],[123.1249999,-8.2864014],[123.1249871,-8.2864031],[123.124886,-8.2864168],[123.1248464,-8.2866542],[123.1248709,-8.28707],[123.1248939,-8.2874587],[123.1248365,-8.2878384],[123.1247966,-8.28795],[123.1247311,-8.2880977],[123.1247038,-8.2884838],[123.124721,-8.2886435],[123.1248319,-8.2888383],[123.1249999,-8.2889744],[123.1249999,-8.2889745],[123.125,-8.2889745],[123.1250628,-8.2890254],[123.1255609,-8.2892815],[123.1261767,-8.2895982],[123.1262075,-8.289614],[123.1265317,-8.2898148],[123.1267082,-8.2899605],[123.1270281,-8.2905662],[123.1272723,-8.290999],[123.1275059,-8.2916694],[123.127548,-8.2918008],[123.1277162,-8.2921382],[123.1278274,-8.2924034],[123.1278558,-8.2925014],[123.1278348,-8.2931841],[123.1278486,-8.2933216],[123.1281628,-8.2937094],[123.12834,-8.2939942],[123.1284232,-8.2943934],[123.128435,-8.2946557],[123.1284424,-8.2948983],[123.1284536,-8.2949475],[123.1290796,-8.2959873],[123.1290971,-8.2960131],[123.1292201,-8.2967476],[123.1293442,-8.2969663],[123.1295502,-8.2972313],[123.1296849,-8.2974041],[123.1297724,-8.2975353],[123.1297773,-8.2975397],[123.1298349,-8.2977987],[123.1299156,-8.2981607],[123.1299423,-8.2983826],[123.1300003,-8.298644],[123.1300412,-8.2987986],[123.1300326,-8.2988958],[123.1310012,-8.2990885],[123.1319292,-8.2994026],[123.1341707,-8.3001307],[123.1353985,-8.300402],[123.1359695,-8.300816],[123.1363122,-8.3016441],[123.1366691,-8.3023722],[123.1367833,-8.3029147],[123.1354556,-8.3043281],[123.1342991,-8.3048135],[123.1331285,-8.3055416],[123.1329429,-8.3057986],[123.1320673,-8.3063397],[123.1321004,-8.3068569],[123.1321086,-8.3069843],[123.1321448,-8.3073324],[123.1321554,-8.3073839],[123.1324506,-8.3077992],[123.132527,-8.3078834],[123.1327222,-8.3082103],[123.1328319,-8.3083461],[123.1328522,-8.3083739],[123.1330641,-8.3085805],[123.1331375,-8.3086571],[123.1332162,-8.3087293],[123.1332469,-8.3087742],[123.1332668,-8.3087942],[123.1332895,-8.3088171],[123.1333276,-8.3088556],[123.1334863,-8.3090157],[123.1335668,-8.3091126],[123.1336463,-8.3092121],[123.133737,-8.3093773],[123.1338262,-8.3094634],[123.1339058,-8.3095504],[123.1339095,-8.3095878],[123.1339505,-8.3096759],[123.1341536,-8.3098598],[123.1343435,-8.3100362],[123.1344375,-8.3101853],[123.1345178,-8.3103368],[123.134531,-8.3103815],[123.1346196,-8.3105272],[123.134768,-8.3107729],[123.134927,-8.3111554],[123.1350551,-8.3113708],[123.135114,-8.3114858],[123.1374935,-8.3148483],[123.1364993,-8.3149832],[123.1360044,-8.3152307],[123.1357379,-8.3157827],[123.1351954,-8.316744],[123.1349578,-8.3171124],[123.1343354,-8.3173181],[123.1340203,-8.3175025],[123.1339383,-8.317547],[123.1327644,-8.3181836],[123.1319948,-8.3185125],[123.1305399,-8.3188238],[123.1303075,-8.3188735],[123.129765,-8.3189839],[123.1303884,-8.3194603],[123.1310116,-8.3197114],[123.1319519,-8.3200598],[123.132511,-8.320269],[123.1333594,-8.3207013],[123.1340894,-8.3209494],[123.1349092,-8.3212636],[123.1355455,-8.3215332],[123.1358876,-8.3216758],[123.1360226,-8.3217322],[123.1364758,-8.3219694],[123.1369968,-8.32238],[123.1373624,-8.3228514],[123.1377651,-8.3232966],[123.1379913,-8.3235581],[123.1381681,-8.3237624],[123.1383569,-8.3239805],[123.1388046,-8.3244621],[123.139452,-8.3251131],[123.1397247,-8.3254119],[123.1399726,-8.3257239],[123.1403132,-8.3259832],[123.1403839,-8.3260375],[123.1403855,-8.3260387],[123.1411031,-8.3265612],[123.1415099,-8.3271504],[123.1415572,-8.3271962],[123.1419044,-8.3275333],[123.1425082,-8.327979],[123.1427489,-8.32815],[123.1425652,-8.3282089],[123.142386,-8.3282827],[123.1417185,-8.3284838],[123.1408868,-8.3286268],[123.1402071,-8.3288092],[123.1392164,-8.3291008],[123.1383781,-8.3292314],[123.1378983,-8.3293705],[123.1371844,-8.3296728],[123.1365747,-8.3303164],[123.1360854,-8.330994],[123.1359627,-8.3315296],[123.1360358,-8.331878],[123.1360719,-8.3329035],[123.1362487,-8.3333616],[123.1364624,-8.3340063],[123.1364679,-8.3340587],[123.1365579,-8.3349111],[123.1366973,-8.3353828],[123.136805,-8.3362748],[123.1368451,-8.3367869],[123.1368684,-8.3369608],[123.1368713,-8.3370365],[123.1368634,-8.3370606],[123.1367502,-8.3374093],[123.1364253,-8.3383388],[123.1362236,-8.3389643],[123.1360591,-8.3393571],[123.1355447,-8.3400355],[123.1349983,-8.340696],[123.1346428,-8.3410875],[123.1344056,-8.3413487],[123.134292,-8.3414738],[123.1338253,-8.3420631],[123.1337447,-8.342227],[123.1336473,-8.3424251],[123.1331361,-8.3434288],[123.1329595,-8.3438408],[123.132797,-8.3441168],[123.1325583,-8.3445221],[123.1324674,-8.3446814],[123.1321876,-8.3451713],[123.1317975,-8.3458022],[123.1314228,-8.3463138],[123.1309024,-8.3470049],[123.1305186,-8.3476356],[123.1303668,-8.3478433],[123.1302387,-8.3480186],[123.1300653,-8.3482559],[123.1298969,-8.3484867],[123.1296362,-8.3488441],[123.1290582,-8.3497121],[123.1275535,-8.3515645],[123.1269835,-8.3522758],[123.1265055,-8.3529092],[123.126414,-8.3530058],[123.1263927,-8.3530396],[123.1268023,-8.3531617],[123.1268382,-8.3531724],[123.1273014,-8.3533165],[123.1277026,-8.3534998],[123.1289373,-8.3540239],[123.1293994,-8.354594],[123.1296399,-8.3548757],[123.1302648,-8.3554163],[123.1306309,-8.3556945],[123.1310182,-8.3560598],[123.1310183,-8.3560599],[123.1313675,-8.3561757],[123.132062,-8.3565015],[123.1323626,-8.3566813],[123.1331529,-8.3570608],[123.1333607,-8.3570677],[123.133808,-8.3570931],[123.1341924,-8.3571203],[123.135099,-8.3576094],[123.1354855,-8.3577117],[123.1361925,-8.3580309],[123.1367946,-8.3581962],[123.1378061,-8.3587219],[123.1380905,-8.3588698],[123.1382489,-8.3589521],[123.1382494,-8.3589524],[123.1387406,-8.3592021],[123.1393634,-8.3595278],[123.1396404,-8.3596726],[123.1401492,-8.3598781],[123.1409342,-8.3600949],[123.1412648,-8.3601861],[123.1415262,-8.3603169],[123.1420514,-8.3604279],[123.142521,-8.3605468],[123.1431472,-8.3607052],[123.1437097,-8.3608027],[123.1446315,-8.360928],[123.1462204,-8.3615239],[123.1466358,-8.3617632],[123.1473092,-8.3624654],[123.1474155,-8.362901],[123.1476219,-8.3635469],[123.1475967,-8.3640049],[123.1476105,-8.364512],[123.1477011,-8.3655243],[123.1479078,-8.365951],[123.1482412,-8.3664118],[123.1483238,-8.3664409],[123.148477,-8.3664917],[123.1486729,-8.3665567],[123.1496922,-8.3654139],[123.1499848,-8.3648422],[123.1500483,-8.3647051],[123.1502699,-8.3642268],[123.1505857,-8.3635855],[123.1507126,-8.3633799],[123.1507734,-8.3631746],[123.1508459,-8.3629677],[123.1508734,-8.3629202],[123.1514969,-8.3621545],[123.1520262,-8.3614484],[123.1523483,-8.3609807],[123.1525136,-8.3605915],[123.1525727,-8.3603475],[123.1525472,-8.3600991],[123.1524679,-8.3599092],[123.1518066,-8.3594544],[123.151318,-8.359166],[123.1512722,-8.3591369],[123.1511699,-8.3590214],[123.150661,-8.3586518],[123.1504453,-8.3584473],[123.1503601,-8.3582741],[123.1503799,-8.3580823],[123.1506515,-8.3578381],[123.1508444,-8.3577396],[123.1510107,-8.357709],[123.1514034,-8.3576135],[123.1515395,-8.3575523],[123.1519064,-8.3572714],[123.1523824,-8.3568556],[123.1526649,-8.3565607],[123.1529037,-8.356247],[123.1532535,-8.355764],[123.1532785,-8.3557271],[123.1535081,-8.3554032],[123.1536203,-8.3551932],[123.1536511,-8.3551544],[123.1538233,-8.3547816],[123.15392,-8.3543121],[123.1539609,-8.3540377],[123.1539855,-8.3535423],[123.1539875,-8.3534846],[123.154031,-8.3529446],[123.1541338,-8.3525373],[123.1541468,-8.352482],[123.1541929,-8.3522856],[123.1542083,-8.3521322],[123.1542056,-8.3520721],[123.1541968,-8.3518719],[123.1542846,-8.3514688],[123.1543154,-8.3513545],[123.1543805,-8.3512649],[123.154401,-8.3512376],[123.1545953,-8.3509842],[123.1546719,-8.3507701],[123.1546772,-8.3507369],[123.1548212,-8.3504313],[123.1548601,-8.3503671],[123.1554188,-8.3496472],[123.1557581,-8.3489426],[123.1565409,-8.3481258],[123.1569184,-8.3476708],[123.1575799,-8.3470201],[123.1583058,-8.346424],[123.1584601,-8.3463133],[123.1589626,-8.3458298]]]]}},
{"type":"Feature","properties":{"OBJECTID":82841.0,"NAMOBJ":"Boru","KDCBPS":"530601","WADMKC":"Wulanggitang","WADMKK":"Flores Timur","WADMPR":"Nusa Tenggara Timur","Penduduk":15262,"luas_km2":224.278},"geometry":{"type":"MultiPolygon","coordinates":[[[[122.7222152,-8.6334481],[122.7226588,-8.6335504],[122.7231946,-8.6336739],[122.7233566,-8.6336935],[122.7234099,-8.6337],[122.7239075,-8.6335215],[122.7244543,-8.6333254],[122.7247512,-8.6332604],[122.7251368,-8.6332947],[122.7255772,-8.6333527],[122.7259487,-8.6332408],[122.7262368,-8.6331086],[122.7264397,-8.6330616],[122.7268149,-8.6330046],[122.7271817,-8.6328727],[122.7273735,-8.6327811],[122.727615,-8.6326831],[122.7277139,-8.6326038],[122.7278601,-8.6323031],[122.727894,-8.6320422],[122.7275846,-8.6307786],[122.7274771,-8.6303679],[122.7274622,-8.6300354],[122.7276914,-8.6284816],[122.7278125,-8.628091],[122.7281084,-8.6273009],[122.7281793,-8.6269664],[122.7281561,-8.6267035],[122.7280251,-8.6264903],[122.7278716,-8.6260711],[122.7277768,-8.6259243],[122.7275518,-8.6257671],[122.7261568,-8.6254417],[122.7259343,-8.6253648],[122.7258208,-8.6252697],[122.7258381,-8.6250296],[122.7258402,-8.6250005],[122.7258931,-8.6242665],[122.7260018,-8.6238005],[122.7266966,-8.6216339],[122.7268629,-8.621074],[122.7269309,-8.6206704],[122.7267694,-8.6202713],[122.7267489,-8.6201328],[122.7271118,-8.6191816],[122.7274686,-8.6182878],[122.7280617,-8.6170085],[122.7281643,-8.6168206],[122.728426,-8.6163419],[122.7286721,-8.6159165],[122.7288711,-8.6155724],[122.7291907,-8.6150482],[122.7294515,-8.6145988],[122.7294891,-8.6145282],[122.7295838,-8.6143459],[122.7305646,-8.6135392],[122.730783,-8.6133679],[122.7309034,-8.6131594],[122.7310259,-8.6130307],[122.7314016,-8.6128365],[122.7316385,-8.6127009],[122.7317375,-8.6125945],[122.7318314,-8.6122128],[122.7318121,-8.612092],[122.7316744,-8.6119236],[122.7315507,-8.6116806],[122.7315119,-8.6113106],[122.7317837,-8.6109421],[122.7320812,-8.6106911],[122.7324995,-8.6104576],[122.7345559,-8.6095089],[122.7352287,-8.6092199],[122.7360146,-8.6089227],[122.7363395,-8.608778],[122.7372311,-8.6083763],[122.7377214,-8.6082492],[122.73845,-8.6080638],[122.7387331,-8.6079941],[122.7395449,-8.6078961],[122.7409177,-8.6077713],[122.7412869,-8.6077136],[122.741315,-8.6077093],[122.742625,-8.6076393],[122.7434466,-8.6076134],[122.7436286,-8.6076169],[122.7453504,-8.60765],[122.7460602,-8.607677],[122.7464706,-8.6077124],[122.7469877,-8.607757],[122.7472923,-8.6077501],[122.7481302,-8.6074057],[122.7486089,-8.6071597],[122.7490513,-8.6067772],[122.7492197,-8.6065357],[122.7494252,-8.6058561],[122.7495218,-8.6055745],[122.7498321,-8.6053757],[122.7500001,-8.6053036],[122.7500101,-8.6053004],[122.7500951,-8.6052724],[122.7511285,-8.6051744],[122.7514999,-8.6051567],[122.7527767,-8.6053204],[122.7534258,-8.6053609],[122.7540936,-8.6054362],[122.7552963,-8.6056641],[122.7565994,-8.6060377],[122.756891,-8.6061175],[122.7569277,-8.6056809],[122.7569436,-8.6054844],[122.757054,-8.6053569],[122.7571004,-8.605329],[122.7571709,-8.6049595],[122.7569824,-8.6045407],[122.7568915,-8.6043362],[122.7568529,-8.6038325],[122.7568615,-8.6037294],[122.7568966,-8.6036297],[122.7567478,-8.6034211],[122.7566062,-8.6032277],[122.7565918,-8.6030282],[122.7567336,-8.6028311],[122.7568545,-8.6028127],[122.7570081,-8.6028322],[122.7571586,-8.6027857],[122.7572496,-8.6026619],[122.7573206,-8.6022805],[122.7572547,-8.6021455],[122.7569361,-8.6014613],[122.7569262,-8.6013126],[122.7571667,-8.600967],[122.7574734,-8.6006496],[122.7577312,-8.6004279],[122.7578312,-8.6002864],[122.7579109,-8.6000623],[122.757951,-8.5995521],[122.7579686,-8.5994134],[122.7583246,-8.599193],[122.7584082,-8.5990953],[122.7584083,-8.5988525],[122.758269,-8.5986138],[122.7581932,-8.5978678],[122.7582757,-8.5976256],[122.7585054,-8.5973423],[122.7585801,-8.5972141],[122.7585969,-8.5970308],[122.7585276,-8.596804],[122.7584855,-8.5965374],[122.7587348,-8.596107],[122.7588356,-8.5959338],[122.7588375,-8.5955665],[122.7588085,-8.5954282],[122.7590441,-8.5949202],[122.7590855,-8.5940028],[122.759029,-8.5936497],[122.7590156,-8.5931413],[122.7590549,-8.5929722],[122.7591664,-8.5928371],[122.7592127,-8.592781],[122.7592977,-8.5926858],[122.7593292,-8.5925738],[122.7593256,-8.5923158],[122.7591668,-8.5920968],[122.7590907,-8.5919919],[122.7589355,-8.5918463],[122.7588235,-8.5916741],[122.7588573,-8.5914296],[122.7588815,-8.5912546],[122.758822,-8.5910479],[122.7587414,-8.5908025],[122.7587429,-8.5907766],[122.7589289,-8.5898992],[122.7591684,-8.5895558],[122.759328,-8.5893269],[122.7595818,-8.5891451],[122.759675,-8.5891189],[122.7598582,-8.5891356],[122.7600325,-8.589111],[122.7601705,-8.5890969],[122.7603354,-8.5891083],[122.7605588,-8.5889865],[122.760676,-8.5888505],[122.7608518,-8.5884801],[122.760911,-8.5881372],[122.7609348,-8.5878578],[122.7609304,-8.5874839],[122.7609874,-8.5873399],[122.7610419,-8.5872023],[122.7611744,-8.5870158],[122.7614831,-8.5867652],[122.7619382,-8.5866964],[122.7621526,-8.5866491],[122.7622663,-8.586573],[122.7627234,-8.5861255],[122.7629627,-8.5859009],[122.7630812,-8.585796],[122.7632279,-8.5856384],[122.7633069,-8.5855216],[122.76344,-8.5853056],[122.7635854,-8.5850569],[122.7638646,-8.5846868],[122.7641993,-8.5843118],[122.7642696,-8.5842055],[122.7645521,-8.5838773],[122.7648223,-8.5835029],[122.7648971,-8.5833234],[122.7649893,-8.583076],[122.76507,-8.5828595],[122.7651119,-8.5827888],[122.7647155,-8.5818051],[122.7646568,-8.581489],[122.7646307,-8.5813014],[122.76463,-8.5809387],[122.7645711,-8.5804927],[122.7645125,-8.5801815],[122.7645125,-8.5801365],[122.7645024,-8.579944],[122.7645012,-8.5792924],[122.7644586,-8.5789555],[122.7644711,-8.5787501],[122.7644708,-8.5785511],[122.7644186,-8.5782302],[122.7644185,-8.5781532],[122.7643596,-8.5777312],[122.7643332,-8.5774152],[122.7643326,-8.577091],[122.7643094,-8.5767284],[122.7643056,-8.5764203],[122.7642924,-8.5762566],[122.7642692,-8.5759229],[122.7642688,-8.575711],[122.764233,-8.5755089],[122.764275,-8.5751518],[122.7643415,-8.5749085],[122.7644569,-8.5745617],[122.764473,-8.5745071],[122.7646947,-8.574099],[122.764958,-8.5735128],[122.7650287,-8.5733699],[122.7651733,-8.5731193],[122.7652023,-8.5730743],[122.7654529,-8.5726277],[122.7655718,-8.5723964],[122.7655992,-8.5723626],[122.7657874,-8.572136],[122.7658099,-8.5721071],[122.7660351,-8.5718435],[122.7660544,-8.5717953],[122.7660704,-8.57176],[122.7661122,-8.5717021],[122.7661991,-8.571564],[122.7662151,-8.5715351],[122.7664466,-8.5711366],[122.7673368,-8.5695334],[122.7674282,-8.5692685],[122.7676897,-8.5686052],[122.7678923,-8.5682967],[122.7679405,-8.5681875],[122.7679694,-8.568165],[122.7679984,-8.568136],[122.7683493,-8.567853],[122.7685232,-8.5677178],[122.7686681,-8.5675924],[122.7687164,-8.567573],[122.7692158,-8.5673635],[122.7705141,-8.5666967],[122.7705366,-8.5666678],[122.770849,-8.5664778],[122.7711873,-8.5663392],[122.7712969,-8.566339],[122.7715386,-8.5662808],[122.7715677,-8.5662807],[122.7731334,-8.5655268],[122.7732364,-8.5654479],[122.7736744,-8.5651663],[122.7739996,-8.564925],[122.7740624,-8.5648671],[122.7742475,-8.5647159],[122.7744052,-8.5645648],[122.7744566,-8.5644716],[122.7745789,-8.5642996],[122.7746462,-8.564115],[122.7747106,-8.5640731],[122.7747746,-8.5638291],[122.7747746,-8.563797],[122.7748257,-8.563553],[122.7748915,-8.5633827],[122.7749059,-8.5633378],[122.775044,-8.5630615],[122.7751212,-8.5629458],[122.7751211,-8.5629009],[122.7751884,-8.5626408],[122.7751947,-8.5626055],[122.7753906,-8.5621943],[122.775561,-8.5618762],[122.775577,-8.5618248],[122.7762134,-8.5607597],[122.7763225,-8.5605043],[122.7771796,-8.5584358],[122.7772161,-8.5583172],[122.7772982,-8.5580889],[122.7773373,-8.5579448],[122.7777586,-8.5568538],[122.7781482,-8.5557411],[122.7781707,-8.5556737],[122.778373,-8.55524],[122.7784084,-8.5551919],[122.7784308,-8.555134],[122.7786397,-8.5547565],[122.7787134,-8.5545269],[122.7787902,-8.5542218],[122.7787998,-8.5541801],[122.7789153,-8.5538621],[122.7789152,-8.5538268],[122.7789696,-8.553586],[122.7789792,-8.5535442],[122.7790434,-8.5533708],[122.7793326,-8.5529017],[122.7794115,-8.5528104],[122.7795772,-8.5526188],[122.7796351,-8.5525513],[122.7796801,-8.552487],[122.7802024,-8.5518992],[122.7801665,-8.5518656],[122.7801054,-8.5518213],[122.7800592,-8.5517689],[122.7799236,-8.5516713],[122.7797365,-8.5516139],[122.7796441,-8.5515442],[122.7795105,-8.5514763],[122.779278,-8.5512681],[122.7789458,-8.5509],[122.7782892,-8.5501723],[122.7781292,-8.5499672],[122.7778691,-8.5496756],[122.7778336,-8.5496308],[122.7778238,-8.5496019],[122.7778045,-8.5495795],[122.7777139,-8.5494448],[122.7775621,-8.5492943],[122.7775394,-8.5492654],[122.7773068,-8.5490187],[122.7771954,-8.5489034],[122.7769095,-8.548599],[122.7768774,-8.5485638],[122.7766994,-8.5483683],[122.7766768,-8.5483491],[122.7766606,-8.5483203],[122.7764135,-8.5480495],[122.7762907,-8.5479149],[122.7762697,-8.5478877],[122.7762245,-8.5478429],[122.7759337,-8.5475609],[122.7759111,-8.5475321],[122.7757463,-8.5473623],[122.775624,-8.5472449],[122.7754588,-8.5470836],[122.7753102,-8.5469298],[122.7752876,-8.5469074],[122.7751301,-8.5467424],[122.7750227,-8.5466422],[122.7749171,-8.5465404],[122.7747804,-8.5463949],[122.7747417,-8.5463596],[122.7746436,-8.5462656],[122.7743218,-8.5459688],[122.7740957,-8.5457542],[122.7740537,-8.5457254],[122.7738179,-8.5455012],[122.7736306,-8.5453218],[122.7735886,-8.545293],[122.7735595,-8.5452577],[122.7732656,-8.5449951],[122.7732365,-8.5449695],[122.7731073,-8.544851],[122.7730363,-8.544803],[122.7730072,-8.5447806],[122.7728232,-8.54463],[122.7726132,-8.5444282],[122.7725777,-8.5444122],[122.7725422,-8.544377],[122.7723516,-8.5441928],[122.7706069,-8.54247],[122.7670447,-8.5389526],[122.7667262,-8.5386643],[122.7649302,-8.5386632],[122.7644034,-8.538846],[122.7638617,-8.5388695],[122.7636071,-8.53887],[122.7598473,-8.5389191],[122.757897,-8.5389446],[122.7578486,-8.538903],[122.7558882,-8.5389065],[122.7554465,-8.5388849],[122.7553366,-8.5388851],[122.7553127,-8.5375193],[122.7545023,-8.5360335],[122.7534217,-8.5341424],[122.7528814,-8.5325216],[122.7528814,-8.531576],[122.7524762,-8.5300902],[122.7520709,-8.5279291],[122.7520709,-8.5263082],[122.7520709,-8.5253627],[122.7523378,-8.5246398],[122.7528517,-8.5236118],[122.7532515,-8.522641],[122.7538387,-8.5211442],[122.7540322,-8.5209386],[122.7541313,-8.5208413],[122.754229,-8.5206837],[122.754294,-8.5205279],[122.7543638,-8.5203178],[122.7543796,-8.5201528],[122.7543088,-8.5199545],[122.7539977,-8.5194687],[122.7539446,-8.5193684],[122.7539442,-8.5190182],[122.753948,-8.5188656],[122.753932,-8.5186613],[122.7539235,-8.5186202],[122.7538064,-8.5182625],[122.7535762,-8.5172926],[122.7535274,-8.5171072],[122.7534798,-8.5170146],[122.7532789,-8.5166598],[122.7532522,-8.5166126],[122.7531294,-8.5164219],[122.7530223,-8.5161461],[122.7530144,-8.5159816],[122.7530136,-8.5159644],[122.7530511,-8.5158484],[122.7531759,-8.5156994],[122.7534568,-8.5154049],[122.7536198,-8.515135],[122.7537526,-8.5148619],[122.7538237,-8.5147552],[122.7538523,-8.5143691],[122.7537069,-8.5137648],[122.7537037,-8.5137224],[122.7536781,-8.513389],[122.7537021,-8.513088],[122.7537015,-8.5128178],[122.753701,-8.5126003],[122.7536493,-8.5123664],[122.753643,-8.512338],[122.753539,-8.5119982],[122.7535153,-8.5117481],[122.7535462,-8.5114711],[122.7535137,-8.5113296],[122.7533952,-8.5111916],[122.7530952,-8.51046],[122.7526776,-8.5100283],[122.7525748,-8.5092907],[122.7516565,-8.5086824],[122.7513777,-8.5084759],[122.751014,-8.5082065],[122.7500384,-8.5079686],[122.7496101,-8.5079686],[122.749398,-8.5077581],[122.7453226,-8.5098175],[122.7429475,-8.5112116],[122.7423021,-8.5115904],[122.7401303,-8.512862],[122.7400199,-8.5127611],[122.7396749,-8.5126302],[122.7393968,-8.5125788],[122.7382843,-8.5133236],[122.7379214,-8.5127775],[122.7377646,-8.5124472],[122.73765,-8.5122646],[122.7374634,-8.5119399],[122.7373879,-8.511705],[122.7377687,-8.5111827],[122.7378673,-8.5110835],[122.7379917,-8.5110547],[122.7381253,-8.5110801],[122.7385065,-8.5111618],[122.7388193,-8.5110968],[122.7389369,-8.5110086],[122.7389403,-8.5109388],[122.7390125,-8.5104102],[122.7391005,-8.5103394],[122.7401382,-8.5095775],[122.7407154,-8.5091974],[122.7411833,-8.508772],[122.7413363,-8.5086128],[122.7408788,-8.5082424],[122.7407543,-8.5080409],[122.7407155,-8.5079015],[122.7407857,-8.5077233],[122.7409883,-8.5074911],[122.7413857,-8.5072125],[122.7415695,-8.5070104],[122.7417009,-8.5070051],[122.7420058,-8.5068328],[122.7424693,-8.5065976],[122.7426737,-8.5064859],[122.7428929,-8.5062217],[122.7430018,-8.5059714],[122.7431311,-8.5056864],[122.7432753,-8.5055453],[122.743384,-8.5055527],[122.7434469,-8.5056406],[122.7435269,-8.5057843],[122.7436917,-8.5059564],[122.7437374,-8.5059772],[122.7441066,-8.5056309],[122.7443381,-8.505411],[122.7446294,-8.5051446],[122.7448805,-8.5049535],[122.7451273,-8.5048394],[122.7454198,-8.504744],[122.7455655,-8.5048262],[122.7457031,-8.5049167],[122.745897,-8.5048811],[122.7460435,-8.5048225],[122.7463067,-8.5048632],[122.7463894,-8.5047758],[122.7464036,-8.5046342],[122.7464099,-8.5044047],[122.7466818,-8.5043823],[122.7469722,-8.5042899],[122.747257,-8.5042011],[122.7475335,-8.5041204],[122.7477851,-8.5040233],[122.7481253,-8.504004],[122.7486356,-8.5038902],[122.7487277,-8.5037772],[122.7489012,-8.503608],[122.7489208,-8.503541],[122.7487923,-8.5034116],[122.7487308,-8.5032933],[122.7488081,-8.5032121],[122.7490218,-8.5030573],[122.7491303,-8.5030504],[122.7495037,-8.5031809],[122.7495986,-8.5031169],[122.7497253,-8.5029341],[122.7500101,-8.5025235],[122.7517399,-8.5000288],[122.7517598,-8.5000001],[122.751872,-8.4993774],[122.7520805,-8.4988713],[122.7524047,-8.4982964],[122.7525246,-8.4981083],[122.7527576,-8.4977429],[122.7528447,-8.4976064],[122.7532383,-8.4969625],[122.7537015,-8.4961345],[122.7541645,-8.4952605],[122.7544426,-8.4947315],[122.7549523,-8.4935584],[122.7554851,-8.4923164],[122.7558326,-8.4914653],[122.7562496,-8.4904763],[122.7565971,-8.4896942],[122.7569856,-8.4887185],[122.7569909,-8.4887051],[122.7573617,-8.487647],[122.7577093,-8.4866809],[122.75808,-8.4856688],[122.7584739,-8.4846797],[122.7588909,-8.4835986],[122.7591921,-8.4827935],[122.7595165,-8.4819425],[122.7597484,-8.4810453],[122.7599463,-8.4803332],[122.760162,-8.4797269],[122.7598225,-8.4796327],[122.759495,-8.4795612],[122.759106,-8.4795203],[122.7587988,-8.4795303],[122.7583279,-8.4795707],[122.7577954,-8.4796722],[122.757478,-8.4797535],[122.7566179,-8.4799973],[122.7563004,-8.4800582],[122.756024,-8.4800784],[122.755635,-8.4801087],[122.7551948,-8.4800983],[122.7544883,-8.4800469],[122.7538844,-8.4799753],[122.7530756,-8.4798525],[122.752441,-8.4797707],[122.7519086,-8.479699],[122.7514275,-8.4796478],[122.7508952,-8.4795762],[122.7503936,-8.4794842],[122.7500101,-8.4794117],[122.7500001,-8.4794098],[122.7498555,-8.4794246],[122.7498055,-8.4794246],[122.7493946,-8.4794608],[122.7488474,-8.4795277],[122.7486052,-8.4795154],[122.7481133,-8.4794475],[122.7478068,-8.4793534],[122.747779,-8.4793275],[122.7477515,-8.4793165],[122.7473165,-8.4792007],[122.7470322,-8.4791011],[122.7469575,-8.4790552],[122.7467314,-8.4789581],[122.7462798,-8.4789106],[122.7460549,-8.4789168],[122.7458839,-8.4788985],[122.7456098,-8.4788067],[122.7453293,-8.4787127],[122.744824,-8.4784874],[122.7443286,-8.4781676],[122.7441537,-8.4779168],[122.7441387,-8.4776139],[122.7444115,-8.4771574],[122.7447158,-8.4770005],[122.7449448,-8.4768356],[122.7451926,-8.4762187],[122.7452144,-8.4761034],[122.7452067,-8.4758535],[122.7451679,-8.475612],[122.7450057,-8.4745777],[122.7448553,-8.4741283],[122.7444032,-8.4736187],[122.74404,-8.4732567],[122.7437288,-8.4730206],[122.743288,-8.4726903],[122.7431994,-8.4725419],[122.7428781,-8.4720832],[122.742836,-8.4719242],[122.7427653,-8.4716292],[122.7426672,-8.4713557],[122.7425871,-8.4710902],[122.7424559,-8.4708891],[122.742379,-8.4707474],[122.7422775,-8.4704479],[122.7422058,-8.4703484],[122.7420671,-8.4701187],[122.741876,-8.46971],[122.7416995,-8.4695592],[122.7412593,-8.4692214],[122.7405427,-8.4688671],[122.7401765,-8.4686704],[122.7401253,-8.4683833],[122.7400297,-8.4681231],[122.7397977,-8.4675902],[122.7397407,-8.4674794],[122.7395857,-8.4673269],[122.7392399,-8.4669988],[122.7391017,-8.4668925],[122.7388574,-8.466626],[122.7388197,-8.4663624],[122.7387893,-8.4661242],[122.7387599,-8.4659212],[122.7387685,-8.4656561],[122.7387424,-8.4653651],[122.7386202,-8.4644338],[122.7386107,-8.4642097],[122.7385412,-8.4640467],[122.7382775,-8.4637242],[122.7379223,-8.4633867],[122.7375,-8.463109],[122.7373066,-8.4629439],[122.7372321,-8.4628126],[122.7371255,-8.4627421],[122.7367096,-8.4625965],[122.736641,-8.4626299],[122.736545,-8.4626765],[122.7364936,-8.4625418],[122.7363927,-8.4623042],[122.7362785,-8.4621578],[122.7360521,-8.4618289],[122.7359454,-8.4614311],[122.7360035,-8.4613222],[122.7362779,-8.4608944],[122.7364186,-8.4607718],[122.7366617,-8.4606095],[122.7369788,-8.4604623],[122.7372723,-8.4602131],[122.7377284,-8.459795],[122.7378766,-8.459959],[122.7382199,-8.4602288],[122.7384195,-8.4603325],[122.7387015,-8.4604338],[122.7391266,-8.4604755],[122.739713,-8.4605094],[122.7400019,-8.4605788],[122.740502,-8.460568],[122.7409569,-8.4604838],[122.7412864,-8.4603651],[122.7416536,-8.4600655],[122.7417537,-8.459919],[122.7418936,-8.4596905],[122.7420166,-8.4595496],[122.7421922,-8.459343],[122.7423187,-8.4591916],[122.7424021,-8.4590936],[122.7429108,-8.4583649],[122.742902,-8.4578631],[122.7428726,-8.4574575],[122.742907,-8.4569463],[122.7429848,-8.4567236],[122.7431013,-8.4565011],[122.7433023,-8.4562816],[122.7433704,-8.4562891],[122.7434103,-8.4562694],[122.7444979,-8.4556519],[122.7447418,-8.4554416],[122.7453365,-8.4548986],[122.7456777,-8.4548556],[122.7457581,-8.4548971],[122.7459345,-8.4550831],[122.7460538,-8.455218],[122.7462347,-8.455291],[122.7464275,-8.4553183],[122.746985,-8.4553523],[122.747165,-8.4554364],[122.7473492,-8.4556106],[122.7474862,-8.4558458],[122.747855,-8.4563518],[122.7479884,-8.4564433],[122.7485513,-8.4565086],[122.7487714,-8.4564585],[122.7489082,-8.4563917],[122.7491511,-8.456218],[122.7492035,-8.4560901],[122.7492918,-8.4557718],[122.749287,-8.4555448],[122.7492212,-8.4553929],[122.749141,-8.4551983],[122.7490682,-8.4549747],[122.7485879,-8.4538014],[122.7484916,-8.4534954],[122.7482885,-8.4522449],[122.748169,-8.4512402],[122.7482297,-8.4511564],[122.748485,-8.4509731],[122.7485948,-8.4510008],[122.7488464,-8.4511146],[122.7491132,-8.4511861],[122.7492235,-8.4511443],[122.7494856,-8.4509218],[122.7499214,-8.4508379],[122.7500001,-8.4508258],[122.7500101,-8.4508243],[122.7504401,-8.4507584],[122.7513608,-8.4506779],[122.7518712,-8.4506427],[122.7523502,-8.4505167],[122.7531947,-8.4501793],[122.754268,-8.4494943],[122.7543945,-8.449427],[122.7545632,-8.4494168],[122.7547137,-8.4494398],[122.7553556,-8.4495382],[122.7557825,-8.4494747],[122.7559683,-8.4493762],[122.7561417,-8.4492499],[122.7561724,-8.4490439],[122.7561375,-8.4487813],[122.7560008,-8.448487],[122.755892,-8.448305],[122.7555467,-8.4479214],[122.7553231,-8.447772],[122.7551516,-8.447596],[122.7551425,-8.4474559],[122.7551791,-8.4470488],[122.755661,-8.446619],[122.7562159,-8.4464433],[122.7564943,-8.4464047],[122.7573166,-8.4463538],[122.7576657,-8.4464587],[122.7578991,-8.446497],[122.7581477,-8.4465642],[122.758368,-8.4467067],[122.7585889,-8.4469394],[122.7591924,-8.4475913],[122.7592571,-8.4476651],[122.759315,-8.4477311],[122.7595259,-8.4478754],[122.7598124,-8.4480077],[122.7599275,-8.4479919],[122.7602011,-8.4478724],[122.760429,-8.4476622],[122.7605712,-8.447412],[122.7608319,-8.4469979],[122.761001,-8.4467078],[122.7612857,-8.4459529],[122.7613503,-8.4454759],[122.7613491,-8.4448466],[122.7615154,-8.4435987],[122.7616438,-8.4431647],[122.7617383,-8.4430533],[122.7617929,-8.4429234],[122.7618983,-8.44273],[122.762046,-8.4425916],[122.7623225,-8.442526],[122.7628491,-8.4425978],[122.7632502,-8.4427023],[122.7639087,-8.4428207],[122.7645877,-8.4427628],[122.7654428,-8.4427154],[122.765742,-8.4427243],[122.7660177,-8.4427432],[122.7662487,-8.4427855],[122.7664975,-8.4428532],[122.7667548,-8.4429461],[122.7667986,-8.4429635],[122.7668696,-8.442992],[122.767024,-8.4430609],[122.7674853,-8.4432718],[122.7679339,-8.4434953],[122.7683312,-8.443757],[122.768671,-8.4439481],[122.7689521,-8.4440714],[122.769222,-8.4441302],[122.7693363,-8.4441401],[122.7694528,-8.4441501],[122.7697292,-8.4441542],[122.7698694,-8.4441596],[122.7702669,-8.444128],[122.770582,-8.4440748],[122.7707345,-8.4440496],[122.7708443,-8.4440199],[122.7712493,-8.4439589],[122.7715555,-8.4439247],[122.771985,-8.4439185],[122.7724273,-8.4439188],[122.7727092,-8.4438865],[122.7729657,-8.4438231],[122.7730312,-8.4437838],[122.7730813,-8.4437534],[122.7731519,-8.4436132],[122.773229,-8.4433135],[122.7732868,-8.4430775],[122.773351,-8.4428672],[122.7734666,-8.442593],[122.773606,-8.4423745],[122.7737597,-8.4422213],[122.7738674,-8.4421178],[122.7739357,-8.442059],[122.7740952,-8.441943],[122.7742426,-8.441841],[122.7743004,-8.4417263],[122.7743069,-8.4416306],[122.7743018,-8.4416041],[122.7742813,-8.4414967],[122.7741916,-8.4413627],[122.7740955,-8.4412862],[122.7739161,-8.4412159],[122.7737302,-8.4411521],[122.773486,-8.4411096],[122.7734354,-8.4411009],[122.773102,-8.4410879],[122.7728072,-8.4410941],[122.772748,-8.441091],[122.7724418,-8.4410748],[122.7721982,-8.4410428],[122.7720188,-8.4409853],[122.7718457,-8.4409214],[122.7715958,-8.4407809],[122.7715621,-8.4407598],[122.7713011,-8.4405959],[122.7710319,-8.440398],[122.77075,-8.4401428],[122.7707244,-8.4401156],[122.7705514,-8.4399323],[122.7703464,-8.4396962],[122.7701479,-8.4394028],[122.769943,-8.4390455],[122.7696932,-8.438599],[122.769546,-8.4383056],[122.769418,-8.4380314],[122.7693228,-8.4378542],[122.7693027,-8.437789],[122.7691683,-8.4375147],[122.7690146,-8.437183],[122.768829,-8.4367556],[122.7686881,-8.4363985],[122.7685985,-8.4361752],[122.768509,-8.435901],[122.7684386,-8.4356012],[122.7683998,-8.4354132],[122.7683939,-8.4353844],[122.7683173,-8.4348232],[122.7682982,-8.4345745],[122.768292,-8.4343194],[122.7682985,-8.4340771],[122.7683053,-8.4338472],[122.7680352,-8.4339806],[122.7677598,-8.4341135],[122.7674043,-8.434537],[122.7671817,-8.4347859],[122.7670528,-8.434866],[122.7667137,-8.4350769],[122.7665084,-8.4351844],[122.7663476,-8.4352802],[122.766061,-8.4355169],[122.7659439,-8.4355633],[122.7657929,-8.4354976],[122.7654594,-8.4352618],[122.7652279,-8.4350596],[122.764428,-8.4345958],[122.7640572,-8.4343324],[122.763985,-8.4342261],[122.7640189,-8.433715],[122.7640366,-8.4335739],[122.7639855,-8.4333444],[122.7639517,-8.4333129],[122.7635932,-8.4329774],[122.763373,-8.4328464],[122.7628742,-8.4326443],[122.762453,-8.4325145],[122.7622053,-8.4324161],[122.7619513,-8.4322746],[122.7618835,-8.432217],[122.7616103,-8.431985],[122.7612375,-8.4317124],[122.7605642,-8.4313851],[122.7603332,-8.4312733],[122.759529,-8.4309511],[122.7592629,-8.4308168],[122.7589537,-8.4306418],[122.7585662,-8.4304278],[122.7581855,-8.4300785],[122.7579876,-8.4297628],[122.7578764,-8.4293875],[122.7572319,-8.4288605],[122.7563059,-8.4283888],[122.7561808,-8.4282987],[122.7560289,-8.428061],[122.7559133,-8.4278624],[122.7557653,-8.4277286],[122.7551661,-8.4276229],[122.754971,-8.4275845],[122.7548977,-8.4275431],[122.7548831,-8.4271399],[122.7548712,-8.4269505],[122.7547659,-8.4267147],[122.7547281,-8.4266742],[122.7546285,-8.4265673],[122.7543146,-8.4264426],[122.7539758,-8.4263907],[122.7531627,-8.4260354],[122.7528613,-8.4258101],[122.7528108,-8.4257263],[122.7526149,-8.4252182],[122.7524821,-8.4250211],[122.7524489,-8.4249108],[122.752469,-8.4247843],[122.7525347,-8.4245202],[122.7525449,-8.424322],[122.7525004,-8.4241995],[122.7523612,-8.4236592],[122.7523262,-8.4234737],[122.7523052,-8.4232901],[122.7523222,-8.4229752],[122.7524256,-8.4227827],[122.7526488,-8.4225659],[122.7529367,-8.4223125],[122.753076,-8.4221455],[122.7532603,-8.4217802],[122.7533188,-8.421602],[122.7531663,-8.4210421],[122.7528789,-8.4206205],[122.7527061,-8.42049],[122.7524477,-8.4204199],[122.7521912,-8.4203852],[122.7518245,-8.4204007],[122.7512912,-8.4205248],[122.7510849,-8.4206498],[122.7507322,-8.4210819],[122.7503909,-8.4214153],[122.7501243,-8.4216112],[122.7500101,-8.4218266],[122.7500001,-8.4218453],[122.7499842,-8.4218753],[122.7499383,-8.4220764],[122.7496856,-8.4229099],[122.7494097,-8.4234749],[122.7488791,-8.4242578],[122.7486689,-8.4244844],[122.7481366,-8.4248052],[122.747318,-8.4249889],[122.7469484,-8.425049],[122.7465783,-8.425139],[122.7462984,-8.4251378],[122.746091,-8.4250851],[122.7458202,-8.424973],[122.7456255,-8.4248146],[122.7453879,-8.424555],[122.7451745,-8.4244348],[122.7449431,-8.4243596],[122.7447975,-8.4243628],[122.7446254,-8.4244025],[122.7444048,-8.4243839],[122.7441259,-8.4240719],[122.7440086,-8.4239882],[122.7437354,-8.4239379],[122.7435992,-8.4239585],[122.7433129,-8.4240727],[122.7430732,-8.4241774],[122.7428521,-8.4242437],[122.7426893,-8.4241915],[122.742321,-8.4239415],[122.7420993,-8.4237732],[122.7417947,-8.4229733],[122.7417306,-8.4227981],[122.7413229,-8.4224931],[122.7409875,-8.4223841],[122.7406496,-8.4222543],[122.7405804,-8.422171],[122.740545,-8.4218615],[122.7405798,-8.4213098],[122.7406343,-8.4209676],[122.7406335,-8.4204242],[122.7404903,-8.4198336],[122.7403794,-8.41951],[122.7402626,-8.4192894],[122.7401024,-8.4186172],[122.7400651,-8.4183882],[122.7399706,-8.4178252],[122.7399542,-8.4176764],[122.7398832,-8.417531],[122.7396109,-8.4173985],[122.7392044,-8.4173279],[122.7388883,-8.4172161],[122.7387654,-8.4171398],[122.7386491,-8.4169979],[122.7386134,-8.4166405],[122.7382744,-8.416213],[122.7377168,-8.4158076],[122.7374503,-8.4156966],[122.7365528,-8.4153278],[122.7361876,-8.4151193],[122.7353121,-8.4146215],[122.7349848,-8.4144782],[122.7347321,-8.4144397],[122.7342823,-8.4145508],[122.7329712,-8.4149245],[122.732601,-8.4150108],[122.7322132,-8.4151034],[122.7316774,-8.4151411],[122.731089,-8.4151343],[122.7305271,-8.4151727],[122.7302174,-8.4151628],[122.7300085,-8.4151139],[122.729831,-8.4150297],[122.7296331,-8.4148432],[122.7294304,-8.4146964],[122.7289536,-8.4145631],[122.7288152,-8.4144643],[122.7285512,-8.4141118],[122.7284187,-8.413914],[122.7279175,-8.4135492],[122.72769,-8.4133959],[122.7273592,-8.4131795],[122.7269249,-8.4129058],[122.7267017,-8.4126744],[122.7265461,-8.4124536],[122.7264653,-8.4123136],[122.7263116,-8.4121344],[122.7262885,-8.412115],[122.7260456,-8.4119066],[122.725793,-8.4117478],[122.7253436,-8.4112566],[122.7252339,-8.410983],[122.7251722,-8.4108577],[122.7249554,-8.4105679],[122.7248378,-8.4103687],[122.7247444,-8.4102119],[122.7242073,-8.4096607],[122.7240687,-8.4095428],[122.7238244,-8.4094334],[122.723617,-8.4093415],[122.7233668,-8.4092433],[122.7229033,-8.4091288],[122.7224933,-8.4089587],[122.7221273,-8.4086706],[122.7217867,-8.4083951],[122.7211045,-8.4076976],[122.7210643,-8.4076586],[122.7201567,-8.406922],[122.7192529,-8.4064715],[122.7182818,-8.4063708],[122.7172438,-8.40647],[122.7160045,-8.4068524],[122.7152844,-8.4071517],[122.7141287,-8.407721],[122.7138149,-8.4078755],[122.7133452,-8.4081069],[122.7107624,-8.4091812],[122.7094561,-8.4096634],[122.7076143,-8.409812],[122.7058399,-8.4093941],[122.7033294,-8.4081926],[122.7030828,-8.4081358],[122.7028941,-8.4080923],[122.7027065,-8.4080389],[122.7022363,-8.4079402],[122.7017053,-8.408158],[122.7012864,-8.4086243],[122.7011518,-8.4094572],[122.7012451,-8.4112834],[122.7012612,-8.4121998],[122.7006569,-8.4141654],[122.7001534,-8.4157978],[122.6998173,-8.4173638],[122.6998835,-8.4183635],[122.6996319,-8.4189631],[122.6992158,-8.4194187],[122.6990283,-8.4195458],[122.6983954,-8.4200974],[122.6982194,-8.4202503],[122.6978888,-8.4213111],[122.6976411,-8.4217345],[122.6971679,-8.4225435],[122.6966989,-8.422743],[122.6958952,-8.4228258],[122.6950857,-8.422786],[122.6933111,-8.4225847],[122.6926582,-8.4225176],[122.6919045,-8.4228169],[122.6914355,-8.4231164],[122.6904279,-8.4232627],[122.6892923,-8.4231147],[122.6881705,-8.4230805],[122.6869358,-8.4231525],[122.6864794,-8.4231791],[122.6853742,-8.4232949],[122.6847549,-8.4231445],[122.6842863,-8.4228442],[122.6837772,-8.4217756],[122.6837849,-8.421817],[122.683927,-8.4225734],[122.6839827,-8.4229855],[122.683996,-8.4230841],[122.6840057,-8.4231587],[122.6840197,-8.4232564],[122.6840197,-8.4232565],[122.6841399,-8.4241174],[122.6842111,-8.4251133],[122.6842117,-8.4253668],[122.6842117,-8.4261522],[122.6841724,-8.4272847],[122.6841577,-8.4276891],[122.6841298,-8.4282],[122.684021,-8.4301462],[122.684064,-8.4307274],[122.6841242,-8.4315904],[122.6842299,-8.432386],[122.6842299,-8.4323861],[122.6842804,-8.4327793],[122.6843161,-8.4330289],[122.6844479,-8.4339494],[122.6844479,-8.4339495],[122.6844709,-8.4341119],[122.6844862,-8.4342603],[122.6846314,-8.4356928],[122.6848526,-8.4372368],[122.6848082,-8.4377245],[122.6847225,-8.4386614],[122.6846411,-8.4390186],[122.684641,-8.4390188],[122.6842499,-8.4407253],[122.6836701,-8.4425345],[122.6832352,-8.4435778],[122.6831947,-8.4436892],[122.6827474,-8.4449155],[122.6825849,-8.4453611],[122.6825132,-8.4455663],[122.6819306,-8.4471941],[122.6812929,-8.4486444],[122.6812661,-8.4487038],[122.680547,-8.4504559],[122.6799545,-8.4517915],[122.6798428,-8.4521168],[122.6794739,-8.4531899],[122.6794434,-8.4544096],[122.6791077,-8.4553413],[122.6787796,-8.4558439],[122.6781845,-8.4564457],[122.6777982,-8.4567311],[122.6777982,-8.4567312],[122.6774036,-8.4570211],[122.6772165,-8.4571165],[122.6765505,-8.4574689],[122.6764374,-8.4575281],[122.675499,-8.457922],[122.6752942,-8.4580489],[122.6751216,-8.458156],[122.6743317,-8.4586458],[122.6736298,-8.4591846],[122.6734238,-8.4597063],[122.6734946,-8.4597745],[122.6734947,-8.4597746],[122.6734947,-8.4597747],[122.6740697,-8.4603347],[122.6742694,-8.4604191],[122.6744045,-8.4604752],[122.6746368,-8.4605761],[122.6757571,-8.4611074],[122.6758256,-8.4611407],[122.6768917,-8.4618167],[122.6769534,-8.4618713],[122.6777388,-8.4625666],[122.6779522,-8.4630459],[122.6781106,-8.4634017],[122.6774268,-8.4645476],[122.6772993,-8.4647614],[122.6765819,-8.466053],[122.6765002,-8.4670037],[122.6764969,-8.467042],[122.6770372,-8.4679525],[122.6777706,-8.4690131],[122.6778817,-8.4694015],[122.6780112,-8.4698541],[122.6783789,-8.4705016],[122.678379,-8.4705018],[122.6784892,-8.4706959],[122.6787098,-8.4710265],[122.6789304,-8.4713571],[122.6793949,-8.4716735],[122.6798031,-8.4719515],[122.6811941,-8.4726909],[122.6819047,-8.4733896],[122.6819048,-8.4733897],[122.6821281,-8.4736092],[122.6821903,-8.4737651],[122.6824067,-8.4743071],[122.6824297,-8.4748145],[122.6824297,-8.4748146],[122.682447,-8.4751971],[122.6825058,-8.4756401],[122.6825504,-8.4759753],[122.6826671,-8.4764262],[122.6828584,-8.4771649],[122.6830297,-8.4774895],[122.6833486,-8.4780939],[122.6834154,-8.4781755],[122.6834155,-8.4781756],[122.6834155,-8.4781756],[122.6836348,-8.4784434],[122.6838482,-8.478729],[122.683896,-8.4787929],[122.6839519,-8.4788677],[122.684206,-8.4792405],[122.6842062,-8.4792407],[122.6844337,-8.4795745],[122.6846483,-8.4798342],[122.6848785,-8.4801128],[122.6848799,-8.4801145],[122.6849021,-8.4801414],[122.6849041,-8.4801437],[122.6849144,-8.4801561],[122.6849337,-8.4801791],[122.6857386,-8.4811418],[122.6861442,-8.4817544],[122.6863399,-8.4820501],[122.6868651,-8.4836636],[122.6868634,-8.4841111],[122.6868613,-8.4846779],[122.6865238,-8.4863131],[122.6863348,-8.4867044],[122.6856622,-8.4877348],[122.6852602,-8.4882622],[122.6851251,-8.4884388],[122.6847078,-8.4889842],[122.6846383,-8.489075],[122.6839309,-8.4899487],[122.6837843,-8.4901296],[122.6837699,-8.4901548],[122.6837699,-8.4901549],[122.6833946,-8.490811],[122.6833549,-8.4908804],[122.6833522,-8.490885],[122.6833439,-8.4908995],[122.6831378,-8.4917869],[122.6830898,-8.4919937],[122.6828042,-8.4931376],[122.6821359,-8.4941674],[122.6821358,-8.4941677],[122.6820479,-8.4941817],[122.6817552,-8.4942535],[122.68167,-8.4942748],[122.6815699,-8.4943],[122.6813415,-8.4944082],[122.6812532,-8.4945167],[122.6811246,-8.4946747],[122.6810396,-8.4947792],[122.6809824,-8.4948495],[122.6808525,-8.4951067],[122.680427,-8.4959828],[122.6803469,-8.4961549],[122.6803469,-8.4961549],[122.6801846,-8.4965033],[122.6799868,-8.4968086],[122.6799057,-8.4969641],[122.6799057,-8.4969642],[122.6798776,-8.497018],[122.6798617,-8.4970858],[122.679863,-8.4972089],[122.6798656,-8.4974625],[122.6798695,-8.4975631],[122.6798747,-8.4976964],[122.6799061,-8.4981528],[122.6799308,-8.4983079],[122.6799317,-8.4983137],[122.679932,-8.4983269],[122.6799378,-8.4985698],[122.6799534,-8.4988139],[122.6799677,-8.4988783],[122.679995,-8.4990018],[122.68,-8.4990917],[122.6800054,-8.4991906],[122.6800216,-8.4992789],[122.6800417,-8.4993879],[122.6800858,-8.499529],[122.6800858,-8.4995291],[122.6800987,-8.4995703],[122.6801696,-8.4996453],[122.6803462,-8.4998319],[122.6804505,-8.5000005],[122.6804557,-8.5000288],[122.6804728,-8.5001211],[122.6804729,-8.5001215],[122.6805036,-8.500288],[122.6802894,-8.5005614],[122.6786626,-8.5009597],[122.6782403,-8.5010587],[122.6775006,-8.5012321],[122.676321,-8.5016387],[122.6759794,-8.5017565],[122.6747961,-8.5023022],[122.6747476,-8.5023285],[122.6745636,-8.5024282],[122.6743835,-8.502613],[122.6741914,-8.50281],[122.674191,-8.5028105],[122.6741762,-8.5028508],[122.6741562,-8.5028953],[122.6739807,-8.503314],[122.6737747,-8.5039463],[122.6736908,-8.5041208],[122.6736298,-8.5043039],[122.6735592,-8.504494],[122.673489,-8.5046739],[122.6732989,-8.5051653],[122.6732304,-8.5054306],[122.6731568,-8.5057049],[122.6729584,-8.5063057],[122.6729085,-8.5065379],[122.6728488,-8.5068024],[122.6728345,-8.5069132],[122.6728095,-8.5071071],[122.6727753,-8.5073547],[122.6726773,-8.5076629],[122.6726761,-8.5076665],[122.6726738,-8.5076712],[122.6724701,-8.5080805],[122.6722794,-8.5085983],[122.6722825,-8.5086129],[122.6722825,-8.508613],[122.6723217,-8.5088121],[122.672355,-8.5091398],[122.6723591,-8.5091803],[122.6723633,-8.5092297],[122.6723391,-8.5094048],[122.6723391,-8.5094048],[122.6722854,-8.509782],[122.6722705,-8.5098483],[122.6722336,-8.5099974],[122.6721268,-8.5102634],[122.6721209,-8.5102789],[122.6720734,-8.5104036],[122.6719437,-8.5107355],[122.6719273,-8.5107833],[122.6719193,-8.5108025],[122.6718026,-8.5109928],[122.6717682,-8.5110483],[122.6717617,-8.5110674],[122.6717194,-8.5111834],[122.6716443,-8.5113274],[122.6714704,-8.5115259],[122.6714028,-8.5115964],[122.6713104,-8.511692],[122.6712615,-8.5117781],[122.6711097,-8.512041],[122.6710564,-8.5123146],[122.6709976,-8.5126038],[122.6709392,-8.5126832],[122.6708722,-8.5127701],[122.6706664,-8.5129278],[122.6705084,-8.5131155],[122.6704712,-8.5131588],[122.6704097,-8.5132237],[122.6700861,-8.5135608],[122.6698138,-8.5136199],[122.6696751,-8.5136601],[122.6694002,-8.5137145],[122.669281,-8.5137377],[122.6690597,-8.5138273],[122.6689453,-8.5139475],[122.6689218,-8.5140157],[122.6688966,-8.5140798],[122.6688551,-8.5143884],[122.6688156,-8.5146627],[122.668747,-8.5150032],[122.6687069,-8.5151064],[122.668661,-8.5152198],[122.6685165,-8.5155659],[122.6685164,-8.515566],[122.6685104,-8.5155802],[122.6684193,-8.5156125],[122.6682168,-8.5155897],[122.6680145,-8.5155668],[122.6674957,-8.515482],[122.6674951,-8.5154821],[122.6674928,-8.5154818],[122.66729,-8.5155375],[122.66716,-8.5155726],[122.6671317,-8.5155899],[122.6670888,-8.5156141],[122.6670593,-8.5157081],[122.6670221,-8.5158092],[122.6666605,-8.5163314],[122.6666322,-8.5163704],[122.6659001,-8.5175569],[122.6658136,-8.5176971],[122.6657655,-8.5177149],[122.6657639,-8.5177155],[122.6657638,-8.5177155],[122.6657631,-8.5177158],[122.6656802,-8.5178674],[122.6656342,-8.517951],[122.6656331,-8.5179548],[122.6656154,-8.5180089],[122.6655622,-8.5181489],[122.665535,-8.5182161],[122.6654544,-8.5184038],[122.6654042,-8.5185186],[122.6653169,-8.5188347],[122.6651357,-8.5190984],[122.6650848,-8.5191698],[122.664978,-8.5193062],[122.6648483,-8.5195999],[122.6648026,-8.5197258],[122.6648208,-8.5197692],[122.664846,-8.5198341],[122.6649585,-8.5199206],[122.6650925,-8.5200252],[122.6652069,-8.5201111],[122.6653442,-8.5201759],[122.6654319,-8.5202368],[122.6654946,-8.5202821],[122.6655266,-8.5204743],[122.6655256,-8.520553],[122.6655197,-8.5208158],[122.6656113,-8.5210724],[122.6657944,-8.5213594],[122.6659394,-8.5217085],[122.6659991,-8.5218558],[122.6660897,-8.5221567],[122.6661096,-8.5222344],[122.6661301,-8.5223246],[122.6661377,-8.5226021],[122.6661682,-8.5227404],[122.6661992,-8.5229708],[122.666214,-8.5230808],[122.666214,-8.5231171],[122.6660996,-8.5236778],[122.6660934,-8.5237099],[122.6660823,-8.5237578],[122.6660555,-8.5237787],[122.6660156,-8.5238075],[122.6659607,-8.5239013],[122.6659217,-8.5239642],[122.6658487,-8.5240667],[122.6658401,-8.5240784],[122.6658401,-8.5241978],[122.6658393,-8.5244126],[122.6658461,-8.5244495],[122.6658707,-8.5246048],[122.6661224,-8.5250091],[122.6663208,-8.5252504],[122.6664429,-8.5254326],[122.6664695,-8.5254759],[122.666501,-8.5255322],[122.6665322,-8.5258122],[122.666451,-8.5261095],[122.6664124,-8.526247],[122.6664032,-8.5266481],[122.6664032,-8.5266483],[122.6663879,-8.5272495],[122.6663673,-8.5276056],[122.6663589,-8.5277405],[122.6662979,-8.5280132],[122.6662942,-8.5281041],[122.6662904,-8.5281571],[122.6662873,-8.5282004],[122.6662022,-8.528612],[122.6661301,-8.5289497],[122.6661065,-8.5290682],[122.6660905,-8.5291414],[122.6659936,-8.5292527],[122.6659936,-8.5292528],[122.6658478,-8.529418],[122.665739,-8.5298869],[122.6657389,-8.5298871],[122.6657176,-8.5299772],[122.6657069,-8.5300362],[122.6656494,-8.5303412],[122.6655808,-8.5305424],[122.6655134,-8.5306296],[122.6654902,-8.5306592],[122.6653486,-8.530839],[122.6653322,-8.530847],[122.6653312,-8.5308475],[122.6653057,-8.5308601],[122.6649613,-8.531029],[122.6649612,-8.531029],[122.6649612,-8.5310291],[122.6645737,-8.5312176],[122.6642456,-8.5315256],[122.6640625,-8.5318603],[122.6640237,-8.5319894],[122.6639625,-8.5321899],[122.6639583,-8.5322422],[122.6639529,-8.5322983],[122.6639404,-8.5324287],[122.6639562,-8.5325],[122.663962,-8.5325314],[122.6639542,-8.5326282],[122.6637866,-8.5347021],[122.6637783,-8.5350377],[122.6637497,-8.5360393],[122.663887,-8.537344],[122.6639082,-8.5375637],[122.6639446,-8.5379763],[122.6640381,-8.5387992],[122.664085,-8.5397358],[122.6640832,-8.5398367],[122.6640701,-8.5404234],[122.6640418,-8.540749],[122.6639981,-8.5412143],[122.6639171,-8.5418466],[122.6639012,-8.5419613],[122.6638685,-8.542303],[122.6638685,-8.542303],[122.6638413,-8.5425567],[122.663805,-8.5435374],[122.663803,-8.5435875],[122.6637947,-8.5436514],[122.6637039,-8.5443401],[122.6635819,-8.5454369],[122.6635452,-8.5458374],[122.6634868,-8.546437],[122.6634646,-8.5468257],[122.6634646,-8.5468258],[122.6634445,-8.5471296],[122.6633988,-8.5474459],[122.6633663,-8.5476583],[122.6630764,-8.5481624],[122.6625206,-8.5491545],[122.6620708,-8.5499352],[122.6619067,-8.5500945],[122.661377,-8.5506067],[122.6611419,-8.5508618],[122.6607024,-8.5513349],[122.6602449,-8.5517738],[122.6601715,-8.5518436],[122.6600638,-8.5519273],[122.6595205,-8.5523471],[122.6592065,-8.5527311],[122.6591096,-8.5532353],[122.659117,-8.5538998],[122.6589762,-8.5545293],[122.6589406,-8.5546887],[122.6587567,-8.5552459],[122.6587567,-8.555246],[122.6584854,-8.556057],[122.6583176,-8.5566654],[122.6583841,-8.5573672],[122.6583841,-8.5573674],[122.6584084,-8.5576307],[122.6583304,-8.5580412],[122.6581726,-8.5588636],[122.6580734,-8.5596075],[122.6580811,-8.5597668],[122.6584854,-8.5603285],[122.6585159,-8.5604534],[122.6584726,-8.56054],[122.6584701,-8.5605446],[122.6581497,-8.5607729],[122.6581494,-8.5607731],[122.6577148,-8.561117],[122.6569263,-8.5615965],[122.6567378,-8.5616917],[122.6566847,-8.5617185],[122.6564484,-8.5618362],[122.6560167,-8.5620625],[122.6557757,-8.5621879],[122.6556549,-8.5623319],[122.6556387,-8.562452],[122.6556572,-8.5625165],[122.6556702,-8.5625639],[122.6557121,-8.5626189],[122.6557913,-8.5627243],[122.6560563,-8.5631968],[122.6562721,-8.5640982],[122.6562805,-8.5641337],[122.6562927,-8.5649723],[122.6562958,-8.5651789],[122.6561432,-8.5658159],[122.6559777,-8.5662258],[122.6558914,-8.5664396],[122.6558282,-8.5666304],[122.6557659,-8.5668081],[122.655674,-8.5670513],[122.6555939,-8.567256],[122.6555721,-8.5673232],[122.6555224,-8.5674768],[122.6554642,-8.5676565],[122.6554723,-8.5677101],[122.6554753,-8.5677305],[122.6554835,-8.5678084],[122.6556356,-8.5680078],[122.6557617,-8.5681772],[122.655951,-8.5684589],[122.655951,-8.5684589],[122.6559976,-8.5685293],[122.656126,-8.5688176],[122.6561229,-8.5689423],[122.6561204,-8.5690425],[122.6561203,-8.569048],[122.6561203,-8.5690482],[122.65612,-8.5690564],[122.6561198,-8.5690661],[122.6561198,-8.5690662],[122.6561193,-8.5690886],[122.6561185,-8.5691174],[122.6561176,-8.5691538],[122.6560494,-8.5692895],[122.6559448,-8.5694895],[122.6556426,-8.5699629],[122.6554718,-8.5702305],[122.6551767,-8.5706253],[122.6549065,-8.5709835],[122.6549059,-8.5709843],[122.6549047,-8.5709859],[122.6549043,-8.5709898],[122.6548346,-8.5717053],[122.6548089,-8.5719593],[122.6547546,-8.5724964],[122.6546195,-8.5731413],[122.654541,-8.5735159],[122.654424,-8.5740905],[122.6542679,-8.5748575],[122.6541672,-8.5753527],[122.6537628,-8.5769529],[122.6536753,-8.5773301],[122.6536753,-8.5773302],[122.6536753,-8.5773303],[122.6535245,-8.5779723],[122.6534416,-8.5781311],[122.6532993,-8.5784036],[122.6532516,-8.5784941],[122.6532342,-8.5785176],[122.6531429,-8.5786385],[122.652792,-8.5789175],[122.6526566,-8.5790243],[122.6526207,-8.5791218],[122.6525481,-8.579314],[122.6525179,-8.5796843],[122.6525333,-8.5797164],[122.6525726,-8.5798063],[122.6526108,-8.5799398],[122.6526031,-8.5799742],[122.6526121,-8.5800391],[122.6526121,-8.5800391],[122.6526121,-8.5800392],[122.6526121,-8.5800392],[122.6526183,-8.5800851],[122.6525962,-8.580184],[122.6525416,-8.5803402],[122.6524639,-8.580551],[122.6524029,-8.5806677],[122.6522718,-8.5808577],[122.6521191,-8.581107],[122.6521149,-8.5811138],[122.6520004,-8.5812798],[122.6519673,-8.5813803],[122.6519455,-8.5814418],[122.6519334,-8.5814811],[122.6519165,-8.5815296],[122.6518958,-8.5816288],[122.6518601,-8.5817849],[122.6518467,-8.5819019],[122.6518526,-8.5819543],[122.6518631,-8.5820722],[122.6518173,-8.5821609],[122.6518026,-8.5823295],[122.651802,-8.5823355],[122.6517921,-8.5823661],[122.651776,-8.5825652],[122.6517598,-8.58268],[122.6517487,-8.5827456],[122.6517512,-8.5828203],[122.6517528,-8.582967],[122.6517485,-8.5830138],[122.651741,-8.5830593],[122.651741,-8.5831772],[122.6517382,-8.5832749],[122.6517236,-8.5833643],[122.6517002,-8.5836098],[122.6517106,-8.5837223],[122.6517181,-8.5838328],[122.6517181,-8.5838747],[122.6517029,-8.5841236],[122.6517023,-8.5841375],[122.6517023,-8.5841375],[122.6516929,-8.5843013],[122.6517255,-8.5843756],[122.6517258,-8.5843763],[122.6517258,-8.5844784],[122.6517349,-8.5845902],[122.6517473,-8.5847583],[122.6517773,-8.5850045],[122.6517773,-8.5850045],[122.6517773,-8.5850045],[122.6517792,-8.585021],[122.6518021,-8.585228],[122.6518326,-8.5853224],[122.6518404,-8.5853609],[122.6518593,-8.5854718],[122.6518727,-8.585574],[122.6518784,-8.5856342],[122.6519013,-8.5858135],[122.6519241,-8.5859165],[122.6519099,-8.5859965],[122.6519086,-8.5860023],[122.6518902,-8.5861201],[122.6518621,-8.5862049],[122.6516777,-8.5865978],[122.651437,-8.5870563],[122.6513901,-8.5871448],[122.6512756,-8.5874882],[122.6512756,-8.5875353],[122.6512741,-8.5875566],[122.6512507,-8.5876367],[122.6512146,-8.5877524],[122.651083,-8.5881599],[122.6510695,-8.5882013],[122.651069,-8.588311],[122.6510716,-8.5883208],[122.6511154,-8.5885296],[122.651207,-8.5889788],[122.6512121,-8.5890042],[122.6512421,-8.5891686],[122.6512645,-8.589297],[122.651268,-8.5893621],[122.651268,-8.5894156],[122.6512956,-8.5895338],[122.6513119,-8.5896122],[122.6513212,-8.5896654],[122.651329,-8.5897217],[122.6513824,-8.5898667],[122.6513977,-8.5899763],[122.6514282,-8.5900803],[122.6514587,-8.5902329],[122.6514511,-8.5902624],[122.651474,-8.5903454],[122.6514816,-8.5904188],[122.6514918,-8.5904533],[122.6515011,-8.5904964],[122.6515104,-8.5905885],[122.6515113,-8.59068],[122.6515167,-8.5906974],[122.6515274,-8.5907383],[122.6515368,-8.5907925],[122.6515415,-8.5908257],[122.651556,-8.5908806],[122.651556,-8.5908806],[122.6515655,-8.5909195],[122.6515808,-8.5910273],[122.6515868,-8.5910481],[122.651601,-8.591107],[122.6516397,-8.5913375],[122.6517629,-8.5917487],[122.6517754,-8.591778],[122.651818,-8.591976],[122.6518249,-8.5920115],[122.6518423,-8.5920821],[122.6519063,-8.5923538],[122.6519234,-8.5924179],[122.6519318,-8.5924549],[122.6519772,-8.5926473],[122.6519933,-8.5927179],[122.6520233,-8.5929775],[122.6520386,-8.5931873],[122.6520386,-8.5932348],[122.6520354,-8.5935609],[122.652008,-8.5938091],[122.6518845,-8.5944235],[122.6518301,-8.594593],[122.6517334,-8.5948868],[122.6514664,-8.5955486],[122.6514206,-8.5956602],[122.6513752,-8.5958719],[122.6513752,-8.5958719],[122.6513501,-8.5959809],[122.6513642,-8.5963043],[122.6514355,-8.5966405],[122.651466,-8.5970309],[122.6514698,-8.597076],[122.6514969,-8.5974341],[122.6515115,-8.5978516],[122.6515115,-8.5978517],[122.6515115,-8.5978518],[122.651512,-8.5978691],[122.6515115,-8.5978882],[122.6514969,-8.5983238],[122.6515016,-8.5986518],[122.651503,-8.5988498],[122.6513112,-8.5995473],[122.6511197,-8.6003533],[122.6511051,-8.6003884],[122.6509414,-8.6007826],[122.6509414,-8.6007826],[122.6509414,-8.6007827],[122.6508636,-8.6009664],[122.6501236,-8.601944],[122.6500072,-8.6020743],[122.6496264,-8.6024987],[122.6495577,-8.6026182],[122.6495285,-8.6026678],[122.6495182,-8.6027277],[122.6494804,-8.6029332],[122.649237,-8.6038504],[122.6492199,-8.6040195],[122.6492199,-8.6040195],[122.6491852,-8.6043329],[122.6492003,-8.6044287],[122.6492144,-8.6045384],[122.6492222,-8.604567],[122.6492233,-8.6045742],[122.6495132,-8.6050701],[122.6496384,-8.6052386],[122.650372,-8.6062256],[122.6505809,-8.6065072],[122.6513668,-8.6072132],[122.6512572,-8.60772],[122.6510967,-8.6080918],[122.6509628,-8.6083956],[122.6507339,-8.6089268],[122.6507313,-8.6089517],[122.6507187,-8.6090718],[122.6507566,-8.6092885],[122.6508156,-8.6096253],[122.6508911,-8.6100736],[122.6509108,-8.6102706],[122.6509108,-8.6102707],[122.6509247,-8.6104355],[122.650912,-8.6105459],[122.6508906,-8.6107013],[122.6499677,-8.6118772],[122.64964,-8.6121063],[122.6494956,-8.6124378],[122.6494446,-8.6125527],[122.6493811,-8.6127945],[122.6492751,-8.6131924],[122.6492405,-8.6133849],[122.6491234,-8.6140356],[122.6491165,-8.6140738],[122.6488953,-8.6152325],[122.6488571,-8.6158476],[122.648783,-8.6163413],[122.6487823,-8.6163459],[122.648733,-8.616661],[122.6488615,-8.6166694],[122.6488615,-8.6166694],[122.6489132,-8.6166848],[122.6489716,-8.616703],[122.6490021,-8.6167565],[122.6492462,-8.6171932],[122.6492552,-8.6172062],[122.6493336,-8.6174003],[122.6494141,-8.6176071],[122.6494461,-8.6177307],[122.6494793,-8.617872],[122.6495081,-8.6179793],[122.6495361,-8.6180973],[122.6495984,-8.6183054],[122.6496403,-8.6184541],[122.6496937,-8.6186463],[122.6497116,-8.6187143],[122.6497323,-8.6187964],[122.6497781,-8.6189869],[122.6497841,-8.6190118],[122.6497879,-8.6190367],[122.6498216,-8.6191865],[122.6498257,-8.6192062],[122.649901,-8.6196168],[122.6499157,-8.6197329],[122.6499157,-8.619733],[122.6499252,-8.6198158],[122.6499278,-8.6198633],[122.649931,-8.6199555],[122.649945,-8.6201854],[122.6499057,-8.6203645],[122.6498947,-8.6204109],[122.6498781,-8.6204624],[122.6498317,-8.6205993],[122.6496183,-8.6208669],[122.6495647,-8.620953],[122.6495056,-8.6210451],[122.6494598,-8.6211967],[122.6494064,-8.6215086],[122.6494132,-8.6215608],[122.6494136,-8.6215679],[122.6494181,-8.6216806],[122.6494369,-8.6218198],[122.6494522,-8.6219597],[122.6494598,-8.6220093],[122.6494666,-8.6222183],[122.6494728,-8.6224812],[122.6493692,-8.6230437],[122.6493683,-8.6230485],[122.6493165,-8.6232026],[122.6491699,-8.6236381],[122.649025,-8.6243115],[122.6490242,-8.6243155],[122.648456,-8.6248645],[122.6483786,-8.6249787],[122.6483441,-8.6250296],[122.6477922,-8.6258443],[122.6479649,-8.6263303],[122.6480949,-8.6266959],[122.6481722,-8.6269135],[122.6481831,-8.6269442],[122.6482288,-8.6270727],[122.6484304,-8.6276399],[122.6484299,-8.6276474],[122.6488537,-8.6287976],[122.6490097,-8.629221],[122.6492464,-8.6297996],[122.6493794,-8.6301248],[122.6493794,-8.6301248],[122.6495955,-8.6306572],[122.6497967,-8.6311348],[122.6497968,-8.631135],[122.6498769,-8.6313267],[122.6500626,-8.6317711],[122.6503812,-8.632298],[122.6505269,-8.6325388],[122.6505657,-8.6326033],[122.6511527,-8.6333525],[122.651428,-8.6337451],[122.6516316,-8.6340354],[122.6517789,-8.6342062],[122.6522818,-8.6347893],[122.6524036,-8.6349306],[122.652806,-8.6354572],[122.6529624,-8.6356619],[122.6530952,-8.6358356],[122.6532843,-8.6360831],[122.6533331,-8.636147],[122.6534461,-8.6362805],[122.6535411,-8.6363928],[122.6536513,-8.636523],[122.6537984,-8.636697],[122.6540025,-8.6369382],[122.6540827,-8.6370164],[122.6541708,-8.6371023],[122.6541807,-8.6371121],[122.6541809,-8.6371122],[122.6541899,-8.637121],[122.6541902,-8.6371213],[122.6542068,-8.6371188],[122.6543481,-8.6370978],[122.6545143,-8.6370387],[122.6548789,-8.6366202],[122.6549338,-8.6364788],[122.6552932,-8.6363815],[122.6554608,-8.6363345],[122.6555513,-8.636251],[122.6555214,-8.6360028],[122.6554833,-8.6355788],[122.6556784,-8.6350051],[122.6567237,-8.6342864],[122.6572228,-8.6338507],[122.6574855,-8.6335474],[122.6576152,-8.6332471],[122.6578001,-8.6325324],[122.6578295,-8.6324786],[122.657881,-8.6323844],[122.6580515,-8.6322399],[122.6585305,-8.6319946],[122.658677,-8.6318951],[122.6588811,-8.6314853],[122.6591092,-8.6309764],[122.6592096,-8.6307899],[122.6593703,-8.6305982],[122.6597561,-8.6300905],[122.6598581,-8.6299552],[122.6604049,-8.6292293],[122.6607275,-8.6288058],[122.6607408,-8.6287408],[122.6609229,-8.6284911],[122.6611874,-8.6282241],[122.662637,-8.6273314],[122.663137,-8.6270063],[122.6642393,-8.6261882],[122.664787,-8.6257502],[122.6649637,-8.625676],[122.6653178,-8.6255497],[122.6664412,-8.6251486],[122.6668022,-8.6250517],[122.6668845,-8.6250296],[122.6669949,-8.625],[122.6675961,-8.6248386],[122.6683897,-8.624622],[122.6692943,-8.6246497],[122.6697659,-8.6247093],[122.6699937,-8.6246503],[122.6701082,-8.6246393],[122.6706171,-8.6245665],[122.670823,-8.6245836],[122.6708128,-8.6246503],[122.6712212,-8.6244927],[122.6714731,-8.6243207],[122.6716993,-8.6241133],[122.6718365,-8.6239311],[122.6719583,-8.6235936],[122.672022,-8.6233459],[122.6721131,-8.6230621],[122.6721936,-8.6229407],[122.6723027,-8.6228839],[122.672501,-8.622858],[122.6731914,-8.622768],[122.6754064,-8.6223816],[122.6754216,-8.6223789],[122.6759628,-8.6223037],[122.6763312,-8.6222433],[122.6773583,-8.6221119],[122.6774045,-8.622106],[122.6776936,-8.6221392],[122.6783525,-8.6223483],[122.6789982,-8.6225066],[122.6799625,-8.6226155],[122.6801566,-8.6226374],[122.6803422,-8.6226806],[122.6810481,-8.622811],[122.6813536,-8.6228626],[122.6819208,-8.6229654],[122.6823029,-8.6230164],[122.6827288,-8.6230779],[122.6836006,-8.6231884],[122.6840745,-8.6232191],[122.6843517,-8.6232424],[122.6845963,-8.6232997],[122.6849877,-8.6234099],[122.6855349,-8.6235866],[122.6857738,-8.623676],[122.6857856,-8.6236804],[122.6866888,-8.6240181],[122.6886206,-8.6250005],[122.6886778,-8.6250296],[122.6887075,-8.6250447],[122.6891718,-8.6251716],[122.6892877,-8.6252323],[122.6894489,-8.6252998],[122.6902034,-8.6255499],[122.6904051,-8.6256385],[122.6905771,-8.6256503],[122.6920581,-8.6254467],[122.6926361,-8.625363],[122.6928458,-8.6253559],[122.6930833,-8.6253976],[122.6933922,-8.6254521],[122.693808,-8.6255399],[122.693859,-8.6255598],[122.693866,-8.6255625],[122.6938667,-8.6255628],[122.6938668,-8.6255628],[122.6938685,-8.6255635],[122.6942625,-8.6257254],[122.6942897,-8.6257389],[122.6945729,-8.6258713],[122.6949444,-8.6259282],[122.6951978,-8.6259147],[122.6954149,-8.6259172],[122.6957212,-8.6261482],[122.695838,-8.6263191],[122.6959288,-8.6265335],[122.696075,-8.6267305],[122.6962958,-8.6268549],[122.6964721,-8.6268731],[122.696863,-8.6268089],[122.6971672,-8.626555],[122.6975374,-8.6257748],[122.6976739,-8.6254722],[122.6976983,-8.6253413],[122.6976113,-8.6250296],[122.6976032,-8.6250004],[122.6975355,-8.624758],[122.6975913,-8.6244686],[122.6976342,-8.624317],[122.6976655,-8.6237359],[122.6976353,-8.6235215],[122.6975704,-8.6232707],[122.6975816,-8.623204],[122.6976794,-8.6231121],[122.6977207,-8.6227181],[122.6977805,-8.6227084],[122.6979769,-8.6227],[122.6980536,-8.6226968],[122.6984308,-8.6226296],[122.6986994,-8.6226186],[122.6989161,-8.6226224],[122.6995891,-8.622627],[122.6999697,-8.6226767],[122.7003685,-8.6226656],[122.7006359,-8.6226767],[122.7009205,-8.6227745],[122.7011727,-8.6228498],[122.7015053,-8.6229155],[122.7022391,-8.6230908],[122.7026912,-8.6231763],[122.7038542,-8.6233874],[122.7039062,-8.6234039],[122.703882,-8.6234766],[122.7038222,-8.6236605],[122.7038216,-8.6236624],[122.7047274,-8.6238667],[122.7049072,-8.6239105],[122.7053727,-8.6240237],[122.7056775,-8.6241366],[122.7057649,-8.624169],[122.7058496,-8.6242021],[122.7061276,-8.6243105],[122.7062608,-8.6243825],[122.7063237,-8.6244165],[122.7064833,-8.6244971],[122.7067079,-8.6246105],[122.7075769,-8.6248874],[122.7079539,-8.6249894],[122.707993,-8.625],[122.7081025,-8.6250296],[122.709735,-8.6254712],[122.7101231,-8.6255183],[122.710164,-8.6255233],[122.7114093,-8.6257619],[122.7116478,-8.6258259],[122.7118994,-8.6258934],[122.7124813,-8.6261482],[122.7127785,-8.6263107],[122.7132079,-8.6265453],[122.7142701,-8.6272985],[122.7153469,-8.6279955],[122.7154497,-8.6280339],[122.716587,-8.6284585],[122.7175847,-8.6289083],[122.7177528,-8.6289609],[122.7181518,-8.6290856],[122.7182867,-8.6291439],[122.7183404,-8.6291671],[122.7184261,-8.629224],[122.718445,-8.6292366],[122.7184452,-8.6292367],[122.7184496,-8.6292456],[122.7185939,-8.6295399],[122.7186406,-8.6297532],[122.7186848,-8.6299556],[122.718673,-8.6303571],[122.7186632,-8.6306895],[122.7186567,-8.6311196],[122.7187496,-8.631623],[122.7187763,-8.6317095],[122.7189737,-8.6323504],[122.719127,-8.6326471],[122.7192593,-8.6329031],[122.7193443,-8.6330074],[122.7198101,-8.6333289],[122.7200704,-8.6335085],[122.7201991,-8.6336019],[122.7205721,-8.6338725],[122.7206978,-8.6339483],[122.7207422,-8.6339751],[122.7207426,-8.6339754],[122.7209209,-8.6339999],[122.7209217,-8.6339995],[122.7211625,-8.6338495],[122.7213699,-8.6337203],[122.7214465,-8.633676],[122.7215616,-8.6336094],[122.7219093,-8.6334845],[122.7222152,-8.6334481]]]]}},
{"type":"Feature","properties":{"OBJECTID":80487.0,"NAMOBJ":"Bukit Seburi I","KDCBPS":"530608","WADMKC":"Adonara Barat","WADMKK":"Flores Timur","WADMPR":"Nusa Tenggara Timur","Penduduk":14101,"luas_km2":82.207},"geometry":{"type":"MultiPolygon","coordinates":[[[[123.1063156,-8.3416906],[123.1083318,-8.3419249],[123.1099648,-8.3421724],[123.1118305,-8.3425382],[123.1136206,-8.3427979],[123.115443,-8.3435954],[123.1174923,-8.3448928],[123.1175905,-8.3449771],[123.1190771,-8.3462535],[123.1203319,-8.3472965],[123.1203481,-8.34731],[123.1205126,-8.3474467],[123.1205863,-8.347508],[123.1208442,-8.3477577],[123.1214734,-8.3484696],[123.1222977,-8.3494251],[123.1232225,-8.3504429],[123.1243923,-8.3519555],[123.125,-8.352504],[123.1251041,-8.3525553],[123.1255313,-8.352763],[123.1259054,-8.3528719],[123.1263372,-8.3530231],[123.1263927,-8.3530396],[123.126414,-8.3530058],[123.1265055,-8.3529092],[123.1269835,-8.3522758],[123.1275535,-8.3515645],[123.1290582,-8.3497121],[123.1296362,-8.3488441],[123.1298969,-8.3484867],[123.1300653,-8.3482559],[123.1302387,-8.3480186],[123.1303668,-8.3478433],[123.1305186,-8.3476356],[123.1309024,-8.3470049],[123.1314228,-8.3463138],[123.1317975,-8.3458022],[123.1321876,-8.3451713],[123.1324674,-8.3446814],[123.1325583,-8.3445221],[123.132797,-8.3441168],[123.1329595,-8.3438408],[123.1331361,-8.3434288],[123.1336473,-8.3424251],[123.1337447,-8.342227],[123.1338253,-8.3420631],[123.134292,-8.3414738],[123.1344056,-8.3413487],[123.1346428,-8.3410875],[123.1349983,-8.340696],[123.1355447,-8.3400355],[123.1360591,-8.3393571],[123.1362236,-8.3389643],[123.1364253,-8.3383388],[123.1367502,-8.3374093],[123.1368634,-8.3370606],[123.1368713,-8.3370365],[123.1368684,-8.3369608],[123.1368451,-8.3367869],[123.136805,-8.3362748],[123.1366973,-8.3353828],[123.1365579,-8.3349111],[123.1364679,-8.3340587],[123.1364624,-8.3340063],[123.1362487,-8.3333616],[123.1360719,-8.3329035],[123.1360358,-8.331878],[123.1359627,-8.3315296],[123.1360854,-8.330994],[123.1365747,-8.3303164],[123.1371844,-8.3296728],[123.1378983,-8.3293705],[123.1383781,-8.3292314],[123.1392164,-8.3291008],[123.1402071,-8.3288092],[123.1408868,-8.3286268],[123.1417185,-8.3284838],[123.142386,-8.3282827],[123.1425652,-8.3282089],[123.1427489,-8.32815],[123.1425082,-8.327979],[123.1419044,-8.3275333],[123.1415572,-8.3271962],[123.1415099,-8.3271504],[123.1411031,-8.3265612],[123.1403855,-8.3260387],[123.1403839,-8.3260375],[123.1403132,-8.3259832],[123.1399726,-8.3257239],[123.1397247,-8.3254119],[123.139452,-8.3251131],[123.1388046,-8.3244621],[123.1383569,-8.3239805],[123.1381681,-8.3237624],[123.1379913,-8.3235581],[123.1377651,-8.3232966],[123.1373624,-8.3228514],[123.1369968,-8.32238],[123.1364758,-8.3219694],[123.1360226,-8.3217322],[123.1358876,-8.3216758],[123.1355455,-8.3215332],[123.1349092,-8.3212636],[123.1340894,-8.3209494],[123.1333594,-8.3207013],[123.132511,-8.320269],[123.1319519,-8.3200598],[123.1310116,-8.3197114],[123.1303884,-8.3194603],[123.129765,-8.3189839],[123.1303075,-8.3188735],[123.1305399,-8.3188238],[123.1319948,-8.3185125],[123.1327644,-8.3181836],[123.1339383,-8.317547],[123.1340203,-8.3175025],[123.1343354,-8.3173181],[123.1349578,-8.3171124],[123.1351954,-8.316744],[123.1357379,-8.3157827],[123.1360044,-8.3152307],[123.1364993,-8.3149832],[123.1374935,-8.3148483],[123.135114,-8.3114858],[123.1350551,-8.3113708],[123.134927,-8.3111554],[123.134768,-8.3107729],[123.1346196,-8.3105272],[123.134531,-8.3103815],[123.1345178,-8.3103368],[123.1344375,-8.3101853],[123.1343435,-8.3100362],[123.1341536,-8.3098598],[123.1339505,-8.3096759],[123.1339095,-8.3095878],[123.1339058,-8.3095504],[123.1338262,-8.3094634],[123.133737,-8.3093773],[123.1336463,-8.3092121],[123.1335668,-8.3091126],[123.1334863,-8.3090157],[123.1333276,-8.3088556],[123.1332895,-8.3088171],[123.1332668,-8.3087942],[123.1332469,-8.3087742],[123.1332162,-8.3087293],[123.1331375,-8.3086571],[123.1330641,-8.3085805],[123.1328522,-8.3083739],[123.1328319,-8.3083461],[123.1327222,-8.3082103],[123.132527,-8.3078834],[123.1324506,-8.3077992],[123.1321554,-8.3073839],[123.1321448,-8.3073324],[123.1321086,-8.3069843],[123.1321004,-8.3068569],[123.1320673,-8.3063397],[123.1329429,-8.3057986],[123.1331285,-8.3055416],[123.1342991,-8.3048135],[123.1354556,-8.3043281],[123.1367833,-8.3029147],[123.1366691,-8.3023722],[123.1363122,-8.3016441],[123.1359695,-8.300816],[123.1353985,-8.300402],[123.1341707,-8.3001307],[123.1319292,-8.2994026],[123.1310012,-8.2990885],[123.1300326,-8.2988958],[123.1300412,-8.2987986],[123.1300003,-8.298644],[123.1299423,-8.2983826],[123.1299156,-8.2981607],[123.1298349,-8.2977987],[123.1297773,-8.2975397],[123.1297724,-8.2975353],[123.1296849,-8.2974041],[123.1295502,-8.2972313],[123.1293442,-8.2969663],[123.1292201,-8.2967476],[123.1290971,-8.2960131],[123.1290796,-8.2959873],[123.1284536,-8.2949475],[123.1284424,-8.2948983],[123.128435,-8.2946557],[123.1284232,-8.2943934],[123.12834,-8.2939942],[123.1281628,-8.2937094],[123.1278486,-8.2933216],[123.1278348,-8.2931841],[123.1278558,-8.2925014],[123.1278274,-8.2924034],[123.1277162,-8.2921382],[123.127548,-8.2918008],[123.1275059,-8.2916694],[123.1272723,-8.290999],[123.1270281,-8.2905662],[123.1267082,-8.2899605],[123.1265317,-8.2898148],[123.1262075,-8.289614],[123.1261767,-8.2895982],[123.1255609,-8.2892815],[123.1250628,-8.2890254],[123.125,-8.2889745],[123.1249999,-8.2889745],[123.1249999,-8.2889744],[123.1248319,-8.2888383],[123.124721,-8.2886435],[123.1247038,-8.2884838],[123.1247311,-8.2880977],[123.1247966,-8.28795],[123.1248365,-8.2878384],[123.1248939,-8.2874587],[123.1248709,-8.28707],[123.1248464,-8.2866542],[123.124886,-8.2864168],[123.1249871,-8.2864031],[123.1249999,-8.2864014],[123.1256131,-8.2862742],[123.1267905,-8.2859209],[123.1273325,-8.2857613],[123.1274516,-8.2857351],[123.1279881,-8.2856171],[123.1292324,-8.2851868],[123.1301308,-8.2849668],[123.1310646,-8.2846644],[123.1315575,-8.2845437],[123.1317366,-8.2845051],[123.1321944,-8.2844064],[123.1332227,-8.2841138],[123.1332513,-8.2841104],[123.1335796,-8.2840721],[123.1344483,-8.2838328],[123.1346456,-8.2837784],[123.1350346,-8.2835418],[123.1354365,-8.2833174],[123.1359775,-8.2829074],[123.1369596,-8.282541],[123.1372188,-8.282377],[123.1378986,-8.281988],[123.1380441,-8.2819018],[123.138045,-8.2819013],[123.1386646,-8.281534],[123.1389782,-8.2812996],[123.1395822,-8.280894],[123.1403835,-8.2805766],[123.1406248,-8.2804445],[123.1414369,-8.2798514],[123.1419539,-8.2794796],[123.1419681,-8.2794718],[123.1427207,-8.2790568],[123.1434628,-8.2786473],[123.1438208,-8.2784241],[123.1445385,-8.2780403],[123.1453904,-8.2775076],[123.1454518,-8.2774693],[123.1460891,-8.2771316],[123.1468128,-8.2767351],[123.1468442,-8.2767342],[123.1470936,-8.2766706],[123.147748,-8.2762698],[123.1486924,-8.2754726],[123.1496289,-8.2748321],[123.1502177,-8.2743393],[123.1507744,-8.2738224],[123.1514913,-8.2729817],[123.1519266,-8.2723932],[123.152213,-8.2720908],[123.1522177,-8.2720859],[123.152209,-8.2720764],[123.152142,-8.2718805],[123.152133,-8.2718543],[123.1521332,-8.2718515],[123.152146,-8.2716909],[123.1521549,-8.2714828],[123.152155,-8.2714806],[123.1520521,-8.2709914],[123.1519744,-8.2706726],[123.1518141,-8.2690774],[123.1516981,-8.2685002],[123.1514205,-8.2674706],[123.1513186,-8.2673094],[123.1510789,-8.2669818],[123.1510016,-8.266851],[123.1509496,-8.2667107],[123.1509093,-8.2663291],[123.1508435,-8.2661456],[123.1506489,-8.2658263],[123.1505369,-8.2657079],[123.1504347,-8.2655998],[123.1503164,-8.265395],[123.1503045,-8.2652479],[123.1502462,-8.2650994],[123.1501711,-8.2650679],[123.1499749,-8.2651036],[123.149789,-8.2651101],[123.1496355,-8.2649991],[123.1495715,-8.2648631],[123.1494248,-8.2646463],[123.1492817,-8.2645278],[123.1484611,-8.2639006],[123.1482497,-8.2637416],[123.1482371,-8.2637322],[123.1479415,-8.2635117],[123.1476623,-8.2633039],[123.1460537,-8.2619744],[123.1456446,-8.2616415],[123.1450622,-8.2611104],[123.1440539,-8.2603858],[123.1435947,-8.2600658],[123.143475,-8.2598886],[123.1433049,-8.2595952],[123.1430535,-8.2592707],[123.1425882,-8.2587374],[123.1422819,-8.2584936],[123.1416928,-8.2580215],[123.1412524,-8.257511],[123.1407294,-8.2564523],[123.1404764,-8.2559555],[123.1401818,-8.2555656],[123.1399762,-8.2555725],[123.1395514,-8.2555858],[123.1390676,-8.2556201],[123.1388513,-8.2556952],[123.1385914,-8.2557397],[123.1381166,-8.2557256],[123.1377917,-8.2556689],[123.137437,-8.255571],[123.137437,-8.255571],[123.1373714,-8.2555529],[123.1373468,-8.2555461],[123.1373235,-8.2555396],[123.1370718,-8.2554702],[123.1369936,-8.2554486],[123.1368213,-8.2553664],[123.1363653,-8.2552463],[123.1355021,-8.255202],[123.1352534,-8.2551752],[123.1349502,-8.2552145],[123.134618,-8.2553653],[123.1344531,-8.2554702],[123.1341629,-8.2556548],[123.1338072,-8.2559514],[123.1331685,-8.2565884],[123.1329706,-8.2568533],[123.1326733,-8.2572277],[123.1321109,-8.2577611],[123.1318005,-8.2582688],[123.1315776,-8.2585389],[123.1309758,-8.2591016],[123.1306195,-8.2593406],[123.1302301,-8.2595167],[123.1299764,-8.2596096],[123.1287084,-8.2600738],[123.1282572,-8.2601236],[123.1280397,-8.2601476],[123.1273395,-8.2601902],[123.1269682,-8.2601403],[123.1262008,-8.2600621],[123.125918,-8.2600297],[123.1255466,-8.2599409],[123.1252742,-8.259928],[123.125,-8.2599149],[123.125,-8.2599149],[123.1249999,-8.2599149],[123.1248552,-8.259908],[123.1245909,-8.2598925],[123.1244911,-8.2598866],[123.1241407,-8.2597818],[123.1239677,-8.2597261],[123.1227306,-8.2593282],[123.1223515,-8.2593483],[123.1221522,-8.2594367],[123.1216056,-8.2597254],[123.1214454,-8.2597222],[123.1211693,-8.259639],[123.1210228,-8.2595234],[123.1210041,-8.2594373],[123.1209363,-8.2591583],[123.1207995,-8.2589803],[123.1205611,-8.2587769],[123.1203417,-8.2586743],[123.1199277,-8.2585432],[123.1195414,-8.2584885],[123.1194521,-8.2584519],[123.1188918,-8.2584884],[123.1184313,-8.2582607],[123.1184042,-8.2582473],[123.1182139,-8.2581531],[123.1181334,-8.2579921],[123.1179878,-8.2577217],[123.1178893,-8.257686],[123.1174236,-8.2576033],[123.117208,-8.2576655],[123.1170411,-8.2577404],[123.116848,-8.2578325],[123.1165467,-8.2580975],[123.1159689,-8.2587985],[123.1157222,-8.2590779],[123.1154235,-8.2592711],[123.1145455,-8.2597521],[123.1143051,-8.2599008],[123.1132956,-8.2603414],[123.1129077,-8.26057],[123.1124875,-8.2608798],[123.1115597,-8.2617507],[123.1111812,-8.2623563],[123.1109409,-8.2627468],[123.1102642,-8.2638464],[123.1095755,-8.2647715],[123.1091817,-8.2651734],[123.1089136,-8.2653546],[123.1086333,-8.2654517],[123.1084619,-8.2654772],[123.108302,-8.2655009],[123.1076551,-8.2656327],[123.1063894,-8.2659109],[123.1060361,-8.2659139],[123.1056192,-8.2659366],[123.1050171,-8.266124],[123.1046425,-8.2662997],[123.1042758,-8.2664535],[123.1037912,-8.2666647],[123.1031193,-8.2670545],[123.1028097,-8.2672146],[123.1022683,-8.2675454],[123.1020843,-8.2677716],[123.1018416,-8.2681537],[123.1018416,-8.2681537],[123.1015216,-8.2686151],[123.101107,-8.269086],[123.1003675,-8.2699766],[123.1002168,-8.2701348],[123.0999364,-8.2704291],[123.0998132,-8.2704728],[123.0997785,-8.2704955],[123.099727,-8.2705292],[123.0996136,-8.2706033],[123.0994141,-8.2707447],[123.0993431,-8.2707952],[123.0993201,-8.2708499],[123.0992765,-8.2708806],[123.0990665,-8.2709766],[123.098929,-8.2710587],[123.0988332,-8.2711158],[123.0986575,-8.2712023],[123.098617,-8.2712223],[123.0986012,-8.2712269],[123.0982232,-8.2713373],[123.0978942,-8.2714532],[123.0978079,-8.2714836],[123.097309,-8.2717103],[123.0967316,-8.2719727],[123.0964354,-8.2721072],[123.0960174,-8.272352],[123.0956812,-8.2725575],[123.0952644,-8.2727695],[123.0947369,-8.2729766],[123.094364,-8.273136],[123.0942301,-8.2731933],[123.0937954,-8.27338],[123.0930086,-8.273909],[123.0927405,-8.2741838],[123.0925878,-8.2743496],[123.0925155,-8.2743731],[123.0924559,-8.2743925],[123.0924539,-8.2743932],[123.0924438,-8.274397],[123.0924436,-8.2743967],[123.092073,-8.2738444],[123.0913294,-8.2739276],[123.091382,-8.2747519],[123.091382,-8.2747522],[123.0913484,-8.2747559],[123.0909118,-8.2748042],[123.090909,-8.2748045],[123.0904914,-8.274962],[123.0901996,-8.2751857],[123.0899062,-8.275485],[123.0896625,-8.2757404],[123.0895049,-8.2757991],[123.089234,-8.2758057],[123.0881587,-8.2758064],[123.0878896,-8.2757922],[123.0874959,-8.2758434],[123.0871752,-8.2758491],[123.0869677,-8.275784],[123.0868472,-8.2757008],[123.0863804,-8.2753737],[123.0860739,-8.2752763],[123.0858211,-8.275286],[123.0856086,-8.2753653],[123.0850358,-8.275636],[123.0848061,-8.275653],[123.0839577,-8.2756619],[123.0834816,-8.275671],[123.0831453,-8.2756007],[123.0823394,-8.2754871],[123.0820553,-8.2755151],[123.0819676,-8.2755237],[123.0819609,-8.2755244],[123.0807152,-8.275487],[123.0806873,-8.2754862],[123.0803779,-8.2753791],[123.0798485,-8.2749032],[123.0796638,-8.2747689],[123.0795213,-8.2746653],[123.0793369,-8.2748437],[123.0790514,-8.2753434],[123.0789503,-8.2759204],[123.0790141,-8.2763639],[123.0790046,-8.2763848],[123.0789916,-8.2764136],[123.0787112,-8.2770321],[123.0784654,-8.2773189],[123.0784535,-8.2773328],[123.0784532,-8.2773331],[123.0779019,-8.277862],[123.0777251,-8.2780894],[123.0775117,-8.2783369],[123.077507,-8.2783424],[123.0772179,-8.2786263],[123.0771563,-8.2787007],[123.0769554,-8.2789431],[123.0761004,-8.2795075],[123.0756467,-8.279807],[123.0752939,-8.2799427],[123.0748121,-8.2801491],[123.0744954,-8.2803382],[123.0740314,-8.2804682],[123.0736461,-8.2806145],[123.0719285,-8.2816136],[123.0710627,-8.2820902],[123.070414,-8.2825284],[123.0703915,-8.2825435],[123.0692014,-8.2830006],[123.0687306,-8.283236],[123.0681962,-8.2836107],[123.0678619,-8.2838907],[123.0668521,-8.2844705],[123.0662778,-8.2847623],[123.0660641,-8.2849948],[123.0655577,-8.2855493],[123.0649415,-8.2861959],[123.0647317,-8.2864222],[123.0644358,-8.2867412],[123.0642188,-8.2869752],[123.0640121,-8.2871218],[123.0630213,-8.2875165],[123.0629824,-8.2875686],[123.0629319,-8.2876365],[123.0629389,-8.2877051],[123.0629404,-8.2878153],[123.0628935,-8.2880072],[123.0628284,-8.2880724],[123.062755,-8.2881459],[123.0625991,-8.2882244],[123.0625307,-8.2882425],[123.0623088,-8.2883011],[123.061945,-8.2884109],[123.0617076,-8.2885318],[123.0616711,-8.2885566],[123.0613519,-8.2887733],[123.0608912,-8.2891332],[123.0606182,-8.2893465],[123.06025,-8.2899831],[123.0602406,-8.290087],[123.0602335,-8.2901651],[123.0602316,-8.2901861],[123.0602276,-8.2902307],[123.0601681,-8.2904212],[123.0600876,-8.2905264],[123.0600183,-8.2906171],[123.0596661,-8.2910754],[123.0596833,-8.2911699],[123.0596911,-8.2912339],[123.0597114,-8.2914019],[123.0596175,-8.2917121],[123.0593264,-8.2920656],[123.059193,-8.2921997],[123.0584547,-8.2929414],[123.0581099,-8.29341],[123.0578615,-8.2935665],[123.0576748,-8.2936048],[123.057477,-8.2936541],[123.057331,-8.2936904],[123.0573105,-8.2937027],[123.0572945,-8.2937123],[123.0569957,-8.2938921],[123.0565598,-8.2941758],[123.0562313,-8.2943896],[123.0558861,-8.2945556],[123.0557388,-8.2946265],[123.0555743,-8.2947034],[123.0549574,-8.2949918],[123.0546157,-8.2953072],[123.05428,-8.2956171],[123.0540611,-8.2958011],[123.0539344,-8.2959077],[123.053719,-8.2959924],[123.0535351,-8.2960093],[123.0534682,-8.2960154],[123.0530907,-8.2960166],[123.052664,-8.296018],[123.0525532,-8.296022],[123.0523419,-8.2960296],[123.0520992,-8.2960928],[123.0517119,-8.2961945],[123.0515663,-8.2962326],[123.05143,-8.2962657],[123.0510776,-8.296351],[123.0510274,-8.2963936],[123.0509437,-8.2964645],[123.0507126,-8.2967351],[123.0506044,-8.2968618],[123.0504483,-8.2969759],[123.0503693,-8.2970337],[123.050321,-8.2970198],[123.0501964,-8.2969683],[123.0500813,-8.2969208],[123.0500036,-8.2968969],[123.0498527,-8.2968503],[123.0498518,-8.2968506],[123.0497849,-8.2968778],[123.0496668,-8.2969829],[123.0496595,-8.2969895],[123.0496031,-8.2971373],[123.0495639,-8.2971868],[123.0495419,-8.2972146],[123.0495182,-8.2972445],[123.0494328,-8.2973465],[123.0493828,-8.2974063],[123.0493004,-8.2976669],[123.0491167,-8.2978008],[123.0489568,-8.2978624],[123.0489502,-8.2978649],[123.0489497,-8.2978651],[123.0488728,-8.2978948],[123.0485611,-8.2979191],[123.0485126,-8.2979228],[123.0476598,-8.2979869],[123.0473402,-8.2980109],[123.0467626,-8.2980701],[123.0461074,-8.2981575],[123.0456765,-8.2983399],[123.0453878,-8.2985144],[123.0452039,-8.2987235],[123.0448872,-8.29911],[123.0440028,-8.3002823],[123.0437519,-8.3006189],[123.0435877,-8.300831],[123.0427916,-8.3018592],[123.0426555,-8.3021707],[123.0423842,-8.3031257],[123.0421862,-8.3034576],[123.0419098,-8.3038915],[123.041143,-8.3048601],[123.0406189,-8.3051698],[123.0405268,-8.3051976],[123.0402084,-8.3052938],[123.0385802,-8.3057146],[123.0382374,-8.3058109],[123.0376948,-8.3058854],[123.0373908,-8.3059389],[123.0371016,-8.3059897],[123.0368121,-8.3060797],[123.0365281,-8.3061679],[123.0359149,-8.3064549],[123.0355918,-8.3065414],[123.0348715,-8.3066602],[123.0346384,-8.3066986],[123.0333362,-8.3072809],[123.0329227,-8.3075593],[123.0323108,-8.308126],[123.0322446,-8.308188],[123.0320915,-8.3083316],[123.0318964,-8.3087056],[123.0317122,-8.3089527],[123.0316353,-8.3090182],[123.031393,-8.309225],[123.031306,-8.3093544],[123.0313024,-8.3093604],[123.0312987,-8.3093665],[123.0312262,-8.3094363],[123.0310924,-8.3095883],[123.030937,-8.3097795],[123.0306856,-8.310275],[123.0303647,-8.310758],[123.0299158,-8.3111927],[123.0295741,-8.3113998],[123.0293455,-8.3115072],[123.0288808,-8.3116569],[123.0287567,-8.3117235],[123.0284019,-8.312082],[123.0278634,-8.3131854],[123.0277591,-8.3134594],[123.0274851,-8.3142462],[123.0273834,-8.3145386],[123.0273689,-8.3147156],[123.0274018,-8.3150751],[123.0274264,-8.3155978],[123.0275037,-8.316186],[123.0276187,-8.3165332],[123.0277982,-8.3174685],[123.0278307,-8.3179544],[123.0277235,-8.3186209],[123.0276485,-8.3189354],[123.0274527,-8.3193441],[123.027149,-8.3198069],[123.0267307,-8.3204442],[123.0262571,-8.3209011],[123.0253799,-8.3213196],[123.02538,-8.3213208],[123.0254211,-8.3216999],[123.0255532,-8.3219815],[123.0257253,-8.3221768],[123.0259415,-8.3223357],[123.0262784,-8.3226987],[123.026385,-8.3228011],[123.0264012,-8.3228166],[123.0266314,-8.322911],[123.0268653,-8.3230339],[123.0269672,-8.3231089],[123.0272255,-8.3234327],[123.0275736,-8.3239377],[123.0279236,-8.3243746],[123.0284648,-8.3248569],[123.0288343,-8.3253106],[123.0290223,-8.32561],[123.0290952,-8.325819],[123.0291694,-8.3260444],[123.0293087,-8.3263793],[123.0293663,-8.3266539],[123.0293631,-8.3268917],[123.0294728,-8.3274613],[123.0295481,-8.3278047],[123.0296977,-8.328159],[123.0297571,-8.3282729],[123.0299072,-8.328389],[123.0300602,-8.328444],[123.0302972,-8.3284207],[123.0304497,-8.328481],[123.0309432,-8.3284919],[123.031216,-8.3284953],[123.0313224,-8.3284967],[123.03174,-8.3284357],[123.0322564,-8.328397],[123.0330152,-8.3284912],[123.033187,-8.3285652],[123.0332213,-8.3285889],[123.0335875,-8.3288844],[123.0338562,-8.3291339],[123.0339784,-8.3292573],[123.0341694,-8.3293788],[123.0347938,-8.3293936],[123.0351459,-8.3293411],[123.0355547,-8.3293259],[123.0359686,-8.329373],[123.0361644,-8.3294483],[123.0363543,-8.3295744],[123.0377314,-8.3295156],[123.0390187,-8.3295512],[123.0409152,-8.3296234],[123.0422653,-8.3296776],[123.043421,-8.3298698],[123.0441544,-8.3301077],[123.0451487,-8.3304301],[123.0459153,-8.3308167],[123.0465254,-8.3314286],[123.0466189,-8.3314232],[123.0466275,-8.3316494],[123.046625,-8.3317023],[123.046754,-8.3318632],[123.0469062,-8.3318932],[123.0470928,-8.3319249],[123.0472072,-8.3320005],[123.0473223,-8.3321978],[123.0474096,-8.332478],[123.0474214,-8.3325117],[123.047636,-8.333122],[123.0476639,-8.3335706],[123.0476561,-8.3340063],[123.0475991,-8.3342041],[123.0475203,-8.334378],[123.0471899,-8.3352373],[123.0471775,-8.3358126],[123.0470698,-8.336361],[123.0470536,-8.3365189],[123.0470878,-8.3366412],[123.0472102,-8.3367797],[123.0479946,-8.3372395],[123.0485416,-8.3375473],[123.0487219,-8.3376874],[123.0487166,-8.3376334],[123.0496713,-8.3374366],[123.0498135,-8.3374056],[123.0500043,-8.3374391],[123.0503317,-8.3376283],[123.0506188,-8.3378601],[123.0507755,-8.3379986],[123.0509217,-8.3380525],[123.0509556,-8.3380561],[123.0517477,-8.3381257],[123.052145,-8.3381909],[123.0523647,-8.338282],[123.0523948,-8.3383003],[123.052901,-8.3386211],[123.0533246,-8.338927],[123.053508,-8.3390829],[123.0536642,-8.3391651],[123.0540978,-8.3392931],[123.0541298,-8.3393021],[123.0544432,-8.339452],[123.0546357,-8.3395833],[123.0546712,-8.3396038],[123.0558148,-8.3395127],[123.0569431,-8.3394189],[123.0579461,-8.3392004],[123.0588382,-8.3389273],[123.0604771,-8.3388997],[123.0616703,-8.3389229],[123.0629827,-8.3389646],[123.0640567,-8.3390693],[123.0655954,-8.3391857],[123.0680195,-8.3393758],[123.069533,-8.339461],[123.0709775,-8.3396088],[123.0711756,-8.3396519],[123.0718067,-8.3397889],[123.0723472,-8.3400632],[123.0732084,-8.3406685],[123.0739254,-8.3413303],[123.0743279,-8.3417612],[123.0750011,-8.3425419],[123.0755492,-8.343648],[123.0762414,-8.3446038],[123.0775872,-8.3458087],[123.0800697,-8.3471181],[123.0812261,-8.3476604],[123.0819548,-8.347828],[123.0822934,-8.3475586],[123.0835925,-8.3470562],[123.0849728,-8.346341],[123.0862525,-8.3454884],[123.0874627,-8.3444045],[123.088547,-8.3431707],[123.0892741,-8.3423064],[123.0903527,-8.3414416],[123.0922795,-8.3408069],[123.0935049,-8.3409387],[123.094685,-8.3410656],[123.0972796,-8.3418056],[123.0974825,-8.3418211],[123.0992767,-8.3419587],[123.1011162,-8.3419228],[123.103126,-8.3418835],[123.1063156,-8.3416906]]]]}},
{"type":"Feature","properties":{"OBJECTID":80378.0,"NAMOBJ":"Balaweling I","KDCBPS":"530606","WADMKC":"Solor Barat","WADMKK":"Flores Timur","WADMPR":"Nusa Tenggara Timur","Penduduk":11836,"luas_km2":121.295},"geometry":{"type":"MultiPolygon","coordinates":[[[[122.8472298,-8.6436414],[122.8471505,-8.6436451],[122.8471087,-8.6436914],[122.8469951,-8.6437145],[122.846831,-8.6436156],[122.8467021,-8.6436838],[122.8466047,-8.6436795],[122.8465778,-8.6436719],[122.8464427,-8.643625],[122.8464074,-8.6436266],[122.8460227,-8.6439991],[122.8460883,-8.6440667],[122.8461027,-8.644163],[122.8460784,-8.6441994],[122.8460717,-8.6442349],[122.8460644,-8.6442617],[122.8460072,-8.6443347],[122.8459174,-8.6443038],[122.8458451,-8.644272],[122.8457303,-8.6444092],[122.8457368,-8.6445142],[122.8456819,-8.6446219],[122.8454566,-8.6446675],[122.8452583,-8.644991],[122.8452898,-8.6452068],[122.8453089,-8.6452319],[122.8454108,-8.6453225],[122.8454212,-8.645348],[122.8455538,-8.6455147],[122.8456532,-8.6455705],[122.8456907,-8.6456118],[122.8457186,-8.6456279],[122.8458671,-8.6457163],[122.8459454,-8.6458328],[122.8459642,-8.6458491],[122.8459575,-8.6460372],[122.8459598,-8.6460797],[122.8459607,-8.6460967],[122.846017,-8.6463152],[122.8460535,-8.6463388],[122.8461907,-8.6464419],[122.8462257,-8.6464573],[122.8462515,-8.6464561],[122.8464177,-8.6465249],[122.8467113,-8.6467497],[122.8467555,-8.6467732],[122.8469199,-8.6467909],[122.8469461,-8.6467982],[122.8469976,-8.6467958],[122.8470062,-8.6467954],[122.8470708,-8.6467073],[122.8471777,-8.6466093],[122.8471949,-8.6466086],[122.8472917,-8.6466558],[122.8473269,-8.6466714],[122.8473835,-8.6467703],[122.8473941,-8.646812],[122.8474126,-8.6468365],[122.8475311,-8.6469744],[122.8475401,-8.6469824],[122.8476389,-8.6470703],[122.8476632,-8.6472205],[122.8476705,-8.64701],[122.8475705,-8.6468966],[122.8474608,-8.6467667],[122.8474424,-8.6467422],[122.8474805,-8.6466388],[122.8475539,-8.6465506],[122.8475618,-8.6465333],[122.8475906,-8.646413],[122.8476972,-8.6462889],[122.8476935,-8.6462122],[122.8476746,-8.646179],[122.8476557,-8.6461457],[122.8476107,-8.6459257],[122.8476099,-8.6459086],[122.8475992,-8.6458367],[122.8475544,-8.6458342],[122.8474277,-8.6457204],[122.8473627,-8.645607],[122.8473449,-8.6454416],[122.8473348,-8.6450613],[122.8473587,-8.6450164],[122.8474103,-8.6448213],[122.8474078,-8.6447692],[122.8474127,-8.6445069],[122.8474543,-8.644461],[122.8474735,-8.6443104],[122.8474455,-8.6442765],[122.8472849,-8.6440459],[122.8473033,-8.6437],[122.8473016,-8.6436646],[122.8472298,-8.6436414]]],[[[122.8753187,-8.6106454],[122.8752926,-8.6107666],[122.875339,-8.6108518],[122.8754138,-8.610864],[122.8755511,-8.6108437],[122.8757278,-8.6107175],[122.8757221,-8.6106277],[122.8756173,-8.6105261],[122.8753747,-8.610581],[122.8753187,-8.6106454]]],[[[122.945167,-8.5791337],[122.9451762,-8.5790132],[122.9452057,-8.5789655],[122.9452866,-8.5788351],[122.9453222,-8.5787967],[122.9453592,-8.5787567],[122.9454384,-8.5786714],[122.9457042,-8.5784541],[122.9460847,-8.5782421],[122.9464025,-8.5781122],[122.9464941,-8.5780747],[122.9464947,-8.5780746],[122.9465335,-8.5780666],[122.9468746,-8.5779961],[122.9469886,-8.5779321],[122.9470504,-8.57786],[122.9471074,-8.5777936],[122.9475285,-8.5770956],[122.9476019,-8.5769368],[122.9476451,-8.5768434],[122.9479496,-8.576461],[122.948506,-8.5757961],[122.9486842,-8.5752824],[122.9487626,-8.5750566],[122.9488165,-8.5747522],[122.9489983,-8.5737277],[122.9489992,-8.5736246],[122.9490024,-8.5732672],[122.9489593,-8.5729702],[122.9487821,-8.5721298],[122.9488644,-8.5717765],[122.9491033,-8.5713785],[122.9491199,-8.5713508],[122.9491265,-8.57134],[122.9491788,-8.5712538],[122.949439,-8.5709178],[122.9496685,-8.5704836],[122.9498037,-8.5702112],[122.950222,-8.5695385],[122.950408,-8.5690397],[122.9506654,-8.568172],[122.9507767,-8.5680125],[122.9508298,-8.5679363],[122.9509764,-8.567825],[122.9512203,-8.5676863],[122.951407,-8.56758],[122.9515759,-8.5675096],[122.9518842,-8.5673813],[122.9521491,-8.5673555],[122.9521518,-8.5673552],[122.9522194,-8.5673889],[122.952261,-8.5674096],[122.9523668,-8.5675294],[122.9524365,-8.5675702],[122.9524692,-8.5675893],[122.9526227,-8.567621],[122.9526252,-8.5676215],[122.9527755,-8.5675901],[122.9527818,-8.5675887],[122.9527826,-8.5675886],[122.9531347,-8.5674258],[122.9531809,-8.5673922],[122.9532519,-8.5673404],[122.9535046,-8.5670687],[122.9535538,-8.5670004],[122.9536322,-8.5668912],[122.9536652,-8.5667751],[122.9536804,-8.5667219],[122.9536893,-8.5665173],[122.9536801,-8.5664486],[122.9536084,-8.5659115],[122.9535531,-8.5657065],[122.9533874,-8.565432],[122.9524869,-8.5643378],[122.952356,-8.5641399],[122.9522217,-8.5639369],[122.95206,-8.563701],[122.9519817,-8.5635868],[122.9518298,-8.5633858],[122.9514893,-8.5629349],[122.9512252,-8.5625551],[122.9510668,-8.5623273],[122.9510248,-8.5622349],[122.9509794,-8.5621352],[122.9509465,-8.5620016],[122.9508854,-8.5617529],[122.9509223,-8.5608892],[122.951074,-8.5598288],[122.9511874,-8.5595323],[122.9512695,-8.559308],[122.951332,-8.559137],[122.9515289,-8.5586004],[122.951561,-8.5585128],[122.9515695,-8.5584976],[122.9518262,-8.5580399],[122.9518913,-8.557953],[122.9519904,-8.5578207],[122.9520364,-8.5577155],[122.9520631,-8.5576545],[122.9521762,-8.5572303],[122.9522501,-8.5570044],[122.952287,-8.5568919],[122.952351,-8.5567948],[122.9524361,-8.5566658],[122.9525813,-8.5563817],[122.9527382,-8.5560768],[122.9528923,-8.5557775],[122.9530596,-8.5554049],[122.9530873,-8.5553431],[122.9532326,-8.5548587],[122.9534936,-8.5541996],[122.9535168,-8.553865],[122.9534903,-8.5535875],[122.9534657,-8.55333],[122.9534162,-8.5531929],[122.9534004,-8.5531493],[122.9533728,-8.5530766],[122.9533299,-8.5529636],[122.9533614,-8.5528098],[122.9533663,-8.5527945],[122.9534156,-8.5526406],[122.9534473,-8.5526085],[122.9535132,-8.5525419],[122.9535715,-8.552518],[122.9536595,-8.5524818],[122.9537787,-8.5524322],[122.9538579,-8.5523992],[122.9542203,-8.5522354],[122.9547262,-8.5520328],[122.9549969,-8.5519244],[122.9553609,-8.5517378],[122.955389,-8.5517157],[122.9555787,-8.5515669],[122.9556571,-8.5514241],[122.9557297,-8.5512921],[122.9558153,-8.5510847],[122.9558771,-8.5509349],[122.9559898,-8.5506859],[122.9560637,-8.5505228],[122.9561011,-8.5505005],[122.9561738,-8.5504571],[122.9563261,-8.5503716],[122.9564109,-8.5502552],[122.956612,-8.5498524],[122.9566364,-8.5498035],[122.9568733,-8.5493289],[122.9569463,-8.5491584],[122.9570137,-8.5490009],[122.9573866,-8.54842],[122.9575849,-8.5482517],[122.9577528,-8.5481756],[122.9580892,-8.5480245],[122.9586032,-8.5475803],[122.9589595,-8.5471663],[122.959138,-8.5470654],[122.9591678,-8.5470485],[122.9593232,-8.5469438],[122.959636,-8.5466328],[122.9597384,-8.5465309],[122.9599294,-8.5463435],[122.9600012,-8.5462995],[122.9601,-8.546239],[122.9602606,-8.5461038],[122.9607573,-8.5455857],[122.9610039,-8.5452965],[122.961149,-8.5451263],[122.9612632,-8.5448946],[122.9613764,-8.5447438],[122.961507,-8.5446007],[122.9616504,-8.5444435],[122.9619224,-8.5441556],[122.9620472,-8.5439444],[122.9621059,-8.5437504],[122.9621415,-8.5436181],[122.9622616,-8.543171],[122.9625517,-8.5424561],[122.9627526,-8.5422888],[122.962799,-8.5422443],[122.962892,-8.5421552],[122.9629466,-8.5419431],[122.9630039,-8.5417002],[122.9630343,-8.5415714],[122.9631539,-8.5411188],[122.9631592,-8.5411055],[122.9631683,-8.5410824],[122.9634425,-8.5407603],[122.9635907,-8.5406267],[122.9636369,-8.540585],[122.9638147,-8.5404147],[122.9640511,-8.5401882],[122.9644498,-8.5398779],[122.9646752,-8.5397024],[122.965121,-8.5393545],[122.9651285,-8.5393487],[122.9651512,-8.5393266],[122.9653116,-8.5391735],[122.9654138,-8.5390759],[122.9659261,-8.5386932],[122.9662025,-8.5384867],[122.9662737,-8.538397],[122.9663583,-8.5382836],[122.9663912,-8.5382395],[122.9664666,-8.538177],[122.9666701,-8.5380082],[122.9669417,-8.537719],[122.9674017,-8.5372147],[122.9676852,-8.5367689],[122.9677435,-8.5365775],[122.9677862,-8.5364374],[122.9678629,-8.5361384],[122.9679927,-8.5357935],[122.9682816,-8.5353241],[122.9685652,-8.5350851],[122.9687331,-8.5350148],[122.9689032,-8.5349437],[122.9690778,-8.5348813],[122.9692462,-8.5348211],[122.9694547,-8.5346872],[122.9696662,-8.5345515],[122.9698662,-8.534356],[122.9700567,-8.5340449],[122.9701867,-8.5337119],[122.9702775,-8.53316],[122.9706427,-8.5321446],[122.9706426,-8.5321434],[122.9706418,-8.5321356],[122.9706292,-8.5320104],[122.9705248,-8.531842],[122.9700756,-8.5314393],[122.970005,-8.5313683],[122.9699094,-8.5312071],[122.9694707,-8.5304674],[122.9693197,-8.5302794],[122.9690668,-8.5300824],[122.9687811,-8.529875],[122.9684812,-8.5295527],[122.9682481,-8.529304],[122.9680126,-8.5290657],[122.9677537,-8.5287403],[122.9675407,-8.5284853],[122.9671493,-8.5280793],[122.967002,-8.5279561],[122.9666941,-8.5278301],[122.9660862,-8.5277345],[122.9652732,-8.5276281],[122.9649062,-8.5275749],[122.9647857,-8.5275535],[122.963945,-8.5272273],[122.9635942,-8.5271247],[122.9625899,-8.5264573],[122.962041,-8.5261361],[122.961791,-8.525981],[122.9610316,-8.5252226],[122.9607031,-8.5247228],[122.9606125,-8.5245381],[122.9605724,-8.5243577],[122.9605531,-8.5238045],[122.9605131,-8.5233342],[122.9604721,-8.5231376],[122.9603767,-8.5229869],[122.9600604,-8.5228157],[122.9599077,-8.5227063],[122.9596143,-8.5223119],[122.9592203,-8.5217669],[122.9588226,-8.5212573],[122.9582441,-8.5207738],[122.9579045,-8.5204815],[122.9577361,-8.5202628],[122.9575625,-8.5198446],[122.9573366,-8.5193288],[122.9568885,-8.5186744],[122.956727,-8.5184602],[122.9565034,-8.5182711],[122.9564429,-8.5182362],[122.9561549,-8.5181269],[122.9558041,-8.5180515],[122.9555008,-8.5179904],[122.955205,-8.5178837],[122.954836,-8.5176341],[122.9544833,-8.5173749],[122.9537383,-8.5166778],[122.95358,-8.5165001],[122.953268,-8.5157922],[122.9529062,-8.5150725],[122.9528886,-8.5150445],[122.9510001,-8.5128628],[122.9503386,-8.5120986],[122.9477393,-8.5090959],[122.9527162,-8.504816],[122.9556718,-8.5022742],[122.9563474,-8.5016932],[122.957149,-8.5009108],[122.9575892,-8.5003672],[122.9577579,-8.5001589],[122.9578423,-8.5000288],[122.957861,-8.5],[122.958419,-8.4991413],[122.9587742,-8.4985228],[122.95928,-8.4973702],[122.9597877,-8.4965209],[122.9603314,-8.4957767],[122.9606527,-8.4953724],[122.9609971,-8.4950605],[122.9614687,-8.4946498],[122.9615972,-8.4944732],[122.9619114,-8.4941924],[122.9627432,-8.4935438],[122.9630564,-8.4932497],[122.9632077,-8.4930268],[122.9635362,-8.4924751],[122.9638984,-8.4920634],[122.9642133,-8.4918671],[122.9644924,-8.4917116],[122.9646324,-8.4915696],[122.9647806,-8.4912819],[122.9648074,-8.4912064],[122.9649103,-8.490916],[122.9650187,-8.4906341],[122.965066,-8.4902547],[122.9650539,-8.4896374],[122.9650997,-8.4893884],[122.9654202,-8.4885661],[122.9655895,-8.4882087],[122.9657134,-8.4879638],[122.9659186,-8.4875952],[122.9662484,-8.4871522],[122.9664158,-8.4869216],[122.9666178,-8.4865038],[122.966863,-8.4860418],[122.9672783,-8.4852952],[122.9677545,-8.4845227],[122.9682058,-8.4838877],[122.968645,-8.4833677],[122.9691675,-8.4828311],[122.969805,-8.4822045],[122.9705062,-8.4815391],[122.9713139,-8.4809656],[122.9723623,-8.480413],[122.9732413,-8.479954],[122.9743189,-8.4794651],[122.9752912,-8.4790566],[122.9759655,-8.4786851],[122.9765468,-8.478311],[122.9771486,-8.4776431],[122.9775925,-8.4768516],[122.9777292,-8.4766635],[122.9777578,-8.4766207],[122.978062,-8.47606],[122.9784197,-8.4753298],[122.9784866,-8.4752369],[122.9786899,-8.4749545],[122.9791006,-8.4743845],[122.9791222,-8.4743546],[122.9793756,-8.4739558],[122.9795222,-8.4737231],[122.979807,-8.4731242],[122.9800596,-8.4725096],[122.9803834,-8.4719903],[122.9806337,-8.4715225],[122.9806977,-8.4714481],[122.980882,-8.4712336],[122.9810764,-8.4710408],[122.9811722,-8.4709342],[122.9817903,-8.4708606],[122.9822422,-8.4708098],[122.9828152,-8.4707148],[122.9832032,-8.4706505],[122.9839692,-8.4704312],[122.9842532,-8.47035],[122.9847307,-8.4702378],[122.9851177,-8.4701369],[122.9863373,-8.4697971],[122.9872585,-8.4694272],[122.9880352,-8.46902],[122.9888234,-8.4684179],[122.9893911,-8.4679321],[122.9899653,-8.4674559],[122.9907472,-8.4668698],[122.991077,-8.4665372],[122.9914037,-8.4667283],[122.9917292,-8.4669848],[122.9919457,-8.4672356],[122.9921971,-8.4679141],[122.992381,-8.4685835],[122.9924782,-8.4687456],[122.9927367,-8.4690378],[122.9928507,-8.4691047],[122.9932582,-8.4693441],[122.994128,-8.4694631],[122.9953413,-8.4696245],[122.9964289,-8.4697037],[122.9978869,-8.4697472],[122.9980524,-8.4697545],[122.9983898,-8.4697255],[122.9988866,-8.4697236],[122.9989149,-8.4697244],[122.9992654,-8.4697168],[122.9997191,-8.4696787],[122.9998492,-8.4696987],[123.0,-8.4697267],[123.0,-8.4697267],[123.0002526,-8.4697738],[123.0004991,-8.4697948],[123.0006226,-8.4698085],[123.0007698,-8.4698815],[123.0010099,-8.4699813],[123.0016342,-8.4699566],[123.0018403,-8.4699924],[123.0020035,-8.46997],[123.0025973,-8.4698501],[123.0029583,-8.4698687],[123.0032867,-8.4699015],[123.0039708,-8.4699783],[123.0040075,-8.4699849],[123.004628,-8.4700596],[123.004661,-8.4700609],[123.0051289,-8.4700395],[123.0053569,-8.4700144],[123.0053916,-8.4700471],[123.005549,-8.4701175],[123.0058219,-8.4701477],[123.0062041,-8.4701227],[123.0062095,-8.4701213],[123.0062252,-8.4700771],[123.0062171,-8.4699943],[123.0063088,-8.4698327],[123.0063127,-8.4698276],[123.0063551,-8.4697643],[123.0066028,-8.4693876],[123.0067117,-8.4689729],[123.0067361,-8.4681977],[123.0066667,-8.4674663],[123.0069131,-8.4675011],[123.0072593,-8.4675214],[123.0075497,-8.4674539],[123.0076508,-8.467375],[123.0078233,-8.467333],[123.0080988,-8.4672984],[123.008301,-8.4672942],[123.0086033,-8.4673102],[123.0089736,-8.46736],[123.0092477,-8.4674118],[123.0093864,-8.4674377],[123.0095022,-8.467448],[123.0098265,-8.4674412],[123.0099378,-8.4674254],[123.0100634,-8.4674075],[123.0102871,-8.4673548],[123.0107423,-8.4671566],[123.0114752,-8.4667383],[123.0117381,-8.4665665],[123.0120455,-8.4663682],[123.0137784,-8.465395],[123.0142659,-8.4652115],[123.0149318,-8.4651117],[123.0152273,-8.4651151],[123.0165268,-8.4652519],[123.0171379,-8.465414],[123.0177164,-8.4655713],[123.0194042,-8.466105],[123.0200146,-8.4662648],[123.0203892,-8.4663657],[123.020718,-8.4664227],[123.0210143,-8.4664612],[123.0212864,-8.4664171],[123.0216698,-8.4663227],[123.0220138,-8.4661876],[123.0228817,-8.465981],[123.0237761,-8.4658468],[123.024071,-8.4658182],[123.0242893,-8.4658136],[123.0245984,-8.4658519],[123.0249786,-8.4659079],[123.0252949,-8.4659811],[123.025595,-8.4660484],[123.0258123,-8.466081],[123.0262782,-8.4660863],[123.0262899,-8.4660865],[123.0262872,-8.4660419],[123.0262801,-8.4659225],[123.0262792,-8.465907],[123.0262714,-8.4654617],[123.0262221,-8.4647158],[123.0262113,-8.4643891],[123.0262079,-8.4636039],[123.0261801,-8.4624331],[123.0261662,-8.4618465],[123.026224,-8.4613351],[123.0260384,-8.4607723],[123.0261045,-8.4600555],[123.0261795,-8.4595994],[123.0262408,-8.4593298],[123.0264278,-8.4589063],[123.0266443,-8.4585421],[123.0266785,-8.4583039],[123.0266698,-8.4579377],[123.0266819,-8.4575637],[123.0266922,-8.4574086],[123.0266937,-8.4572174],[123.0267011,-8.4568809],[123.0268019,-8.4552352],[123.0268972,-8.4544684],[123.0268773,-8.4543677],[123.0268069,-8.4540119],[123.0268347,-8.4531201],[123.0268874,-8.452869],[123.0269018,-8.4528001],[123.0269653,-8.4524526],[123.0269379,-8.452117],[123.0269297,-8.4520736],[123.0268562,-8.4516861],[123.0268688,-8.4512196],[123.0268626,-8.4511325],[123.0267792,-8.4507912],[123.0266511,-8.4502718],[123.0265872,-8.4500753],[123.0264368,-8.4497711],[123.0263914,-8.4496948],[123.026299,-8.4495394],[123.0261638,-8.4493699],[123.0255378,-8.448585],[123.0255198,-8.448559],[123.0251715,-8.4479727],[123.0251755,-8.4476905],[123.0252824,-8.4472571],[123.0252052,-8.446243],[123.0252244,-8.4462271],[123.0252041,-8.4461828],[123.0251443,-8.4459258],[123.025255,-8.4456285],[123.0253169,-8.4455704],[123.0253201,-8.4455673],[123.0253208,-8.4455667],[123.0249208,-8.445617],[123.0246871,-8.4457666],[123.0243493,-8.4461157],[123.0243229,-8.4461842],[123.0242756,-8.4463071],[123.0241761,-8.4464875],[123.0238934,-8.4469072],[123.0235403,-8.4473684],[123.023129,-8.447801],[123.0222858,-8.4485577],[123.0219601,-8.4485605],[123.0218921,-8.4485576],[123.0213529,-8.4486539],[123.0205913,-8.4486392],[123.019988,-8.4486696],[123.0195061,-8.4486685],[123.0186656,-8.4485978],[123.0184507,-8.4486057],[123.0182527,-8.4485834],[123.017335,-8.4484374],[123.0168581,-8.4484058],[123.0163518,-8.4484283],[123.0158456,-8.4484246],[123.0152734,-8.4483417],[123.0150152,-8.4481732],[123.0146935,-8.4479378],[123.014365,-8.4478074],[123.0137704,-8.4477057],[123.0133749,-8.4476136],[123.0128851,-8.4473178],[123.0126799,-8.4470512],[123.012155,-8.4465976],[123.0119838,-8.4465637],[123.0116205,-8.4465561],[123.0114802,-8.4465034],[123.0112567,-8.4462928],[123.0110574,-8.4460195],[123.0107938,-8.4454984],[123.0105738,-8.4451467],[123.0103218,-8.4447143],[123.0101504,-8.4441918],[123.0098422,-8.4432575],[123.0097822,-8.4432353],[123.0089908,-8.4429422],[123.0088316,-8.4429289],[123.0086732,-8.4429156],[123.008374,-8.4426965],[123.0083337,-8.442667],[123.008171,-8.4424106],[123.008044,-8.4422104],[123.0079715,-8.4421638],[123.0078578,-8.4420907],[123.0076332,-8.4420112],[123.0074596,-8.4420293],[123.0070556,-8.4422493],[123.0067035,-8.4423393],[123.0063604,-8.4423144],[123.0060978,-8.4423689],[123.0058926,-8.4423987],[123.0056951,-8.4423655],[123.0052367,-8.4423],[123.004659,-8.4422853],[123.0043474,-8.4423161],[123.0041481,-8.4423423],[123.0039773,-8.4422356],[123.0035761,-8.4418337],[123.003276,-8.4413537],[123.0023286,-8.440275],[123.0020824,-8.4401358],[123.0018648,-8.4399595],[123.0012812,-8.4393789],[123.0009421,-8.4390322],[123.0004263,-8.4386096],[123.0,-8.438338],[123.0,-8.4383375],[123.0,-8.4383375],[123.0,-8.4383374],[123.0,-8.4383374],[123.0,-8.4383372],[122.9999984,-8.4383365],[122.9999972,-8.4383357],[122.9999505,-8.4383059],[122.9993571,-8.438073],[122.9990358,-8.4377457],[122.9988368,-8.4374733],[122.9985541,-8.4371563],[122.998342,-8.4367677],[122.9981561,-8.4365123],[122.9978599,-8.4360691],[122.9976306,-8.4358075],[122.9974102,-8.4356162],[122.9971296,-8.4355245],[122.9964162,-8.4351448],[122.9959616,-8.4349008],[122.9956075,-8.4347394],[122.9954578,-8.4347063],[122.9953457,-8.4346815],[122.9950657,-8.4346624],[122.9946957,-8.4346617],[122.9943686,-8.4345484],[122.9941269,-8.4344345],[122.99387,-8.4343589],[122.9933083,-8.4344729],[122.9932363,-8.4345899],[122.9931651,-8.4349971],[122.9929921,-8.4355352],[122.9928521,-8.435726],[122.9924004,-8.436033],[122.9921203,-8.436161],[122.9915017,-8.4364082],[122.9912794,-8.4365102],[122.9911116,-8.4365368],[122.9910192,-8.4365577],[122.9909309,-8.4366463],[122.9908962,-8.4369315],[122.9908671,-8.4373349],[122.9907805,-8.4376288],[122.9906362,-8.4377996],[122.9903934,-8.4379164],[122.9901273,-8.4379954],[122.9898189,-8.4379665],[122.9896173,-8.4379076],[122.9894871,-8.4378139],[122.9892876,-8.4376955],[122.9889121,-8.4377668],[122.9886293,-8.437724],[122.9884136,-8.4375694],[122.9879276,-8.4372471],[122.9876243,-8.4369152],[122.9870649,-8.4363197],[122.9868722,-8.4359743],[122.9867586,-8.4358426],[122.9864434,-8.4358169],[122.9863825,-8.4358119],[122.9860493,-8.4357848],[122.9858034,-8.4356881],[122.9856198,-8.4355732],[122.9852447,-8.435502],[122.9848478,-8.4354252],[122.984631,-8.4353256],[122.9843123,-8.4351809],[122.9841276,-8.4351783],[122.9839323,-8.4352626],[122.9835719,-8.4355262],[122.9833449,-8.4357387],[122.9830699,-8.4358929],[122.9829874,-8.4359112],[122.9826158,-8.4359936],[122.982552,-8.4360077],[122.9825203,-8.4360147],[122.9822166,-8.436004],[122.9818964,-8.4359927],[122.9816246,-8.4359511],[122.9814019,-8.435917],[122.9812374,-8.4358986],[122.9810789,-8.4358808],[122.980315,-8.4358194],[122.9799493,-8.43579],[122.9793381,-8.4358403],[122.9791496,-8.4358636],[122.978869,-8.4358983],[122.978569,-8.435891],[122.9783283,-8.4358852],[122.9778923,-8.4357726],[122.9777142,-8.4357265],[122.9772221,-8.435772],[122.976825,-8.4358086],[122.9765439,-8.435876],[122.9762467,-8.4360412],[122.9758698,-8.4365083],[122.9755277,-8.4373362],[122.9752032,-8.4380961],[122.9750362,-8.4384404],[122.9741841,-8.4395465],[122.973899,-8.439778],[122.9737696,-8.4398616],[122.9734929,-8.440121],[122.9729169,-8.4406787],[122.9726156,-8.4409655],[122.9718277,-8.4416126],[122.9708824,-8.442389],[122.9705672,-8.4427031],[122.9698445,-8.4433093],[122.9695149,-8.4434988],[122.9692441,-8.4435934],[122.9689181,-8.4436106],[122.9681642,-8.443749],[122.9677005,-8.4437601],[122.9675434,-8.4438633],[122.9671087,-8.4440939],[122.9666833,-8.444288],[122.966394,-8.4444016],[122.9658036,-8.4444313],[122.9655926,-8.4444556],[122.9651559,-8.4446413],[122.9645527,-8.4451846],[122.9642986,-8.4454625],[122.9641092,-8.4457949],[122.9640092,-8.4460445],[122.9639333,-8.4462429],[122.9638895,-8.446304],[122.9638372,-8.4464551],[122.9636188,-8.4468589],[122.9631883,-8.4476221],[122.9630293,-8.44781],[122.9626812,-8.4481218],[122.9624787,-8.4483638],[122.9623444,-8.448488],[122.9622159,-8.4485832],[122.9619658,-8.4488636],[122.9615479,-8.4492233],[122.9612511,-8.4495562],[122.9608559,-8.4502142],[122.9606829,-8.4505307],[122.9603981,-8.450839],[122.9595292,-8.4514906],[122.9589216,-8.4521827],[122.9587719,-8.4523091],[122.9583304,-8.452786],[122.9580446,-8.4531704],[122.9576229,-8.4534583],[122.9569773,-8.453899],[122.9566657,-8.4541672],[122.956276,-8.4546002],[122.9560869,-8.454889],[122.9559075,-8.4552785],[122.9551669,-8.4566327],[122.95507,-8.456768],[122.9545264,-8.4575272],[122.9535716,-8.4583222],[122.952803,-8.4589932],[122.9521964,-8.4595228],[122.951917,-8.4599551],[122.951724,-8.4603469],[122.9516501,-8.4605894],[122.9516333,-8.4609487],[122.9516512,-8.4614564],[122.9515179,-8.462116],[122.9515213,-8.4622704],[122.9515907,-8.4624149],[122.9517753,-8.4625064],[122.9518749,-8.462615],[122.9519869,-8.4629102],[122.9519585,-8.4633752],[122.9512649,-8.465111],[122.9511644,-8.4654394],[122.9510571,-8.4661638],[122.9511501,-8.4674761],[122.951135,-8.4680604],[122.9509901,-8.469129],[122.95096,-8.469396],[122.951058,-8.4699331],[122.9511592,-8.4703097],[122.9511988,-8.4707465],[122.9511682,-8.4711908],[122.9510701,-8.4713981],[122.9509276,-8.4716706],[122.9508078,-8.4719223],[122.9507974,-8.4719483],[122.9506206,-8.4725489],[122.9505193,-8.4728508],[122.9503515,-8.4731407],[122.9496823,-8.4737798],[122.9493394,-8.4740807],[122.9490975,-8.474269],[122.9490389,-8.4744227],[122.9492931,-8.4752262],[122.9493893,-8.4755233],[122.9493841,-8.4759781],[122.9494537,-8.4766671],[122.9495551,-8.4771813],[122.9496156,-8.4774655],[122.9496128,-8.4778459],[122.9495467,-8.4781535],[122.9488399,-8.4793347],[122.9483558,-8.4799286],[122.9480619,-8.4803471],[122.9479614,-8.4805787],[122.947815,-8.4808846],[122.9477321,-8.4816445],[122.9477391,-8.4819454],[122.9478109,-8.4822545],[122.9482397,-8.4833129],[122.9482758,-8.4848987],[122.9482365,-8.4849566],[122.9481577,-8.4851829],[122.94808,-8.4854227],[122.9480133,-8.4856634],[122.9478646,-8.4860159],[122.9477606,-8.4862898],[122.9476565,-8.4865636],[122.9475615,-8.4870219],[122.9473862,-8.4877794],[122.9470227,-8.4889933],[122.9467819,-8.4897052],[122.9467496,-8.4898008],[122.9467489,-8.4898028],[122.9465221,-8.4904734],[122.9463287,-8.4910451],[122.9458757,-8.4919236],[122.94541,-8.4927745],[122.9452334,-8.4929852],[122.9446218,-8.4932794],[122.9441859,-8.4934701],[122.9437432,-8.4936473],[122.9434961,-8.4937494],[122.9429107,-8.4940532],[122.9424505,-8.4942796],[122.9423689,-8.4943666],[122.9421711,-8.4945321],[122.9415085,-8.4948504],[122.9411696,-8.4950199],[122.9411438,-8.495028],[122.9409194,-8.4951131],[122.9404983,-8.4953302],[122.9400375,-8.4955168],[122.9399777,-8.4955485],[122.939855,-8.495608],[122.938344,-8.4961422],[122.9366006,-8.4966459],[122.9352649,-8.4969169],[122.934892,-8.497017],[122.9343664,-8.49714],[122.9340171,-8.4972588],[122.9337201,-8.4973983],[122.9331904,-8.4975846],[122.9330987,-8.49761],[122.9330547,-8.4976263],[122.9326939,-8.4977227],[122.9325056,-8.4977614],[122.9317876,-8.4979242],[122.9314324,-8.4979991],[122.9310667,-8.4980679],[122.930169,-8.4982513],[122.9298153,-8.4983183],[122.9277532,-8.4986533],[122.926146,-8.4991677],[122.9255209,-8.4993552],[122.9244442,-8.4998023],[122.9239362,-8.5],[122.9239354,-8.5000003],[122.9238622,-8.5000288],[122.9235729,-8.5001413],[122.9233962,-8.5003034],[122.9229206,-8.5007498],[122.9226308,-8.5008227],[122.9224892,-8.5007377],[122.9221892,-8.5005336],[122.9220683,-8.5005585],[122.9210156,-8.5009796],[122.9204396,-8.5012759],[122.919634,-8.5017122],[122.9179035,-8.5026544],[122.9178651,-8.502804],[122.9178529,-8.5031052],[122.9178073,-8.5036077],[122.9177911,-8.5036303],[122.9177047,-8.5037146],[122.9175396,-8.5038146],[122.9173254,-8.5039922],[122.9171453,-8.5041089],[122.9169003,-8.5042567],[122.9167443,-8.5043175],[122.9165666,-8.5042985],[122.9162219,-8.5041796],[122.9158382,-8.5039847],[122.9155763,-8.5041022],[122.914893,-8.5045423],[122.9143066,-8.5050394],[122.9136603,-8.5056665],[122.9132926,-8.5059038],[122.9128156,-8.5061458],[122.9121332,-8.50646],[122.9115782,-8.5067544],[122.9097893,-8.5075959],[122.9094969,-8.5076983],[122.9081842,-8.5084364],[122.9071792,-8.5089368],[122.9066077,-8.5092208],[122.9063498,-8.5093253],[122.9053779,-8.5097576],[122.9048325,-8.5100164],[122.9046069,-8.5101501],[122.9042634,-8.5103409],[122.9032549,-8.5108286],[122.9030166,-8.5108921],[122.9025625,-8.510926],[122.901785,-8.5109623],[122.9015616,-8.511051],[122.9013514,-8.5112155],[122.9009792,-8.5114631],[122.9006234,-8.5117345],[122.8991922,-8.5129365],[122.8983321,-8.5136191],[122.8972821,-8.5144869],[122.8969071,-8.5148229],[122.8965243,-8.5151254],[122.8961399,-8.5154358],[122.8960712,-8.5154945],[122.8958701,-8.5156272],[122.8956454,-8.5158022],[122.89508,-8.5162762],[122.8946938,-8.5165241],[122.894556,-8.516601],[122.8943604,-8.516714],[122.8943251,-8.5167233],[122.8943,-8.5167293],[122.8941666,-8.5167945],[122.8937466,-8.5170157],[122.8935422,-8.5171532],[122.893453,-8.5172338],[122.8929957,-8.5175686],[122.8925075,-8.5179454],[122.8915247,-8.5189316],[122.8911889,-8.5192395],[122.8902026,-8.520118],[122.8900785,-8.5202337],[122.8892782,-8.5209321],[122.8888939,-8.5211555],[122.8882637,-8.5214822],[122.8875935,-8.5220012],[122.8865216,-8.5230743],[122.8863985,-8.52321],[122.8863591,-8.5232451],[122.8860569,-8.5234977],[122.8858907,-8.5235632],[122.8854827,-8.5237543],[122.8851775,-8.5239827],[122.884749,-8.5244668],[122.8845347,-8.5248468],[122.8842076,-8.5255254],[122.8836171,-8.5268191],[122.8828902,-8.5280522],[122.8824948,-8.5286065],[122.8824952,-8.528662],[122.8824573,-8.5287352],[122.8816653,-8.5306782],[122.88146,-8.5317131],[122.8813759,-8.5324679],[122.8812198,-8.5334375],[122.8811884,-8.5345369],[122.8812313,-8.5353547],[122.8813128,-8.536074],[122.8812497,-8.5364588],[122.8811197,-8.5368594],[122.8809082,-8.5372332],[122.8806419,-8.5377036],[122.8805968,-8.5380179],[122.880586,-8.5383824],[122.8805647,-8.5401288],[122.8805029,-8.5408924],[122.8804977,-8.5412717],[122.8804668,-8.5418788],[122.8803561,-8.5428788],[122.8802424,-8.5438907],[122.8802325,-8.543979],[122.8802048,-8.5449525],[122.8801475,-8.5455256],[122.8800232,-8.5460086],[122.8799144,-8.546478],[122.8797988,-8.5471438],[122.8797981,-8.548136],[122.8797977,-8.5485539],[122.8799274,-8.5492921],[122.8805877,-8.5514393],[122.8808113,-8.5522124],[122.8808045,-8.5524891],[122.8808244,-8.5531063],[122.8809296,-8.5536811],[122.8810785,-8.5544653],[122.8811002,-8.5551345],[122.8810558,-8.5553758],[122.8809649,-8.5555877],[122.8807654,-8.5558064],[122.8805332,-8.5559741],[122.8802685,-8.5561906],[122.8800562,-8.556457],[122.8795034,-8.5573539],[122.8793168,-8.5575427],[122.8792885,-8.5575796],[122.8790224,-8.557902],[122.8777241,-8.5591726],[122.8772646,-8.5596952],[122.8771034,-8.5598786],[122.8769354,-8.5599188],[122.876151,-8.5600036],[122.8759566,-8.5601107],[122.875863,-8.5602267],[122.8756847,-8.5606277],[122.8753535,-8.5621431],[122.8750103,-8.5643647],[122.8750103,-8.564365],[122.8750001,-8.5643993],[122.875,-8.5643994],[122.8748491,-8.5647249],[122.8743663,-8.5657401],[122.8741758,-8.5662553],[122.8737785,-8.5667429],[122.8731123,-8.5674225],[122.8730443,-8.5675936],[122.8729067,-8.5680605],[122.8725917,-8.5683717],[122.8725007,-8.568654],[122.8724025,-8.5688393],[122.8722214,-8.569001],[122.8719531,-8.5692879],[122.8718119,-8.5695657],[122.871754,-8.5698353],[122.8715945,-8.57086],[122.8715453,-8.5720875],[122.8715166,-8.5729876],[122.8714289,-8.5733319],[122.8713424,-8.5736197],[122.8713242,-8.573828],[122.8713795,-8.5740086],[122.8714181,-8.5741878],[122.8714193,-8.5745581],[122.871361,-8.5751834],[122.8713227,-8.5756374],[122.8713658,-8.5760505],[122.8714442,-8.5764813],[122.8715469,-8.577068],[122.8715273,-8.5773731],[122.871433,-8.5781651],[122.8712094,-8.5791779],[122.8708588,-8.5804182],[122.8705993,-8.581336],[122.8703947,-8.5823293],[122.8703841,-8.5826472],[122.8703528,-8.583107],[122.8703482,-8.5838108],[122.8703441,-8.5844324],[122.8705064,-8.5851064],[122.8709874,-8.5862495],[122.871307,-8.586717],[122.8715046,-8.5868752],[122.8724743,-8.5872263],[122.8728126,-8.5872983],[122.8736313,-8.5874499],[122.8740341,-8.5875476],[122.8744,-8.5877035],[122.8745582,-8.5878218],[122.8747406,-8.5880741],[122.874913,-8.5883127],[122.875,-8.5884201],[122.8750001,-8.5884202],[122.8750103,-8.5884329],[122.8758181,-8.5894301],[122.8760014,-8.5898124],[122.876483,-8.5910321],[122.8767164,-8.5911846],[122.8771902,-8.5915021],[122.8784415,-8.5927711],[122.8788728,-8.5930723],[122.8795809,-8.5934076],[122.8813528,-8.5945235],[122.8815959,-8.5948339],[122.8817971,-8.5950986],[122.88209,-8.5955217],[122.8825434,-8.5966158],[122.8826065,-8.5969663],[122.8826008,-8.5973353],[122.8825765,-8.5977014],[122.8826391,-8.5980132],[122.8827522,-8.5982503],[122.8829015,-8.5985898],[122.8829084,-8.598914],[122.8829258,-8.5994895],[122.8829764,-8.5997256],[122.883098,-8.5998927],[122.8834256,-8.6003378],[122.8835529,-8.6006953],[122.8837874,-8.6012691],[122.8839047,-8.6016727],[122.8838893,-8.6018706],[122.8837908,-8.6021555],[122.8836927,-8.6022927],[122.8831366,-8.6029111],[122.8830444,-8.6031647],[122.8830569,-8.603468],[122.8831276,-8.6036767],[122.8833466,-8.6040488],[122.883449,-8.6042755],[122.883528,-8.6045888],[122.8836561,-8.6050712],[122.8838496,-8.6054355],[122.8849379,-8.6074037],[122.8852887,-8.6081283],[122.8855131,-8.6085251],[122.8860396,-8.6091382],[122.8863209,-8.6093594],[122.8865816,-8.6094452],[122.8869006,-8.6095159],[122.8879982,-8.6095924],[122.8885659,-8.6097525],[122.8891027,-8.6099742],[122.8901,-8.6105811],[122.8906981,-8.6109828],[122.8912258,-8.6111868],[122.8915143,-8.6111913],[122.8920057,-8.6111516],[122.8923397,-8.6110499],[122.892605,-8.6109042],[122.8929954,-8.610693],[122.8933592,-8.6105946],[122.8945572,-8.6105069],[122.8948117,-8.6105039],[122.8956888,-8.6105194],[122.895934,-8.6104976],[122.8962038,-8.6104626],[122.8966324,-8.6104278],[122.8966784,-8.6104246],[122.8977932,-8.6101636],[122.8995239,-8.6096309],[122.9000907,-8.6094487],[122.9012417,-8.6092611],[122.9018267,-8.6092323],[122.9023957,-8.6092509],[122.9026012,-8.6092177],[122.9028529,-8.6091423],[122.9030483,-8.6090849],[122.903413,-8.6090321],[122.9035627,-8.6090795],[122.9036354,-8.6091415],[122.9037275,-8.6092199],[122.9039632,-8.6094408],[122.9042236,-8.609571],[122.9043532,-8.6095984],[122.9044625,-8.6096215],[122.9047487,-8.6096275],[122.9049315,-8.6096313],[122.904933,-8.6096313],[122.9050326,-8.6096133],[122.9052862,-8.6095673],[122.9057157,-8.6094778],[122.9060065,-8.6094672],[122.9065494,-8.6094778],[122.9072178,-8.6094908],[122.9074456,-8.6096347],[122.9075367,-8.6097291],[122.9076099,-8.609805],[122.9076859,-8.610049],[122.9077847,-8.6103361],[122.9078541,-8.6105053],[122.908047,-8.6109763],[122.9082467,-8.6112631],[122.9084231,-8.6114047],[122.9085469,-8.6114256],[122.9085875,-8.611416],[122.9087266,-8.611383],[122.9091608,-8.6112578],[122.9096588,-8.6111286],[122.9098377,-8.6110837],[122.9101045,-8.6110167],[122.9103632,-8.6110049],[122.9103656,-8.6110048],[122.9106797,-8.611041],[122.9107876,-8.6110534],[122.9109397,-8.6111354],[122.9111084,-8.6111935],[122.9111097,-8.6111936],[122.9112935,-8.611204],[122.9112965,-8.6112042],[122.9115147,-8.6111585],[122.9116376,-8.6110611],[122.9116979,-8.6109901],[122.9118021,-8.6108675],[122.912101,-8.6102297],[122.9121285,-8.6101793],[122.912195,-8.6100576],[122.9122278,-8.6100354],[122.9123051,-8.6099833],[122.912307,-8.6099839],[122.9123771,-8.6100096],[122.9123932,-8.6100141],[122.9124852,-8.6100402],[122.912598,-8.6100299],[122.9125989,-8.6100298],[122.9126632,-8.6099706],[122.9126809,-8.6099543],[122.9126827,-8.6099406],[122.9126927,-8.6098616],[122.912708,-8.6096439],[122.9127608,-8.6095603],[122.9128107,-8.6095377],[122.9128544,-8.6095178],[122.9129594,-8.6095217],[122.913044,-8.6095809],[122.9131314,-8.6096177],[122.9131473,-8.6096243],[122.9132262,-8.6096008],[122.9132535,-8.6095678],[122.9132882,-8.6095259],[122.9134369,-8.6093442],[122.9135257,-8.6092884],[122.9135816,-8.6092533],[122.9136582,-8.6092478],[122.9137942,-8.6092381],[122.9145319,-8.6091968],[122.9146854,-8.6090991],[122.9148275,-8.6089864],[122.9148949,-8.608933],[122.9148959,-8.6089322],[122.9149428,-8.6089662],[122.9149944,-8.6090304],[122.9150515,-8.6091014],[122.9151455,-8.6091445],[122.9151458,-8.6091442],[122.9151489,-8.6091396],[122.9152093,-8.6090512],[122.9153292,-8.6088985],[122.9153508,-8.6088864],[122.9154257,-8.6088445],[122.915632,-8.6087996],[122.9159074,-8.6087242],[122.9161172,-8.6086367],[122.9163382,-8.6085445],[122.9166142,-8.6083155],[122.9169494,-8.6079956],[122.9171244,-8.6079414],[122.9171251,-8.6079411],[122.9171822,-8.6079353],[122.9174152,-8.6079114],[122.9178424,-8.6078776],[122.9178739,-8.6078751],[122.9181025,-8.6077638],[122.9183444,-8.607592],[122.9185597,-8.6074392],[122.918699,-8.6073865],[122.9188205,-8.6073406],[122.9191342,-8.6072226],[122.9191829,-8.6072042],[122.919551,-8.6070238],[122.9197148,-8.6069435],[122.9197285,-8.6069371],[122.9199326,-8.6068415],[122.9205234,-8.6067063],[122.9210404,-8.6065881],[122.9213215,-8.6066044],[122.9214207,-8.6066066],[122.9215517,-8.6066095],[122.9215526,-8.6066093],[122.9217023,-8.6065687],[122.9218226,-8.6065361],[122.9224478,-8.6061973],[122.9231284,-8.6057991],[122.9237753,-8.6053971],[122.9238083,-8.6053686],[122.9238117,-8.6053657],[122.9241162,-8.6051702],[122.9242485,-8.6050853],[122.9245154,-8.6049964],[122.9245836,-8.6049737],[122.9245844,-8.6049734],[122.924624,-8.6049541],[122.9248415,-8.604848],[122.9251306,-8.6046481],[122.9257413,-8.6039861],[122.9258995,-8.6037126],[122.9259033,-8.6036892],[122.9259058,-8.6036738],[122.9259511,-8.6035619],[122.9259813,-8.6035144],[122.9260445,-8.6034149],[122.9261103,-8.6033222],[122.9261415,-8.6032782],[122.9262159,-8.6031891],[122.926343,-8.6030369],[122.9264537,-8.6028978],[122.9265699,-8.6027519],[122.9267421,-8.6025524],[122.9268401,-8.6024389],[122.9268592,-8.6024175],[122.9268953,-8.6023771],[122.9269111,-8.6023635],[122.9269173,-8.6023582],[122.9269695,-8.602317],[122.9271328,-8.6021881],[122.9272487,-8.6021139],[122.9273374,-8.6020571],[122.9276119,-8.601936],[122.9279332,-8.6018613],[122.9280249,-8.60184],[122.9281596,-8.6018087],[122.928284,-8.6017798],[122.9282848,-8.6017796],[122.9283162,-8.6017591],[122.9284648,-8.6016623],[122.928691,-8.6015034],[122.9290198,-8.6012725],[122.9292685,-8.6011384],[122.9296059,-8.6007902],[122.929857,-8.6005112],[122.9304987,-8.5998793],[122.9308261,-8.5995647],[122.9309335,-8.5994368],[122.9309993,-8.5993539],[122.9310955,-8.5992327],[122.9312261,-8.5990129],[122.9313621,-8.5987842],[122.9317482,-8.5980908],[122.9317853,-8.5980243],[122.9318162,-8.5979905],[122.9320402,-8.5977456],[122.9322586,-8.597601],[122.9324963,-8.5974264],[122.9325402,-8.5973748],[122.9326372,-8.5972607],[122.932724,-8.5971084],[122.9327794,-8.5970112],[122.9329256,-8.5968221],[122.9330652,-8.5966884],[122.9332089,-8.5965507],[122.9333769,-8.5964631],[122.9336375,-8.5963883],[122.9339582,-8.596305],[122.9347574,-8.5960894],[122.9350088,-8.5960658],[122.9351763,-8.5960501],[122.9354311,-8.5960302],[122.9359185,-8.595992],[122.9360465,-8.5959313],[122.9360884,-8.5959115],[122.9363651,-8.595695],[122.9364823,-8.5955531],[122.9364855,-8.5955492],[122.9364856,-8.5955491],[122.9364951,-8.595535],[122.9370031,-8.5947763],[122.9372534,-8.5941917],[122.9375522,-8.5935884],[122.9377252,-8.5934349],[122.9380101,-8.5932081],[122.9380417,-8.5931829],[122.9380452,-8.5931751],[122.9381146,-8.5930231],[122.9380934,-8.5929323],[122.9379549,-8.5926931],[122.9379235,-8.5925919],[122.937913,-8.5925583],[122.9379278,-8.5921451],[122.9379511,-8.5920915],[122.9380394,-8.5918886],[122.9381186,-8.5917511],[122.9381493,-8.5916978],[122.9383557,-8.591486],[122.9385169,-8.5913961],[122.9387366,-8.5913457],[122.939028,-8.5912662],[122.9391645,-8.5912078],[122.9395642,-8.591037],[122.9400841,-8.5908178],[122.9405851,-8.5906067],[122.9406934,-8.5905138],[122.9407781,-8.590441],[122.9412746,-8.5898742],[122.9414029,-8.5896601],[122.9415583,-8.5893789],[122.9415743,-8.5893499],[122.9416051,-8.5893137],[122.9418388,-8.5890393],[122.9419194,-8.5889497],[122.9419883,-8.588873],[122.9420455,-8.588759],[122.942135,-8.5885801],[122.9421716,-8.5884567],[122.9422028,-8.5883511],[122.9425301,-8.5873065],[122.9430941,-8.5862693],[122.9435811,-8.585515],[122.943596,-8.5854919],[122.9437496,-8.5851348],[122.9443288,-8.584029],[122.9444125,-8.5837255],[122.9444144,-8.5836851],[122.9444324,-8.5832841],[122.9444632,-8.5830913],[122.9444432,-8.5830067],[122.9444153,-8.5828892],[122.9443754,-8.5826726],[122.9443848,-8.5825911],[122.9444087,-8.5823848],[122.9444496,-8.5822441],[122.9444922,-8.5820973],[122.9445959,-8.5819255],[122.9448345,-8.5815572],[122.9448981,-8.581397],[122.944981,-8.5811883],[122.9449964,-8.5810027],[122.9449835,-8.5804032],[122.9450289,-8.5801495],[122.9450925,-8.5797943],[122.9451085,-8.5796885],[122.9451418,-8.5794671],[122.945167,-8.5791337]]]]}},
{"type":"Feature","properties":{"OBJECTID":80377.0,"NAMOBJ":"Balaweling","KDCBPS":"530612","WADMKC":"Witihama","WADMKK":"Flores Timur","WADMPR":"Nusa Tenggara Timur","Penduduk":18694,"luas_km2":69.976},"geometry":{"type":"MultiPolygon","coordinates":[[[[123.2510351,-8.3403979],[123.251638,-8.341399],[123.2522152,-8.3423693],[123.2527685,-8.343339],[123.2527867,-8.343371],[123.2534573,-8.34335],[123.2558539,-8.343275],[123.2571927,-8.3432004],[123.2573735,-8.3431903],[123.2577203,-8.3431901],[123.2582361,-8.3431492],[123.2586615,-8.3431155],[123.259256,-8.3430658],[123.2595013,-8.3430125],[123.2598256,-8.3429421],[123.2602394,-8.3428545],[123.2606429,-8.342769],[123.2613562,-8.3425688],[123.2614354,-8.3425466],[123.2620583,-8.3424934],[123.26233,-8.3424702],[123.2623633,-8.3424606],[123.2629058,-8.3423048],[123.2631313,-8.3422609],[123.2634737,-8.3421944],[123.2643099,-8.3419974],[123.2652806,-8.341923],[123.2653433,-8.3419181],[123.2661559,-8.3418626],[123.2668834,-8.3417352],[123.2669141,-8.3417298],[123.2669291,-8.3417218],[123.2669714,-8.341703],[123.2670594,-8.3416218],[123.267062,-8.3416185],[123.2671574,-8.3415052],[123.2672357,-8.3414444],[123.267261,-8.3414288],[123.2673401,-8.3413516],[123.2674323,-8.3412348],[123.2674465,-8.3412167],[123.2675748,-8.3410992],[123.2676047,-8.3410776],[123.2676854,-8.3410191],[123.2678044,-8.3409245],[123.2678484,-8.3408859],[123.2679767,-8.3407836],[123.268064,-8.3406732],[123.2681201,-8.3405644],[123.2681239,-8.3405566],[123.268157,-8.3404877],[123.2682383,-8.3404328],[123.2682385,-8.3404327],[123.2682426,-8.34043],[123.2683368,-8.3403705],[123.2685629,-8.3401],[123.2686125,-8.3400258],[123.2686499,-8.3399698],[123.2686762,-8.3399565],[123.2687424,-8.339923],[123.2688453,-8.339883],[123.2690223,-8.3398073],[123.2692804,-8.3396587],[123.2693344,-8.3396276],[123.2694979,-8.3395046],[123.2695246,-8.3394792],[123.2696393,-8.3393766],[123.2697302,-8.3392993],[123.2698219,-8.3392216],[123.2700944,-8.3390391],[123.2701422,-8.3390087],[123.2702178,-8.3389703],[123.2702559,-8.338958],[123.270478,-8.338858],[123.2705018,-8.3388473],[123.2706276,-8.3387996],[123.2706801,-8.3387976],[123.2708525,-8.3387477],[123.2709711,-8.3387201],[123.2711866,-8.3386301],[123.2713036,-8.3385889],[123.2713139,-8.338587],[123.2714444,-8.3383834],[123.271451,-8.3383706],[123.2714691,-8.3383354],[123.2714751,-8.3383188],[123.2714834,-8.3383159],[123.271555,-8.3382101],[123.2716059,-8.3381351],[123.2716435,-8.3380795],[123.2716881,-8.3380011],[123.2718511,-8.3379027],[123.2719333,-8.3378571],[123.2720134,-8.3377781],[123.2720676,-8.3377204],[123.2721856,-8.3375949],[123.2722979,-8.3374202],[123.2723301,-8.3373766],[123.2723876,-8.3373125],[123.2737653,-8.3369271],[123.2742412,-8.336832],[123.2751061,-8.3363458],[123.2751468,-8.3363334],[123.2753557,-8.3362278],[123.2753821,-8.3362144],[123.2755392,-8.3360969],[123.2757957,-8.3359578],[123.2758769,-8.3359133],[123.2759126,-8.3358938],[123.2762407,-8.3357401],[123.2763774,-8.3356631],[123.2765868,-8.3355828],[123.2767481,-8.3355594],[123.2768862,-8.3355575],[123.2769581,-8.3355457],[123.2771147,-8.33552],[123.2771449,-8.3355078],[123.2774771,-8.3353905],[123.2777923,-8.3352755],[123.2778573,-8.3352529],[123.2781771,-8.3351443],[123.2784566,-8.3350863],[123.2787308,-8.3350014],[123.2787679,-8.334976],[123.2789011,-8.3348213],[123.2789371,-8.3347288],[123.2789639,-8.33466],[123.2789921,-8.3345126],[123.2790229,-8.3344456],[123.2790575,-8.3343706],[123.2790951,-8.3343322],[123.2791354,-8.334291],[123.2792075,-8.3342173],[123.279342,-8.3341666],[123.2794245,-8.3341455],[123.2795595,-8.3341209],[123.2795714,-8.3341188],[123.2796587,-8.334056],[123.2796797,-8.3340408],[123.2801721,-8.3337958],[123.2804784,-8.3336873],[123.2806547,-8.3336197],[123.2806637,-8.3336072],[123.2813634,-8.3333655],[123.2814941,-8.3333311],[123.2819589,-8.3332086],[123.2819654,-8.3332107],[123.28232,-8.3332814],[123.2824811,-8.3332393],[123.2826863,-8.3331439],[123.2829754,-8.3329406],[123.2831269,-8.3328941],[123.2832695,-8.3329921],[123.2833554,-8.3330511],[123.2835076,-8.3329189],[123.2835221,-8.3329051],[123.2836696,-8.3327652],[123.2839874,-8.3325137],[123.2842272,-8.3323507],[123.284422,-8.332261],[123.2844957,-8.3322178],[123.2847427,-8.3320731],[123.284767,-8.3320619],[123.2849935,-8.3319587],[123.2854396,-8.3318865],[123.2854569,-8.3318837],[123.28556,-8.331867],[123.2860699,-8.3318026],[123.2864385,-8.3317306],[123.2868352,-8.3316683],[123.2872686,-8.3316639],[123.2877127,-8.3316387],[123.2878898,-8.3316369],[123.288117,-8.3316934],[123.288399,-8.3317083],[123.2886891,-8.331652],[123.2887795,-8.3316247],[123.2887835,-8.3316235],[123.2893323,-8.3314143],[123.2899008,-8.3311043],[123.2899481,-8.3310844],[123.2904027,-8.3311282],[123.2904653,-8.3311347],[123.290738,-8.3311628],[123.2908942,-8.3311789],[123.2910492,-8.3311691],[123.2913293,-8.3310371],[123.2915804,-8.3308679],[123.2915919,-8.3308657],[123.2921471,-8.3307601],[123.2923396,-8.3307266],[123.2925517,-8.3306931],[123.2928287,-8.3307794],[123.2931889,-8.3310687],[123.2933169,-8.3311639],[123.2936654,-8.3312681],[123.2945654,-8.3312719],[123.2950819,-8.3312559],[123.2956652,-8.3312334],[123.2957068,-8.3312341],[123.295948,-8.3312381],[123.2960359,-8.3312396],[123.2960608,-8.3312422],[123.296088,-8.3312451],[123.2963921,-8.3312775],[123.2966769,-8.3312414],[123.2969149,-8.3311016],[123.2970891,-8.3309333],[123.2972903,-8.3305679],[123.2974609,-8.3300344],[123.2974769,-8.3299843],[123.2975342,-8.329805],[123.2976178,-8.3295928],[123.2977145,-8.3294881],[123.2978705,-8.3293639],[123.2979605,-8.329161],[123.2980871,-8.3289839],[123.2981768,-8.328868],[123.2982228,-8.3288174],[123.2983547,-8.3286723],[123.2984679,-8.3285364],[123.298507,-8.3284737],[123.2986164,-8.328298],[123.2988013,-8.3281169],[123.2989965,-8.3279785],[123.2993279,-8.3275778],[123.2995511,-8.3269682],[123.2997415,-8.3267853],[123.2997868,-8.3268188],[123.2999118,-8.3267626],[123.3000069,-8.3266783],[123.300105,-8.3266663],[123.3002095,-8.3267571],[123.300265,-8.3268961],[123.3003012,-8.3269869],[123.3003914,-8.3270884],[123.300502,-8.3271131],[123.3008009,-8.3269788],[123.3008931,-8.3268961],[123.301075,-8.3267329],[123.3012728,-8.326603],[123.3019111,-8.3265543],[123.3020076,-8.326555],[123.3020086,-8.326555],[123.3020892,-8.3265557],[123.302365,-8.3263729],[123.3023764,-8.3263678],[123.3025817,-8.3262778],[123.3028733,-8.3262834],[123.3030268,-8.3262864],[123.3034163,-8.326388],[123.3034399,-8.3261872],[123.303521,-8.3254964],[123.3035968,-8.3246486],[123.3036736,-8.3237908],[123.3036746,-8.3237765],[123.3037203,-8.323122],[123.3036929,-8.3221516],[123.3036929,-8.3221516],[123.3036623,-8.3214149],[123.3036397,-8.3208725],[123.3036375,-8.3208398],[123.3036053,-8.3203703],[123.3035974,-8.3202556],[123.3035439,-8.3198847],[123.3035524,-8.3194504],[123.3036461,-8.3190705],[123.3036548,-8.3190351],[123.3037618,-8.3186096],[123.3038515,-8.3182525],[123.3039064,-8.3178012],[123.3038626,-8.3166169],[123.3038557,-8.3164181],[123.3038196,-8.3153803],[123.3037999,-8.3148144],[123.3037892,-8.3145146],[123.3037754,-8.3141251],[123.303699,-8.3130376],[123.3036916,-8.3129324],[123.3037239,-8.3123163],[123.3037397,-8.3120147],[123.3037596,-8.3118313],[123.3037816,-8.3116281],[123.3037816,-8.3116281],[123.3039609,-8.3112703],[123.303961,-8.3112702],[123.3041135,-8.3109659],[123.3041387,-8.3109062],[123.3041954,-8.3107716],[123.3042038,-8.3106689],[123.3042112,-8.3105781],[123.3041145,-8.3096782],[123.3041145,-8.3096782],[123.3041183,-8.3095582],[123.3041224,-8.309432],[123.3041484,-8.308621],[123.304239,-8.3079646],[123.3042774,-8.3077671],[123.3042829,-8.3077391],[123.3042985,-8.3075764],[123.3044067,-8.3064512],[123.3046123,-8.3052333],[123.3047392,-8.3045137],[123.3048578,-8.30414],[123.304999,-8.3039036],[123.3052162,-8.3035937],[123.3053064,-8.3033709],[123.3053322,-8.3029498],[123.3053033,-8.302636],[123.3053007,-8.3026069],[123.304972,-8.3015203],[123.3048116,-8.3008677],[123.3047461,-8.3002913],[123.3047461,-8.300291],[123.3047213,-8.2994972],[123.3047324,-8.2993075],[123.3047486,-8.2990328],[123.3047967,-8.2985518],[123.3048222,-8.2983022],[123.3048594,-8.2979374],[123.3048685,-8.2978236],[123.304913,-8.2972655],[123.3049972,-8.2966101],[123.3050787,-8.2963703],[123.3051003,-8.2963066],[123.3051428,-8.2962544],[123.3052429,-8.2961316],[123.3055418,-8.2957648],[123.3056679,-8.2956168],[123.3058985,-8.2953461],[123.3059131,-8.295329],[123.3059255,-8.2953145],[123.3060636,-8.2951721],[123.3062942,-8.2949345],[123.3064518,-8.2948138],[123.3066521,-8.2946604],[123.3066828,-8.2946381],[123.3068081,-8.2945474],[123.3069331,-8.2944568],[123.3069536,-8.2944419],[123.3069536,-8.2944419],[123.3073539,-8.2941518],[123.3077928,-8.2938518],[123.3082149,-8.2936385],[123.309096,-8.2933644],[123.3096213,-8.293282],[123.310053,-8.2932143],[123.3104183,-8.2931922],[123.3106457,-8.2932225],[123.3113029,-8.2936174],[123.3115,-8.2937189],[123.3116966,-8.2938202],[123.3116967,-8.2938202],[123.3118516,-8.2938759],[123.3120751,-8.2939563],[123.3124382,-8.2940339],[123.3126991,-8.2940398],[123.3129446,-8.2939677],[123.3135494,-8.2935887],[123.3140028,-8.2932594],[123.3142651,-8.2930059],[123.3147615,-8.2922972],[123.3149564,-8.2921331],[123.3151855,-8.2920343],[123.3153173,-8.29208],[123.3154922,-8.2921765],[123.3157347,-8.2921147],[123.3160782,-8.2919533],[123.3166119,-8.291548],[123.3168613,-8.2912892],[123.3173859,-8.290745],[123.3179566,-8.2900949],[123.3181657,-8.2898119],[123.3184356,-8.2892131],[123.318521,-8.2890143],[123.3191135,-8.2884426],[123.319853,-8.2877666],[123.3203043,-8.2873558],[123.3213672,-8.2867016],[123.3217332,-8.2864684],[123.3227827,-8.2853617],[123.3231469,-8.2849726],[123.3233371,-8.2847987],[123.3234625,-8.2846236],[123.3235448,-8.2844049],[123.3235699,-8.2841452],[123.3235031,-8.2838306],[123.3231976,-8.2831442],[123.3229755,-8.2826603],[123.3229755,-8.2826603],[123.3228936,-8.282425],[123.3228978,-8.2817793],[123.3229009,-8.2813145],[123.3229094,-8.2810248],[123.3230002,-8.280646],[123.3231103,-8.2803667],[123.3234671,-8.2797589],[123.3236791,-8.2794475],[123.3238384,-8.2792845],[123.3248627,-8.2787313],[123.3256652,-8.2782915],[123.3270212,-8.2776867],[123.3272343,-8.2775916],[123.3275631,-8.2774681],[123.3278967,-8.2773428],[123.3283628,-8.2772178],[123.3285634,-8.2771705],[123.3286174,-8.2771578],[123.3289771,-8.2769055],[123.3290361,-8.2768826],[123.3293626,-8.2767556],[123.3297052,-8.2765343],[123.3297152,-8.276526],[123.3298409,-8.2764201],[123.3299765,-8.2761631],[123.3305047,-8.2755707],[123.3311258,-8.2750852],[123.3318001,-8.2747131],[123.3318044,-8.2747058],[123.3318234,-8.2746583],[123.3318325,-8.2746354],[123.3320933,-8.2739811],[123.3325053,-8.2727733],[123.332666,-8.2722485],[123.3328229,-8.2714425],[123.3328917,-8.2710858],[123.3328955,-8.271066],[123.3329926,-8.2708004],[123.3331031,-8.2706354],[123.3334822,-8.2704533],[123.3336365,-8.270306],[123.3337261,-8.2700464],[123.3337334,-8.2699149],[123.333745,-8.2697059],[123.3337547,-8.2691135],[123.3337774,-8.2688306],[123.3338708,-8.2685491],[123.3340384,-8.2681087],[123.3342249,-8.2674007],[123.3342854,-8.266993],[123.3342651,-8.2665297],[123.3341238,-8.2660304],[123.333704,-8.2652516],[123.3336415,-8.2651282],[123.3337945,-8.2646766],[123.3338415,-8.2644643],[123.3338267,-8.2643274],[123.3336835,-8.2641331],[123.3333772,-8.2639037],[123.3331072,-8.2637802],[123.332708,-8.2636926],[123.3321941,-8.2636147],[123.3321103,-8.263602],[123.3319072,-8.2635531],[123.3317546,-8.2634485],[123.3314154,-8.2631226],[123.3311195,-8.2628561],[123.3301093,-8.2619015],[123.3297724,-8.2615674],[123.3294793,-8.2612536],[123.3290353,-8.2609104],[123.3284651,-8.260567],[123.3278604,-8.2602167],[123.327341,-8.259876],[123.326761,-8.259434],[123.3265062,-8.259191],[123.3263892,-8.2590252],[123.3261898,-8.2584187],[123.3261017,-8.2581323],[123.325865,-8.2577301],[123.3255598,-8.2574046],[123.3255231,-8.2573779],[123.3249176,-8.2565698],[123.3247145,-8.2563324],[123.3235377,-8.2552209],[123.3231606,-8.254877],[123.3230368,-8.2547236],[123.3229355,-8.2546151],[123.3228212,-8.2545546],[123.3226727,-8.254605],[123.3227497,-8.2552662],[123.3228304,-8.2563101],[123.3228123,-8.256575],[123.3227522,-8.2567273],[123.3223873,-8.2571324],[123.322113,-8.2574317],[123.3219767,-8.2575151],[123.3218436,-8.2575964],[123.3217359,-8.257627],[123.3216251,-8.2576585],[123.3212629,-8.2576563],[123.3208968,-8.2575742],[123.320373,-8.2573423],[123.3198191,-8.2570881],[123.3194037,-8.256951],[123.3187807,-8.2569496],[123.3186243,-8.2569488],[123.3184575,-8.256948],[123.3181809,-8.2568385],[123.317887,-8.2567223],[123.3172872,-8.2564805],[123.3171234,-8.2564145],[123.3168955,-8.2563657],[123.3163489,-8.2566296],[123.3161924,-8.2567086],[123.3159535,-8.2567152],[123.3155504,-8.2566408],[123.3150946,-8.2563316],[123.314961,-8.2562708],[123.3145622,-8.2564087],[123.3144745,-8.2564454],[123.3144396,-8.25646],[123.3140327,-8.2563177],[123.3137457,-8.2561894],[123.3136721,-8.2561266],[123.3135905,-8.2560569],[123.3134832,-8.2558607],[123.3134716,-8.2556909],[123.3135574,-8.2554597],[123.3136754,-8.2551702],[123.3136754,-8.2551702],[123.3137323,-8.254933],[123.3137207,-8.2547743],[123.3135682,-8.2545226],[123.3133989,-8.2543649],[123.3130279,-8.2541838],[123.3125238,-8.2540645],[123.3119928,-8.2541293],[123.3117003,-8.2541381],[123.3112476,-8.2541516],[123.3105454,-8.2540693],[123.3105437,-8.2540691],[123.3101119,-8.2540719],[123.3095321,-8.2540756],[123.3090451,-8.2540985],[123.3088944,-8.2540705],[123.3085868,-8.2536645],[123.3085384,-8.253497],[123.3084402,-8.2531571],[123.3084132,-8.2531024],[123.3083301,-8.252934],[123.3081894,-8.2528245],[123.3080165,-8.2528173],[123.3080139,-8.2528172],[123.3080102,-8.252817],[123.3079833,-8.2528351],[123.3078521,-8.252923],[123.3078169,-8.2529465],[123.3077814,-8.2529808],[123.3076672,-8.2530909],[123.3075467,-8.2531486],[123.3074944,-8.253145],[123.3074421,-8.2531414],[123.3074309,-8.2531292],[123.3073235,-8.2530131],[123.3072594,-8.2527968],[123.3072586,-8.252794],[123.3072093,-8.2524566],[123.3067989,-8.2523183],[123.3066601,-8.2522674],[123.3065149,-8.2522141],[123.3063207,-8.2520915],[123.3059567,-8.251489],[123.3057622,-8.2511665],[123.3057094,-8.2510789],[123.3056567,-8.2510017],[123.3054082,-8.2506372],[123.3051162,-8.2501889],[123.3050533,-8.2501163],[123.3049566,-8.2500048],[123.3049528,-8.2500005],[123.3049526,-8.2500002],[123.3049524,-8.25],[123.3047919,-8.249815],[123.3044487,-8.2495143],[123.30407,-8.2493112],[123.3038032,-8.2491681],[123.3027123,-8.2488048],[123.3025146,-8.2487143],[123.3022997,-8.2484958],[123.3021946,-8.2483036],[123.3021899,-8.2480916],[123.3021819,-8.2477346],[123.3021756,-8.247451],[123.3021716,-8.2473471],[123.3021652,-8.2471792],[123.3020944,-8.2470087],[123.3020935,-8.2470066],[123.3018865,-8.2467717],[123.3012816,-8.2464168],[123.3010525,-8.2463171],[123.3007201,-8.2462941],[123.3002692,-8.2463259],[123.3001758,-8.2463538],[123.2998136,-8.2464622],[123.2993564,-8.2467492],[123.2977528,-8.2474911],[123.2973294,-8.2475956],[123.2969488,-8.2476896],[123.2964774,-8.2477951],[123.2955751,-8.2481784],[123.2952831,-8.2483079],[123.2952499,-8.2483227],[123.2950684,-8.2484051],[123.2947112,-8.2485675],[123.2936451,-8.249052],[123.2932576,-8.2492281],[123.2931445,-8.2492704],[123.2926532,-8.2494543],[123.2922429,-8.2495321],[123.2916746,-8.2496398],[123.2911713,-8.2496127],[123.2910059,-8.2496041],[123.2908235,-8.2496804],[123.2906522,-8.2498291],[123.2905302,-8.25],[123.2905271,-8.2500043],[123.2904359,-8.2501321],[123.2902955,-8.2504661],[123.2902221,-8.2506306],[123.2900138,-8.2507224],[123.2897477,-8.2507271],[123.2896212,-8.2507293],[123.288936,-8.2506446],[123.2886613,-8.2505724],[123.2884875,-8.2504744],[123.2884078,-8.2503413],[123.288377,-8.2501768],[123.2883305,-8.2500911],[123.2882848,-8.2500067],[123.2882835,-8.2500041],[123.2882813,-8.2500002],[123.2882813,-8.2500001],[123.2882813,-8.25],[123.2882579,-8.2499568],[123.2882572,-8.2499555],[123.2882566,-8.2499545],[123.288186,-8.249824],[123.2880698,-8.2497107],[123.2880666,-8.2497096],[123.2878465,-8.2496375],[123.2870917,-8.2497816],[123.2866765,-8.2498971],[123.2865695,-8.2499782],[123.2865505,-8.25],[123.2865504,-8.2500001],[123.2865503,-8.2500002],[123.286547,-8.250004],[123.2863347,-8.2502487],[123.2862602,-8.2502997],[123.2862573,-8.2503016],[123.2862517,-8.2503055],[123.2862226,-8.2503254],[123.2862192,-8.2503252],[123.286126,-8.2503207],[123.2860029,-8.2502236],[123.2859935,-8.2502162],[123.2859154,-8.2500239],[123.2859124,-8.250004],[123.2859118,-8.2500003],[123.2859118,-8.2500001],[123.2859118,-8.25],[123.2858664,-8.2496967],[123.2858345,-8.2494859],[123.2857432,-8.2493092],[123.2855796,-8.2491366],[123.2853277,-8.2490241],[123.285077,-8.2489703],[123.2848103,-8.249006],[123.2844834,-8.2491681],[123.2843181,-8.2492504],[123.2842107,-8.2492588],[123.284137,-8.2492646],[123.2839243,-8.2491901],[123.2835895,-8.2489364],[123.2834209,-8.248751],[123.2831037,-8.2479566],[123.2830234,-8.2478071],[123.2828618,-8.2476789],[123.2827884,-8.2476207],[123.2824036,-8.2474564],[123.2819796,-8.2473711],[123.2816255,-8.2473734],[123.2813069,-8.2474631],[123.2806442,-8.2478766],[123.2805358,-8.24792],[123.2804114,-8.2476991],[123.2802668,-8.2474062],[123.2801382,-8.2472593],[123.2800182,-8.2471741],[123.2799548,-8.2470156],[123.2799532,-8.2467072],[123.2801576,-8.2461018],[123.2802967,-8.2458096],[123.2803401,-8.245713],[123.2804032,-8.2455727],[123.2803768,-8.2450163],[123.2802756,-8.2446843],[123.2801774,-8.2445601],[123.2800282,-8.2444319],[123.2799676,-8.2443258],[123.2799801,-8.2441888],[123.2799845,-8.2440412],[123.279874,-8.2439051],[123.2796483,-8.2438042],[123.2792248,-8.2438393],[123.2789691,-8.243898],[123.2788576,-8.2439574],[123.2787831,-8.243997],[123.2786797,-8.2441204],[123.2786217,-8.2442799],[123.2787842,-8.2446948],[123.2788572,-8.2448956],[123.2788517,-8.2450276],[123.2786952,-8.2452492],[123.2784739,-8.2454461],[123.2783137,-8.2455885],[123.2781382,-8.2457404],[123.2780198,-8.2459183],[123.2779277,-8.2461881],[123.2778817,-8.2464897],[123.2780814,-8.2471456],[123.2781765,-8.2474513],[123.2782072,-8.2477432],[123.2781726,-8.2479335],[123.2780544,-8.2480613],[123.2778734,-8.2481521],[123.2773916,-8.2482281],[123.2771553,-8.248254],[123.2768735,-8.2483918],[123.2767412,-8.248518],[123.276662,-8.2488055],[123.276653,-8.2490181],[123.2767257,-8.2492345],[123.2768664,-8.24933],[123.2771813,-8.2494045],[123.2773768,-8.2494533],[123.2774923,-8.2495483],[123.2775402,-8.2496563],[123.2775161,-8.249885],[123.2774674,-8.25],[123.2774673,-8.2500002],[123.2774672,-8.2500005],[123.277466,-8.2500033],[123.2774235,-8.2501033],[123.2771604,-8.2503726],[123.2771577,-8.2503754],[123.2771351,-8.2503985],[123.2771336,-8.2504001],[123.2771275,-8.2504063],[123.2766959,-8.2505395],[123.2766737,-8.2505463],[123.276667,-8.2505467],[123.2763899,-8.2505616],[123.2762397,-8.2505397],[123.2761954,-8.2505332],[123.2762135,-8.2502639],[123.27616,-8.2498832],[123.2757971,-8.2497999],[123.2755711,-8.2498059],[123.2754937,-8.2497642],[123.2750357,-8.2495858],[123.2749022,-8.2498005],[123.2748787,-8.249791],[123.2748254,-8.2497695],[123.2745154,-8.2495138],[123.2742666,-8.2493635],[123.2732268,-8.2491745],[123.2731575,-8.2491173],[123.272787,-8.2487441],[123.2723993,-8.2484241],[123.2714847,-8.2479431],[123.2712131,-8.2477867],[123.2710403,-8.2476159],[123.2707598,-8.246997],[123.2706884,-8.2468571],[123.270485,-8.2466696],[123.2699773,-8.246495],[123.2698925,-8.2464364],[123.2694492,-8.2461302],[123.269253,-8.2459826],[123.2686304,-8.2457009],[123.2678886,-8.2453836],[123.2673264,-8.2451991],[123.2670968,-8.2451889],[123.2669084,-8.2452277],[123.2668873,-8.2452366],[123.2667054,-8.2453129],[123.2666744,-8.2453259],[123.2665085,-8.2454358],[123.2664251,-8.2454453],[123.2661759,-8.2452804],[123.2656244,-8.2448038],[123.2654798,-8.2446394],[123.265417,-8.2444708],[123.2655259,-8.2439356],[123.2655396,-8.2435285],[123.2655063,-8.2429353],[123.2655807,-8.2419469],[123.2656098,-8.2416482],[123.265564,-8.2414057],[123.2655123,-8.2413007],[123.2653743,-8.2410204],[123.2651714,-8.2406755],[123.265079,-8.2405109],[123.2643822,-8.2400506],[123.262766,-8.2393117],[123.2623946,-8.2390337],[123.2622205,-8.2395552],[123.2619336,-8.2408361],[123.2615934,-8.2422361],[123.2612918,-8.243645],[123.2611397,-8.244576],[123.2607134,-8.2468294],[123.2606106,-8.2476353],[123.2605638,-8.2483317],[123.2604931,-8.248936],[123.2604455,-8.2495846],[123.2604332,-8.25],[123.2604332,-8.2500004],[123.2604328,-8.2500015],[123.2600627,-8.2510994],[123.2594005,-8.2522309],[123.2588418,-8.2531979],[123.2580813,-8.2544375],[123.257378,-8.2557135],[123.2567482,-8.2569006],[123.2563086,-8.2578591],[123.2559816,-8.2588029],[123.255598,-8.2597353],[123.2553491,-8.2608276],[123.2548505,-8.2629623],[123.254691,-8.2644592],[123.2546911,-8.2660969],[123.2545349,-8.2677687],[123.254398,-8.269784],[123.2540191,-8.2712914],[123.2536348,-8.2721925],[123.2531428,-8.2727144],[123.2522858,-8.2731808],[123.2516197,-8.273456],[123.25,-8.2738504],[123.2499999,-8.273844],[123.2499999,-8.2738433],[123.2497139,-8.2739387],[123.2495726,-8.2741216],[123.2494456,-8.274375],[123.2493326,-8.2746001],[123.2492056,-8.2749097],[123.2484909,-8.276594],[123.2481942,-8.2771848],[123.2479249,-8.2776433],[123.247718,-8.2780875],[123.2474611,-8.2785394],[123.247284,-8.2789264],[123.2470973,-8.2794138],[123.2468844,-8.2798644],[123.2466897,-8.2802958],[123.246498,-8.2808271],[123.2462969,-8.2812524],[123.2460353,-8.2817608],[123.245795,-8.2823499],[123.245581,-8.2829758],[123.245428,-8.2835436],[123.2452708,-8.2841804],[123.245237,-8.2847384],[123.2451967,-8.2855033],[123.2451078,-8.286113],[123.2450887,-8.2867457],[123.2451036,-8.2872523],[123.2450917,-8.2879161],[123.2450523,-8.2887122],[123.2449851,-8.2892024],[123.2449573,-8.2899668],[123.2449091,-8.2904627],[123.2448608,-8.2909586],[123.2448489,-8.2920481],[123.2447977,-8.2924439],[123.244733,-8.2930216],[123.2447387,-8.2931509],[123.2447522,-8.2934592],[123.2448781,-8.2938937],[123.2450866,-8.2943571],[123.2455153,-8.2952584],[123.2458219,-8.2956438],[123.2460866,-8.2958802],[123.2464027,-8.2961588],[123.2467757,-8.2964484],[123.246926,-8.296554],[123.2470067,-8.2966106],[123.2476107,-8.2970624],[123.2488746,-8.2977328],[123.2494368,-8.2982032],[123.2496675,-8.2983962],[123.2499999,-8.2986743],[123.25,-8.2986744],[123.2504284,-8.2989296],[123.2507721,-8.2991431],[123.250987,-8.2994423],[123.2513309,-8.2997841],[123.2516393,-8.3002955],[123.2519548,-8.3010395],[123.2520194,-8.3019641],[123.252241,-8.3031967],[123.2522141,-8.3047349],[123.2521914,-8.3061667],[123.2520177,-8.3079076],[123.2516577,-8.3087708],[123.2511742,-8.3094051],[123.2506444,-8.3102465],[123.2499999,-8.3112154],[123.2495893,-8.3117577],[123.2493256,-8.312191],[123.249089,-8.3126924],[123.2487194,-8.3135858],[123.2485343,-8.3139167],[123.2484886,-8.3140996],[123.2484556,-8.3142319],[123.2482155,-8.3148273],[123.2480934,-8.3153754],[123.2478682,-8.3158389],[123.2476613,-8.3167088],[123.2474441,-8.3172284],[123.2472553,-8.3178598],[123.2470649,-8.3185343],[123.2470505,-8.3185856],[123.2468921,-8.3193977],[123.2467711,-8.3199833],[123.2466569,-8.3205875],[123.246424,-8.3214268],[123.2463612,-8.3218543],[123.2463129,-8.322563],[123.2462667,-8.3231277],[123.2461601,-8.3235694],[123.2461435,-8.3236383],[123.2460671,-8.3244605],[123.2460348,-8.3252814],[123.2460119,-8.3264275],[123.2460233,-8.3272409],[123.2459916,-8.3282996],[123.2460028,-8.3293195],[123.2460427,-8.3300319],[123.2461458,-8.3308519],[123.2461658,-8.331011],[123.2462927,-8.3319086],[123.2464944,-8.332779],[123.2467211,-8.3334359],[123.247008,-8.3342162],[123.2474106,-8.3350807],[123.2480718,-8.3361943],[123.249466,-8.3378254],[123.2499356,-8.3383749],[123.2499999,-8.3384901],[123.25,-8.3384903],[123.2510351,-8.3403979]]],[[[123.3312211,-8.2555805],[123.331417,-8.2557349],[123.3316319,-8.2558308],[123.3318899,-8.2558974],[123.3320627,-8.2558475],[123.3323436,-8.2556469],[123.3324605,-8.2555306],[123.332554,-8.2554374],[123.3327767,-8.2551506],[123.3328717,-8.2549396],[123.3328912,-8.2546853],[123.3327916,-8.254108],[123.3326424,-8.2533752],[123.3324814,-8.2529325],[123.3322079,-8.2524164],[123.3317307,-8.2517792],[123.3313163,-8.2514129],[123.3300634,-8.2505931],[123.3291339,-8.2500045],[123.3291271,-8.2500002],[123.3291269,-8.2500001],[123.3291268,-8.25],[123.3287705,-8.2497744],[123.3285852,-8.249669],[123.3284065,-8.2495674],[123.3282378,-8.2494224],[123.3281885,-8.2492901],[123.3280638,-8.248715],[123.3280596,-8.2486957],[123.3278569,-8.2484596],[123.3278548,-8.2484592],[123.3278528,-8.2484588],[123.3278079,-8.2484505],[123.3277386,-8.2484376],[123.3276396,-8.2484985],[123.3276144,-8.2485775],[123.3276002,-8.2488055],[123.3276159,-8.2489874],[123.3276892,-8.2495139],[123.3276529,-8.249698],[123.3276117,-8.25],[123.3276117,-8.2500001],[123.3276117,-8.2500003],[123.3276111,-8.2500046],[123.3275404,-8.2505242],[123.3276284,-8.2511657],[123.3278014,-8.252186],[123.3281468,-8.2531556],[123.328312,-8.2534113],[123.3284971,-8.2535519],[123.3287217,-8.2536506],[123.3290842,-8.2537146],[123.3294173,-8.2537958],[123.3297653,-8.2539487],[123.3300313,-8.2541291],[123.330362,-8.2544256],[123.3305889,-8.2546926],[123.3312211,-8.2555805]]],[[[123.3362553,-8.2463985],[123.3360774,-8.2462905],[123.3358759,-8.2461493],[123.3356106,-8.2459703],[123.3352894,-8.2458388],[123.3350739,-8.2458241],[123.3348308,-8.2459159],[123.3347305,-8.2459061],[123.3344993,-8.2458834],[123.3342836,-8.2458981],[123.3339309,-8.245913],[123.3336758,-8.2459459],[123.3333355,-8.2460185],[123.333202,-8.2461723],[123.3331582,-8.2462192],[123.3329473,-8.2464127],[123.3327831,-8.2466458],[123.3323658,-8.2473462],[123.3321627,-8.2477178],[123.3319893,-8.2481889],[123.3315956,-8.2499439],[123.3315915,-8.25],[123.3315915,-8.25],[123.3315915,-8.2500001],[123.3315912,-8.2500044],[123.3315586,-8.2504474],[123.3316132,-8.2507469],[123.3317237,-8.2509962],[123.3317237,-8.2509962],[123.3319099,-8.2512629],[123.3330901,-8.2529767],[123.3333628,-8.2535321],[123.3335077,-8.2538274],[123.3337398,-8.2543835],[123.3339875,-8.2546739],[123.3340594,-8.2547328],[123.3340959,-8.2547845],[123.3343498,-8.2551491],[123.3346516,-8.2554541],[123.3352679,-8.2558378],[123.3356825,-8.2560389],[123.336063,-8.2561553],[123.3364356,-8.2561952],[123.3370566,-8.2561803],[123.3374597,-8.2561455],[123.3378321,-8.2560265],[123.3380143,-8.255918],[123.3382106,-8.2556984],[123.3387862,-8.254946],[123.3389914,-8.2545211],[123.3391169,-8.2540471],[123.3391812,-8.2534723],[123.3392114,-8.252197],[123.3391104,-8.2511586],[123.3390054,-8.2507491],[123.3388177,-8.2503261],[123.3386139,-8.250004],[123.3386115,-8.2500002],[123.3386115,-8.2500001],[123.3386114,-8.25],[123.3385248,-8.2498631],[123.3382571,-8.2496217],[123.3376486,-8.2491963],[123.3373397,-8.2489383],[123.3372603,-8.2487304],[123.3372472,-8.2483998],[123.3371839,-8.2480044],[123.3370499,-8.2476199],[123.3367176,-8.2469533],[123.3363087,-8.2464309],[123.3362553,-8.2463985]]],[[[123.2919794,-8.2475146],[123.2919511,-8.2477411],[123.2919931,-8.2478612],[123.292107,-8.2479755],[123.2922817,-8.2480416],[123.2924134,-8.2479827],[123.2926193,-8.247751],[123.2927502,-8.2473543],[123.2928057,-8.2469109],[123.2927731,-8.2466356],[123.292714,-8.2464321],[123.2925778,-8.2462319],[123.2924451,-8.246144],[123.2922338,-8.2460903],[123.2920375,-8.2460936],[123.291927,-8.2461326],[123.2917966,-8.2463983],[123.2918213,-8.2467126],[123.2918503,-8.2467818],[123.2919366,-8.2469881],[123.2919721,-8.2473089],[123.2919794,-8.2475146]]],[[[123.2775791,-8.2425767],[123.2779368,-8.2428076],[123.2779933,-8.2428406],[123.2783017,-8.2432286],[123.2783366,-8.2432364],[123.2784434,-8.2431754],[123.2784554,-8.2429795],[123.2784697,-8.2428339],[123.2787656,-8.2425051],[123.2790133,-8.2422102],[123.2791074,-8.2420121],[123.2791339,-8.2416413],[123.2790412,-8.2411738],[123.278909,-8.2408881],[123.2786652,-8.2405772],[123.2778246,-8.2399315],[123.2776912,-8.2398659],[123.2775661,-8.2398044],[123.2772345,-8.2397327],[123.2770464,-8.2397287],[123.2767772,-8.2398822],[123.2766448,-8.240003],[123.2765047,-8.2402398],[123.2764352,-8.2404889],[123.2764497,-8.2413678],[123.2764696,-8.2416586],[123.2765186,-8.2418241],[123.2767496,-8.2420496],[123.2772016,-8.2423508],[123.2775791,-8.2425767]]],[[[123.322702,-8.2370355],[123.322807,-8.2373396],[123.322893,-8.2374619],[123.3230562,-8.2375537],[123.3231926,-8.2375391],[123.3232792,-8.2374806],[123.3233348,-8.2372429],[123.3233693,-8.2366399],[123.3233686,-8.2365888],[123.3233238,-8.2357941],[123.3233212,-8.2357467],[123.3233074,-8.235503],[123.323264,-8.2353965],[123.3231492,-8.2352587],[123.3230602,-8.2352087],[123.3229158,-8.2352466],[123.3227174,-8.2354577],[123.3226198,-8.2357324],[123.322633,-8.2366021],[123.322702,-8.2370355]]],[[[123.3220833,-8.2336669],[123.3222114,-8.2337756],[123.3225025,-8.2339231],[123.3225157,-8.2339295],[123.322885,-8.2336016],[123.3229023,-8.23355],[123.3230106,-8.2333172],[123.3234119,-8.2324213],[123.3235732,-8.2317091],[123.3235307,-8.2312726],[123.323422,-8.230945],[123.3232032,-8.2306218],[123.3229769,-8.2304182],[123.3228175,-8.2303727],[123.3226867,-8.230412],[123.3224808,-8.2305761],[123.3223444,-8.2307696],[123.3220713,-8.2313997],[123.3218737,-8.2320751],[123.3217772,-8.2327708],[123.3218151,-8.2330224],[123.3219079,-8.2333359],[123.3220833,-8.2336669]]]]}},
{"type":"Feature","properties":{"OBJECTID":80441.0,"NAMOBJ":"Belota","KDCBPS":"530610","WADMKC":"Adonara Timur","WADMKK":"Flores Timur","WADMPR":"Nusa Tenggara Timur","Penduduk":31645,"luas_km2":84.396},"geometry":{"type":"MultiPolygon","coordinates":[[[[123.1162818,-8.3982058],[123.1164865,-8.3980582],[123.1164898,-8.3980514],[123.1165185,-8.3979902],[123.1165268,-8.3979726],[123.1167402,-8.3975189],[123.1167713,-8.3973606],[123.1167962,-8.3972337],[123.1168566,-8.3968833],[123.1168891,-8.3967897],[123.1169028,-8.3967501],[123.1169972,-8.3964778],[123.1171612,-8.396233],[123.1174091,-8.3959864],[123.1177908,-8.3957556],[123.1184535,-8.3954038],[123.1190301,-8.3951601],[123.1192271,-8.3950768],[123.1195102,-8.3950172],[123.1198572,-8.394996],[123.1198937,-8.3949938],[123.1201885,-8.3949758],[123.1202895,-8.3949645],[123.1208638,-8.3949],[123.1211884,-8.3948658],[123.1217722,-8.3948123],[123.1223086,-8.3948479],[123.1230584,-8.3947284],[123.1233624,-8.3946272],[123.1233707,-8.3946244],[123.124523,-8.3940322],[123.1247872,-8.3937794],[123.125,-8.3935547],[123.1256554,-8.3928626],[123.1274583,-8.3915089],[123.128259,-8.3910846],[123.1286074,-8.3909577],[123.1291401,-8.3907733],[123.1296486,-8.3906632],[123.1300404,-8.3905783],[123.1302819,-8.3906085],[123.1306889,-8.3906176],[123.1307585,-8.3906192],[123.1308224,-8.3906067],[123.1308224,-8.3906068],[123.1308197,-8.3907057],[123.1308172,-8.3908037],[123.1304811,-8.3908275],[123.1304692,-8.3909155],[123.131992,-8.3908917],[123.1319777,-8.3907394],[123.1315637,-8.3907299],[123.1315578,-8.3906777],[123.1315458,-8.3905723],[123.1315446,-8.3905615],[123.1318646,-8.3905688],[123.1324439,-8.3907063],[123.1329913,-8.390786],[123.1338701,-8.3907601],[123.1342536,-8.3907585],[123.1346372,-8.390757],[123.1349821,-8.3907777],[123.1353283,-8.3907984],[123.1365244,-8.3909053],[123.1371738,-8.390961],[123.1376292,-8.3909733],[123.138178,-8.3910548],[123.1382318,-8.3910643],[123.1387437,-8.3911544],[123.1392539,-8.3912539],[123.1395914,-8.3913196],[123.1397324,-8.3914164],[123.1404164,-8.3918857],[123.140529,-8.3919629],[123.140681,-8.3920411],[123.1408426,-8.3920238],[123.1410521,-8.3919009],[123.1412583,-8.3917111],[123.1416449,-8.391523],[123.1419601,-8.3914276],[123.1431019,-8.3911645],[123.1434517,-8.391074],[123.1434996,-8.3910649],[123.1436347,-8.3910549],[123.1439196,-8.3910339],[123.1443597,-8.3910292],[123.14501,-8.3910151],[123.1455167,-8.3910298],[123.1456643,-8.391031],[123.1459871,-8.3910337],[123.1465,-8.3911218],[123.1467516,-8.3911651],[123.146753,-8.3911653],[123.1467559,-8.3911658],[123.1480597,-8.3916323],[123.1482157,-8.3916881],[123.148638,-8.3918392],[123.1486573,-8.3918461],[123.149291,-8.391775],[123.1499368,-8.3916122],[123.150531,-8.3913445],[123.1507983,-8.3912352],[123.1517469,-8.3908161],[123.1519764,-8.3906466],[123.1521424,-8.3905055],[123.1524546,-8.3903877],[123.15289,-8.3902831],[123.153383,-8.3900613],[123.1539439,-8.3897845],[123.1549676,-8.3894393],[123.1551293,-8.3894131],[123.1555086,-8.3893516],[123.1561834,-8.3892801],[123.1566844,-8.3893465],[123.1568503,-8.3893651],[123.1575726,-8.3894462],[123.1584033,-8.3894924],[123.1592133,-8.3894949],[123.1604217,-8.3895388],[123.160823,-8.3895534],[123.160946,-8.389584],[123.1610136,-8.3896008],[123.1613113,-8.3898264],[123.161598,-8.3900402],[123.1618911,-8.3901571],[123.162583,-8.3902013],[123.1627956,-8.3902789],[123.1629084,-8.3903764],[123.1629288,-8.3904751],[123.1629235,-8.3905157],[123.1628882,-8.3907818],[123.1629561,-8.3908308],[123.163052,-8.3907919],[123.1631574,-8.3906534],[123.1632772,-8.390615],[123.1638884,-8.390768],[123.1644276,-8.3910062],[123.1648233,-8.3911654],[123.1659576,-8.3915037],[123.1669657,-8.3915959],[123.1675859,-8.3914336],[123.1678723,-8.3913487],[123.1684714,-8.3914086],[123.1686464,-8.3913857],[123.168834,-8.3912831],[123.1689052,-8.3909795],[123.1689466,-8.3908032],[123.1690543,-8.3906417],[123.1692629,-8.39042],[123.1693586,-8.3903614],[123.1694941,-8.3903143],[123.1698824,-8.389912],[123.1701019,-8.3895524],[123.1702696,-8.3892291],[123.1703633,-8.388829],[123.1703633,-8.3888289],[123.1704095,-8.3885588],[123.170495,-8.3883652],[123.1705103,-8.3883304],[123.1712364,-8.3877341],[123.1716364,-8.3874643],[123.1723795,-8.3870932],[123.1737825,-8.3865229],[123.174349,-8.3862926],[123.1759293,-8.3858202],[123.1777697,-8.3854852],[123.1781054,-8.3854018],[123.1784419,-8.385267],[123.1784935,-8.3852433],[123.1785882,-8.3852274],[123.1786769,-8.3852124],[123.1787966,-8.3851912],[123.1790228,-8.3851512],[123.1802484,-8.3851199],[123.1809583,-8.3851226],[123.181536,-8.3851249],[123.1822617,-8.3852149],[123.1840654,-8.3854124],[123.1849819,-8.3854886],[123.1872368,-8.3856634],[123.1877961,-8.3857124],[123.1900554,-8.3858553],[123.1908293,-8.3858739],[123.1913571,-8.385879],[123.1920636,-8.3859685],[123.1925405,-8.3860289],[123.1933748,-8.3861496],[123.1936887,-8.3862226],[123.1939192,-8.3862799],[123.1948061,-8.3863731],[123.1961555,-8.3864747],[123.1962323,-8.3864805],[123.1967997,-8.3865565],[123.1976052,-8.3867488],[123.1979575,-8.3868405],[123.198645,-8.3868625],[123.1995041,-8.3867969],[123.200178,-8.3867722],[123.2005431,-8.386797],[123.2017257,-8.3870791],[123.2021707,-8.3871729],[123.202611,-8.3871992],[123.2028382,-8.3872128],[123.2032166,-8.3871814],[123.2036186,-8.3871482],[123.2042581,-8.3870198],[123.2043338,-8.3870046],[123.2050333,-8.3868771],[123.2062968,-8.3868443],[123.2068926,-8.3868051],[123.2075751,-8.3867851],[123.2080707,-8.3867705],[123.2085853,-8.3867938],[123.208625,-8.3867941],[123.2086658,-8.3867955],[123.2108624,-8.386737],[123.2109597,-8.3867391],[123.2113957,-8.3867483],[123.2117438,-8.3867708],[123.213505,-8.3868845],[123.2141341,-8.386936],[123.2141506,-8.3869374],[123.2154373,-8.3870423],[123.2158244,-8.3870739],[123.2161349,-8.3871024],[123.2167101,-8.3871552],[123.2173728,-8.3872576],[123.2174752,-8.3872734],[123.2178616,-8.3874211],[123.2178617,-8.3874211],[123.2178624,-8.3874197],[123.2178634,-8.3874174],[123.218219,-8.3866341],[123.2184779,-8.3864271],[123.2187541,-8.3861966],[123.2190602,-8.3858414],[123.2191048,-8.3857939],[123.2191036,-8.3857444],[123.2191427,-8.3855926],[123.2193465,-8.3852655],[123.2194541,-8.3850928],[123.219936,-8.3843962],[123.2201165,-8.384024],[123.2203038,-8.3838617],[123.2210324,-8.3832273],[123.2213846,-8.3829131],[123.2216202,-8.3825792],[123.2217697,-8.3822672],[123.2218465,-8.3820585],[123.2221948,-8.3811117],[123.2222954,-8.3808888],[123.222329,-8.3808204],[123.2223923,-8.3806913],[123.2226404,-8.3801251],[123.2227327,-8.3799504],[123.2240397,-8.3784242],[123.2254192,-8.3770591],[123.2267326,-8.3757595],[123.2272207,-8.3750029],[123.2272222,-8.3750006],[123.2273245,-8.3741801],[123.2277773,-8.3731216],[123.2284364,-8.3719066],[123.2284367,-8.371906],[123.2285226,-8.3717479],[123.2294139,-8.3702134],[123.2298896,-8.3695047],[123.2299815,-8.3693925],[123.2303392,-8.3690022],[123.2310077,-8.3679157],[123.2318103,-8.3667309],[123.232451,-8.3657768],[123.2326962,-8.3654024],[123.2332347,-8.3645801],[123.2342593,-8.3630812],[123.2345244,-8.3627594],[123.2349266,-8.3624581],[123.2352929,-8.3622144],[123.23599,-8.3618032],[123.2371846,-8.3611816],[123.2380564,-8.360295],[123.2382636,-8.3601442],[123.2386361,-8.3596435],[123.2389246,-8.3592584],[123.2390329,-8.3588603],[123.2392947,-8.3584009],[123.2395643,-8.357747],[123.2397635,-8.3574479],[123.2398755,-8.3572797],[123.2401723,-8.3569819],[123.2406542,-8.3566467],[123.2416743,-8.3557365],[123.2419632,-8.3553701],[123.2422488,-8.3550059],[123.2423965,-8.3548174],[123.2432939,-8.353849],[123.2435996,-8.3535192],[123.2436244,-8.3535184],[123.2439955,-8.3532181],[123.2443297,-8.3529316],[123.2446844,-8.3524628],[123.2451976,-8.3518824],[123.2453261,-8.3517471],[123.2463554,-8.350663],[123.246558,-8.3504182],[123.2485876,-8.3485811],[123.2499999,-8.3473028],[123.25,-8.3473027],[123.2527265,-8.343456],[123.2527867,-8.343371],[123.2527603,-8.3433566],[123.25,-8.3418521],[123.2499999,-8.341854],[123.249918,-8.3418067],[123.2495329,-8.3415844],[123.2495037,-8.3415675],[123.2481443,-8.3407827],[123.2477337,-8.3405457],[123.2468951,-8.3400174],[123.2461041,-8.3393875],[123.2456467,-8.3390635],[123.2456358,-8.3390558],[123.2453479,-8.3388662],[123.2451425,-8.338731],[123.2445043,-8.3383977],[123.2441003,-8.3381205],[123.243506,-8.3377797],[123.2428933,-8.3374582],[123.2424038,-8.3372712],[123.2417612,-8.3370069],[123.2417546,-8.3369945],[123.2413499,-8.3366924],[123.2406525,-8.3360349],[123.2403726,-8.3356917],[123.2391317,-8.3351744],[123.2391043,-8.3351597],[123.2388588,-8.3350284],[123.2385636,-8.3348704],[123.2379428,-8.3344865],[123.2370008,-8.3343118],[123.2366544,-8.3342962],[123.2357896,-8.3341821],[123.234416,-8.3340944],[123.2334952,-8.3340068],[123.2326866,-8.3338785],[123.2321084,-8.3336688],[123.2309633,-8.333199],[123.2306421,-8.3329572],[123.2306549,-8.3329631],[123.23061,-8.3329299],[123.2299036,-8.3324073],[123.22867,-8.3316955],[123.2274739,-8.3308855],[123.2271318,-8.3306538],[123.2249081,-8.3296183],[123.2249079,-8.329612],[123.2247239,-8.3295544],[123.2244729,-8.3293483],[123.224055,-8.3292469],[123.2231629,-8.3290583],[123.2227063,-8.3289205],[123.2214829,-8.328578],[123.2209179,-8.3283999],[123.2202393,-8.328186],[123.219926,-8.3280004],[123.2194559,-8.3278315],[123.2189947,-8.3275309],[123.2186493,-8.3273211],[123.2179689,-8.3270515],[123.2179687,-8.3270452],[123.2176551,-8.3267845],[123.2176404,-8.3267723],[123.2170865,-8.3265306],[123.2165007,-8.3262709],[123.2159049,-8.3258737],[123.2152691,-8.325628],[123.2147436,-8.3255045],[123.2143548,-8.3255464],[123.2138738,-8.3256661],[123.2132645,-8.3256952],[123.2125538,-8.3256958],[123.2119871,-8.3256737],[123.2117068,-8.3255436],[123.2110824,-8.3252536],[123.2104612,-8.3248509],[123.210098,-8.3244536],[123.2100917,-8.3244537],[123.209793,-8.3241111],[123.2093911,-8.3236773],[123.2089576,-8.3232381],[123.2088652,-8.3231935],[123.2088061,-8.323165],[123.2087855,-8.323155],[123.2082823,-8.3229245],[123.2079806,-8.3229327],[123.2073699,-8.3229118],[123.2067842,-8.3228839],[123.2067392,-8.3228769],[123.2055524,-8.322692],[123.2045453,-8.3224375],[123.2045516,-8.3224374],[123.204017,-8.3222076],[123.2030726,-8.3219452],[123.2019452,-8.3212054],[123.2015353,-8.3209347],[123.2008674,-8.3206647],[123.1998804,-8.3202218],[123.1994097,-8.3200342],[123.1985659,-8.3193117],[123.1982586,-8.3191134],[123.1974058,-8.3186988],[123.1974044,-8.3186981],[123.195605,-8.3173063],[123.1951837,-8.3170798],[123.1940572,-8.3163712],[123.1935594,-8.3158774],[123.192941,-8.3153492],[123.1929409,-8.3153429],[123.1926688,-8.3150863],[123.1924114,-8.3148437],[123.1917606,-8.3142788],[123.1913179,-8.3139589],[123.1908358,-8.3133518],[123.1903768,-8.3129007],[123.1899502,-8.3127119],[123.1894251,-8.3126009],[123.1893641,-8.3125795],[123.1885063,-8.3122786],[123.1883646,-8.3122288],[123.1876898,-8.3120584],[123.1867749,-8.3118274],[123.1858313,-8.3113644],[123.1844736,-8.310706],[123.1831856,-8.3095793],[123.1831331,-8.3095334],[123.1828076,-8.3093606],[123.1818368,-8.3079024],[123.1803821,-8.3055426],[123.1794606,-8.3035523],[123.1794215,-8.3035652],[123.1792075,-8.3035242],[123.1785477,-8.3032662],[123.1784103,-8.3032834],[123.178069,-8.3035017],[123.1775781,-8.3040413],[123.1773523,-8.3043156],[123.1773071,-8.3043722],[123.1772099,-8.3044938],[123.1771235,-8.3046987],[123.1770315,-8.3052628],[123.177043,-8.3054099],[123.1770675,-8.3054501],[123.1771881,-8.3059358],[123.177238,-8.3063982],[123.1772393,-8.3064461],[123.1772471,-8.3075796],[123.1772329,-8.307692],[123.177197,-8.3079756],[123.1771594,-8.3082734],[123.1770756,-8.3087462],[123.1769963,-8.3091431],[123.1769096,-8.3096483],[123.1766281,-8.31051],[123.1765449,-8.3107516],[123.1763294,-8.3110215],[123.1762327,-8.311164],[123.1762011,-8.3113027],[123.1761602,-8.3114578],[123.1759955,-8.3120819],[123.1757727,-8.3127169],[123.1757346,-8.3128256],[123.1756097,-8.3131329],[123.1753742,-8.3137829],[123.1753517,-8.3138433],[123.1753175,-8.3139247],[123.1755029,-8.313987],[123.1756027,-8.3140582],[123.1756795,-8.314143],[123.1758226,-8.3143134],[123.1759037,-8.3144214],[123.176028,-8.3145548],[123.1762024,-8.314765],[123.1763399,-8.3149098],[123.1764048,-8.3150091],[123.1765521,-8.3152135],[123.1766853,-8.3153808],[123.1767194,-8.3154141],[123.1768621,-8.3155202],[123.1769978,-8.3156488],[123.177171,-8.3157691],[123.1773624,-8.3160026],[123.1775615,-8.3162132],[123.1776663,-8.3163684],[123.1777016,-8.3164081],[123.1778991,-8.316658],[123.1779749,-8.3168032],[123.1779807,-8.3168306],[123.178215,-8.3171595],[123.1783824,-8.317628],[123.1784385,-8.3177866],[123.178524,-8.3180343],[123.1785723,-8.3181303],[123.1786041,-8.3182258],[123.1786422,-8.31834],[123.1787295,-8.3185545],[123.178853,-8.3189011],[123.1789209,-8.3190467],[123.1789894,-8.3193246],[123.1790258,-8.3195115],[123.1789583,-8.3197358],[123.1789457,-8.3197852],[123.1789055,-8.3199899],[123.1788804,-8.3201173],[123.1788387,-8.320424],[123.1788079,-8.3209626],[123.1788299,-8.3215438],[123.1788213,-8.3218882],[123.1787699,-8.3221149],[123.1787318,-8.3222393],[123.1787185,-8.322257],[123.1786273,-8.3225201],[123.1785143,-8.322876],[123.1784499,-8.323055],[123.1784459,-8.3233475],[123.1783656,-8.3236698],[123.178281,-8.3241542],[123.1782633,-8.324363],[123.1782611,-8.3243894],[123.1782731,-8.3244688],[123.1784612,-8.3246493],[123.1785058,-8.3246922],[123.178539,-8.3247238],[123.1790706,-8.3254286],[123.1792668,-8.3257183],[123.1795325,-8.3261479],[123.1796906,-8.3264086],[123.1797998,-8.326605],[123.1799146,-8.3267303],[123.1799983,-8.3267855],[123.1795276,-8.3278947],[123.1788857,-8.3294075],[123.1790613,-8.3309939],[123.1792743,-8.3325668],[123.1794723,-8.3335951],[123.1794459,-8.3342348],[123.1794535,-8.3343506],[123.1794509,-8.3344163],[123.1793457,-8.3345538],[123.1790987,-8.3348769],[123.1786139,-8.3355479],[123.1780664,-8.3362268],[123.1774972,-8.3367999],[123.176839,-8.3375695],[123.1765724,-8.3379401],[123.1765661,-8.3379403],[123.1760658,-8.3385052],[123.1753738,-8.3391881],[123.1746214,-8.3399666],[123.1742113,-8.3403786],[123.1739662,-8.3406171],[123.1733071,-8.3411237],[123.1726494,-8.3414548],[123.1724242,-8.3414985],[123.1710908,-8.3415034],[123.1704057,-8.3415221],[123.1700277,-8.3415491],[123.1698407,-8.3415625],[123.1690324,-8.3414466],[123.1680891,-8.3414535],[123.1673875,-8.3413285],[123.1666744,-8.3414731],[123.1663328,-8.3416328],[123.1658319,-8.3417902],[123.1657217,-8.3418248],[123.1646374,-8.3421988],[123.1639211,-8.3424563],[123.163654,-8.3425764],[123.1629189,-8.3430662],[123.1621698,-8.3435063],[123.1615096,-8.3439689],[123.1615094,-8.343969],[123.1613926,-8.3440661],[123.1611243,-8.3442343],[123.1607866,-8.3444459],[123.1599312,-8.3451395],[123.1597215,-8.3452893],[123.1589626,-8.3458298],[123.1584601,-8.3463133],[123.1583058,-8.346424],[123.1575799,-8.3470201],[123.1569184,-8.3476708],[123.1565409,-8.3481258],[123.1557581,-8.3489426],[123.1554188,-8.3496472],[123.1548601,-8.3503671],[123.1548212,-8.3504313],[123.1546772,-8.3507369],[123.1546719,-8.3507701],[123.1545953,-8.3509842],[123.154401,-8.3512376],[123.1543805,-8.3512649],[123.1543154,-8.3513545],[123.1542846,-8.3514688],[123.1541968,-8.3518719],[123.1542056,-8.3520721],[123.1542083,-8.3521322],[123.1541929,-8.3522856],[123.1541468,-8.352482],[123.1541338,-8.3525373],[123.154031,-8.3529446],[123.1539875,-8.3534846],[123.1539855,-8.3535423],[123.1539609,-8.3540377],[123.15392,-8.3543121],[123.1538233,-8.3547816],[123.1536511,-8.3551544],[123.1536203,-8.3551932],[123.1535081,-8.3554032],[123.1532785,-8.3557271],[123.1532535,-8.355764],[123.1529037,-8.356247],[123.1526649,-8.3565607],[123.1523824,-8.3568556],[123.1519064,-8.3572714],[123.1515395,-8.3575523],[123.1514034,-8.3576135],[123.1510107,-8.357709],[123.1508444,-8.3577396],[123.1506515,-8.3578381],[123.1503799,-8.3580823],[123.1503601,-8.3582741],[123.1504453,-8.3584473],[123.150661,-8.3586518],[123.1511699,-8.3590214],[123.1512722,-8.3591369],[123.151318,-8.359166],[123.1518066,-8.3594544],[123.1524679,-8.3599092],[123.1525472,-8.3600991],[123.1525727,-8.3603475],[123.1525136,-8.3605915],[123.1523483,-8.3609807],[123.1520262,-8.3614484],[123.1514969,-8.3621545],[123.1508734,-8.3629202],[123.1508459,-8.3629677],[123.1507734,-8.3631746],[123.1507126,-8.3633799],[123.1505857,-8.3635855],[123.1502699,-8.3642268],[123.1500483,-8.3647051],[123.1499848,-8.3648422],[123.1496922,-8.3654139],[123.1486729,-8.3665567],[123.148477,-8.3664917],[123.1483238,-8.3664409],[123.1482412,-8.3664118],[123.1479078,-8.365951],[123.1477011,-8.3655243],[123.1476105,-8.364512],[123.1475967,-8.3640049],[123.1476219,-8.3635469],[123.1474155,-8.362901],[123.1473092,-8.3624654],[123.1466358,-8.3617632],[123.1462204,-8.3615239],[123.1446315,-8.360928],[123.1437097,-8.3608027],[123.1431472,-8.3607052],[123.142521,-8.3605468],[123.1420514,-8.3604279],[123.1415262,-8.3603169],[123.1412648,-8.3601861],[123.1409342,-8.3600949],[123.1401492,-8.3598781],[123.1396404,-8.3596726],[123.1393634,-8.3595278],[123.1387406,-8.3592021],[123.1382494,-8.3589524],[123.1382489,-8.3589521],[123.1380905,-8.3588698],[123.1378061,-8.3587219],[123.1367946,-8.3581962],[123.1361925,-8.3580309],[123.1354855,-8.3577117],[123.135099,-8.3576094],[123.1341924,-8.3571203],[123.133808,-8.3570931],[123.1333607,-8.3570677],[123.1331529,-8.3570608],[123.1323626,-8.3566813],[123.132062,-8.3565015],[123.1313675,-8.3561757],[123.1310183,-8.3560599],[123.1310182,-8.3560598],[123.1306309,-8.3556945],[123.1302648,-8.3554163],[123.1296399,-8.3548757],[123.1293994,-8.354594],[123.1289373,-8.3540239],[123.1277026,-8.3534998],[123.1273014,-8.3533165],[123.1268382,-8.3531724],[123.1268023,-8.3531617],[123.1263927,-8.3530396],[123.1263372,-8.3530231],[123.1259054,-8.3528719],[123.1255313,-8.352763],[123.1251041,-8.3525553],[123.125,-8.352504],[123.1243923,-8.3519555],[123.1232225,-8.3504429],[123.1222977,-8.3494251],[123.1214734,-8.3484696],[123.1208442,-8.3477577],[123.1205863,-8.347508],[123.1205126,-8.3474467],[123.1203481,-8.34731],[123.1199274,-8.347728],[123.1194829,-8.3485168],[123.1189382,-8.3494996],[123.1184251,-8.3505761],[123.1179308,-8.3516089],[123.1172477,-8.3524418],[123.1167087,-8.3530681],[123.1160001,-8.3536385],[123.1155829,-8.3539],[123.1152599,-8.3541025],[123.1147702,-8.3541659],[123.1142362,-8.3540729],[123.1135643,-8.3540428],[123.1132,-8.3540121],[123.1128356,-8.3539252],[123.111831,-8.3539894],[123.1114421,-8.3542465],[123.1111349,-8.354566],[123.1109093,-8.3548353],[123.1105265,-8.3550235],[123.1100432,-8.3551369],[123.1095974,-8.3551627],[123.1088818,-8.3553327],[123.108612,-8.3554895],[123.1083361,-8.3557589],[123.1082241,-8.356372],[123.1081905,-8.3564472],[123.1081178,-8.3566098],[123.1077926,-8.3574109],[123.1074734,-8.3580869],[123.1069661,-8.3588444],[123.1063325,-8.359252],[123.105674,-8.3597722],[123.1050659,-8.3603861],[123.1044077,-8.3611439],[123.1038502,-8.3619766],[123.1035938,-8.3625962],[123.1032938,-8.3634473],[123.1029771,-8.3643301],[123.1030056,-8.3645386],[123.1030387,-8.364883],[123.1030453,-8.3651751],[123.103105,-8.3657448],[123.1030802,-8.3659597],[123.1030741,-8.3659794],[123.1030156,-8.3662084],[123.1029773,-8.3664575],[123.1029183,-8.3669407],[123.1028902,-8.3671557],[123.1028764,-8.3672609],[123.1027492,-8.3683341],[123.1027137,-8.3685985],[123.1027106,-8.3686216],[123.1026702,-8.3691284],[123.1026294,-8.3692214],[123.1025759,-8.3695393],[123.1025308,-8.3697865],[123.1024241,-8.3703232],[123.102418,-8.3703429],[123.1023143,-8.370835],[123.1022473,-8.3713903],[123.1021811,-8.371679],[123.1021211,-8.3724611],[123.1021221,-8.3725518],[123.1021248,-8.3728181],[123.1021478,-8.3729627],[123.1021598,-8.373038],[123.1021555,-8.3732629],[123.1021025,-8.3735674],[123.1018201,-8.3739185],[123.1016487,-8.3741231],[123.1016356,-8.3741957],[123.1015369,-8.3744595],[123.1014647,-8.374724],[123.1013893,-8.375],[123.1013893,-8.3750006],[123.1013889,-8.375003],[123.1013076,-8.3756261],[123.1012246,-8.375897],[123.1011873,-8.3759421],[123.1010624,-8.3763127],[123.1010601,-8.3763505],[123.1010468,-8.3765665],[123.100979,-8.3770436],[123.1006781,-8.3771843],[123.100578,-8.3771457],[123.1004668,-8.3770948],[123.0997732,-8.376941],[123.0993536,-8.3768917],[123.0990018,-8.3768239],[123.0987371,-8.3768645],[123.0984724,-8.3770671],[123.0983817,-8.3772701],[123.0984815,-8.3775095],[123.0985664,-8.3778158],[123.0986721,-8.3781977],[123.0986357,-8.3788548],[123.0986158,-8.3791965],[123.0986276,-8.3797183],[123.0986999,-8.3801423],[123.0979039,-8.3814244],[123.0979009,-8.3814297],[123.0978834,-8.3815562],[123.097859,-8.3818687],[123.0977888,-8.3821347],[123.0976587,-8.3829517],[123.0974988,-8.3835171],[123.0974234,-8.3840287],[123.0973451,-8.3848652],[123.0973371,-8.3850047],[123.0973283,-8.3851589],[123.0973238,-8.385798],[123.0973147,-8.3861349],[123.0972937,-8.3870164],[123.0972982,-8.3870942],[123.0972766,-8.3873768],[123.097253,-8.387931],[123.097266,-8.3892625],[123.0972264,-8.3895601],[123.0971532,-8.3899564],[123.0970994,-8.3902656],[123.0970665,-8.3906882],[123.0978405,-8.3917485],[123.0979467,-8.3920935],[123.0979758,-8.3921609],[123.0983478,-8.393023],[123.098506,-8.3939521],[123.0986105,-8.394892],[123.0986461,-8.3949992],[123.0986985,-8.3951569],[123.0989386,-8.3956772],[123.0991235,-8.3962943],[123.0992858,-8.3971417],[123.0995968,-8.3980846],[123.0996377,-8.398156],[123.0997716,-8.3983899],[123.1000211,-8.3989091],[123.1001144,-8.3990836],[123.1001309,-8.3992244],[123.100188,-8.3995696],[123.1001926,-8.3997921],[123.1001961,-8.4001419],[123.1003175,-8.4010318],[123.1005052,-8.4014173],[123.1005624,-8.4015948],[123.1005712,-8.4016146],[123.1007,-8.4019036],[123.1009676,-8.4022657],[123.1010522,-8.402367],[123.1010525,-8.4023674],[123.1011669,-8.4022792],[123.1013157,-8.4021912],[123.1013792,-8.4021537],[123.1015918,-8.4021178],[123.1016458,-8.402106],[123.1018767,-8.4020552],[123.1023105,-8.401948],[123.1023115,-8.4019478],[123.1024571,-8.4019671],[123.1025947,-8.4019853],[123.1032381,-8.4020705],[123.1032386,-8.4020707],[123.1035154,-8.4021552],[123.1036605,-8.4021995],[123.1042308,-8.402363],[123.1046056,-8.4024705],[123.1047202,-8.4025225],[123.1048152,-8.4025656],[123.1050058,-8.4026521],[123.1051288,-8.4027079],[123.1052566,-8.4027659],[123.1055572,-8.4029024],[123.1058972,-8.4030568],[123.1062295,-8.4030334],[123.1063377,-8.4030258],[123.1063385,-8.4030256],[123.1064403,-8.4030099],[123.1068378,-8.4029483],[123.1069074,-8.4029429],[123.1071904,-8.4029213],[123.1075259,-8.4027444],[123.1078141,-8.4026972],[123.1078876,-8.4026852],[123.1079321,-8.4026845],[123.1082958,-8.4026791],[123.1082993,-8.4026795],[123.1088559,-8.402737],[123.1092352,-8.4027559],[123.109236,-8.4027557],[123.1093139,-8.4027285],[123.1094549,-8.4026794],[123.1096569,-8.402591],[123.1099346,-8.4024695],[123.1100827,-8.4023909],[123.1101077,-8.4023777],[123.1101079,-8.4023776],[123.1101486,-8.402334],[123.1111372,-8.4012769],[123.1112784,-8.4012249],[123.1115219,-8.4011685],[123.1118149,-8.4011007],[123.1125224,-8.4007906],[123.1128208,-8.4005514],[123.1129087,-8.4004809],[123.1130408,-8.4003516],[123.1134839,-8.3999176],[123.1136905,-8.3998301],[123.1142793,-8.3997409],[123.1144288,-8.3996973],[123.1146109,-8.3996441],[123.1149839,-8.399262],[123.1151341,-8.3991081],[123.1154292,-8.3987642],[123.1159642,-8.3984247],[123.1160303,-8.3983847],[123.1160513,-8.398372],[123.1162818,-8.3982058]]]]}},
{"type":"Feature","properties":{"OBJECTID":80381.0,"NAMOBJ":"Baluk Herin","KDCBPS":"530615","WADMKC":"Lewolema","WADMKK":"Flores Timur","WADMPR":"Nusa Tenggara Timur","Penduduk":10328,"luas_km2":83.543},"geometry":{"type":"MultiPolygon","coordinates":[[[[122.8743076,-8.323678],[122.8757584,-8.3219579],[122.8760721,-8.321586],[122.8763872,-8.3212776],[122.8783844,-8.3193232],[122.8801053,-8.3185165],[122.8827807,-8.3191357],[122.8827823,-8.3191354],[122.8834854,-8.3194295],[122.8864395,-8.3204241],[122.8879758,-8.3207244],[122.888018,-8.3207283],[122.8882571,-8.3207152],[122.8883935,-8.3207002],[122.8888998,-8.3206916],[122.8890008,-8.3206992],[122.8892214,-8.3207296],[122.8894002,-8.320753],[122.8896387,-8.3207691],[122.8897942,-8.3207872],[122.8899133,-8.3207956],[122.8899905,-8.3207934],[122.8902844,-8.3207897],[122.8905011,-8.3207898],[122.8906646,-8.3207854],[122.8906651,-8.3207854],[122.8908125,-8.3207679],[122.8908898,-8.3207588],[122.8913122,-8.3206948],[122.8913216,-8.3206934],[122.8914883,-8.3206699],[122.8915296,-8.3206514],[122.8916774,-8.3206164],[122.891786,-8.3205907],[122.8918148,-8.3205839],[122.8919809,-8.3205347],[122.8920994,-8.3204473],[122.8921053,-8.3204437],[122.8922709,-8.3203396],[122.8925066,-8.3202161],[122.8927019,-8.3201116],[122.8929409,-8.3200316],[122.8933575,-8.3199504],[122.893572,-8.3199425],[122.8936584,-8.319931],[122.8937382,-8.3199204],[122.8937741,-8.3199141],[122.8938698,-8.3198948],[122.8940763,-8.3198848],[122.894153,-8.3198806],[122.8942007,-8.3198943],[122.8946889,-8.3199797],[122.8947833,-8.3199836],[122.8948541,-8.3199866],[122.8950358,-8.3199589],[122.8952687,-8.3198535],[122.89573,-8.319633],[122.8961125,-8.3195804],[122.8966318,-8.3196252],[122.8969728,-8.3195756],[122.8969894,-8.3195686],[122.8972512,-8.3194594],[122.8973105,-8.3194299],[122.8974088,-8.3193815],[122.8974176,-8.3193772],[122.897788,-8.319195],[122.8980732,-8.3190934],[122.898133,-8.3190874],[122.8985552,-8.3190035],[122.8989546,-8.3189543],[122.8991105,-8.3189351],[122.8996318,-8.3190945],[122.8996604,-8.3191069],[122.8997448,-8.3191775],[122.8997924,-8.3193377],[122.8998117,-8.3193772],[122.8998559,-8.3194678],[122.8999142,-8.3195492],[122.9001151,-8.3198298],[122.9002259,-8.3198821],[122.9004639,-8.3199564],[122.9009998,-8.3201056],[122.9011921,-8.3201229],[122.9012384,-8.3201271],[122.9012388,-8.3201271],[122.9015803,-8.3201759],[122.9018699,-8.3203028],[122.902139,-8.3204035],[122.9025069,-8.3205082],[122.902812,-8.3205907],[122.9030106,-8.3206444],[122.9030801,-8.3206821],[122.9034398,-8.3208382],[122.9034663,-8.3208497],[122.903928,-8.3210045],[122.9040761,-8.3210542],[122.9042024,-8.321139],[122.9046185,-8.321482],[122.9047023,-8.321551],[122.9049496,-8.3216431],[122.905398,-8.3217561],[122.9054466,-8.3217592],[122.9058731,-8.3217866],[122.9062317,-8.3218223],[122.9066388,-8.3219691],[122.9067952,-8.3220021],[122.9069028,-8.3220241],[122.9071693,-8.3220787],[122.9071768,-8.322081],[122.9074939,-8.3221779],[122.9077594,-8.3222329],[122.9080303,-8.3222889],[122.9086754,-8.3224975],[122.9087076,-8.3225164],[122.9092258,-8.3228036],[122.9093526,-8.322856],[122.9096034,-8.3229374],[122.9096092,-8.3229393],[122.9099808,-8.323127],[122.9100858,-8.3231851],[122.9102173,-8.3233145],[122.9103819,-8.3234915],[122.9104859,-8.323533],[122.9109226,-8.3236595],[122.9110233,-8.3236756],[122.9112249,-8.3237077],[122.9114444,-8.3237161],[122.911562,-8.3237589],[122.9120828,-8.3239948],[122.912104,-8.3240092],[122.9124486,-8.3242437],[122.9127817,-8.3228832],[122.9130651,-8.3219365],[122.9132334,-8.3213714],[122.9135056,-8.320366],[122.9139298,-8.319261],[122.9139638,-8.3191724],[122.9142796,-8.3180715],[122.9148099,-8.3166588],[122.9151291,-8.3158008],[122.9152553,-8.3154687],[122.916523,-8.313164],[122.9170117,-8.3118849],[122.9170361,-8.3118213],[122.9176797,-8.3103037],[122.9185764,-8.3083327],[122.9186699,-8.308179],[122.9190227,-8.3075993],[122.9195117,-8.3067959],[122.9209946,-8.3043289],[122.9215021,-8.3033804],[122.9220147,-8.3024223],[122.9223376,-8.3019201],[122.9227183,-8.3013279],[122.9227532,-8.3012736],[122.923249,-8.3002306],[122.9234371,-8.2998351],[122.92478,-8.2974928],[122.9252795,-8.2966527],[122.9263673,-8.2947759],[122.9268469,-8.2933752],[122.9276349,-8.2911411],[122.9285278,-8.2884365],[122.9286076,-8.2881409],[122.9285626,-8.2874071],[122.9285333,-8.2865314],[122.9282471,-8.2856518],[122.9278987,-8.2842938],[122.9277573,-8.2831423],[122.9277548,-8.2824849],[122.9277596,-8.2822435],[122.9278906,-8.2810699],[122.9279877,-8.2801018],[122.9282017,-8.2793326],[122.9286182,-8.2785781],[122.9291256,-8.2777225],[122.9295192,-8.2772339],[122.9295855,-8.2771398],[122.9303594,-8.2760414],[122.9304211,-8.2759555],[122.9310382,-8.2750955],[122.9314496,-8.2743955],[122.9319766,-8.2734146],[122.9329139,-8.272399],[122.9330911,-8.2721882],[122.9331797,-8.2720829],[122.9334726,-8.2712576],[122.9335742,-8.2703469],[122.9337073,-8.2691739],[122.9338446,-8.2678014],[122.9338207,-8.2659764],[122.9338177,-8.2657453],[122.9336416,-8.2646202],[122.9332674,-8.2629717],[122.9330307,-8.2614386],[122.9329876,-8.2608924],[122.9329051,-8.2598485],[122.9327277,-8.2580503],[122.9326326,-8.257086],[122.9325685,-8.2564369],[122.9325679,-8.2563618],[122.9325506,-8.25486],[122.9325481,-8.2546411],[122.9325389,-8.2538276],[122.9325206,-8.2513772],[122.9325106,-8.250028],[122.9325104,-8.2500027],[122.9325253,-8.2496712],[122.9325254,-8.2492474],[122.932691,-8.2480702],[122.9329384,-8.2471614],[122.9336576,-8.2459418],[122.9342739,-8.2450619],[122.935137,-8.2441729],[122.9359881,-8.2434795],[122.9367459,-8.2430422],[122.9387108,-8.242585],[122.9389698,-8.2425247],[122.9394691,-8.2424419],[122.9396676,-8.242409],[122.9403322,-8.2422107],[122.9407213,-8.2419911],[122.9414547,-8.2416764],[122.9450166,-8.2395241],[122.9458938,-8.2390086],[122.9463559,-8.238739],[122.9468165,-8.2385202],[122.9470786,-8.2383957],[122.9471617,-8.2383614],[122.9480402,-8.237999],[122.9482347,-8.237908],[122.9486886,-8.237732],[122.949235,-8.2375402],[122.9496717,-8.2373953],[122.9503805,-8.2371965],[122.9511887,-8.2369941],[122.95153,-8.2369096],[122.9517042,-8.2368665],[122.9524148,-8.2367188],[122.9531673,-8.2365729],[122.9536287,-8.2364342],[122.9538507,-8.2363675],[122.9540407,-8.2363105],[122.9545957,-8.2361205],[122.9551604,-8.2359334],[122.9557448,-8.2357585],[122.9562134,-8.2354917],[122.9566442,-8.2352456],[122.9569601,-8.2350165],[122.9574615,-8.2346813],[122.9579259,-8.2342996],[122.9583164,-8.2340037],[122.958777,-8.2335198],[122.9590757,-8.2331761],[122.95921,-8.2330101],[122.9594412,-8.2327244],[122.9599194,-8.232195],[122.9602224,-8.2317935],[122.9606192,-8.2313215],[122.9610171,-8.2308698],[122.9615488,-8.2304234],[122.9623135,-8.2298965],[122.96326,-8.2293322],[122.9652536,-8.228456],[122.9664664,-8.22796],[122.9671642,-8.2275963],[122.9682422,-8.2269182],[122.9682805,-8.2268939],[122.9683887,-8.2267896],[122.9684252,-8.2267322],[122.9686176,-8.2264557],[122.9688704,-8.2262464],[122.9688969,-8.2262276],[122.9691041,-8.2260765],[122.9694403,-8.2258187],[122.969645,-8.2257063],[122.9697422,-8.2256684],[122.969778,-8.2256607],[122.9699411,-8.2256259],[122.9703113,-8.225534],[122.9703539,-8.2255207],[122.9707961,-8.2253822],[122.971265,-8.2251704],[122.971306,-8.2251425],[122.9717667,-8.2248733],[122.9722019,-8.2247193],[122.9723282,-8.2246707],[122.9727096,-8.2245792],[122.9729639,-8.2244803],[122.9735753,-8.2240732],[122.9739615,-8.2237701],[122.9739537,-8.2236737],[122.9739274,-8.2234991],[122.9739049,-8.2233502],[122.9739441,-8.2233253],[122.9746164,-8.2229409],[122.9754609,-8.2225842],[122.9754933,-8.2225683],[122.9758341,-8.2224013],[122.9762101,-8.2221507],[122.9765362,-8.2218215],[122.9766707,-8.2215576],[122.9767405,-8.2212895],[122.9768367,-8.2210572],[122.9770142,-8.2208636],[122.9772193,-8.2207505],[122.9774825,-8.2205752],[122.977944,-8.2203483],[122.9780786,-8.2204261],[122.978081,-8.2198635],[122.978083,-8.2195603],[122.978066,-8.219406],[122.978153,-8.218999],[122.9782941,-8.2187599],[122.9785302,-8.21836],[122.9788952,-8.2175389],[122.9789688,-8.2172579],[122.9789981,-8.2171439],[122.979296,-8.2168102],[122.9797195,-8.2164859],[122.9799049,-8.2163407],[122.9800098,-8.2162022],[122.9797683,-8.2157111],[122.9797139,-8.2156074],[122.9795928,-8.2150592],[122.9794164,-8.214737],[122.9790384,-8.2141382],[122.9787949,-8.2135424],[122.9785827,-8.2130996],[122.9781551,-8.2126613],[122.9780052,-8.212484],[122.9779218,-8.2122882],[122.9777971,-8.2121717],[122.9771101,-8.2119675],[122.9768107,-8.2118686],[122.9764898,-8.2117962],[122.9760152,-8.2116702],[122.975568,-8.2115594],[122.975428,-8.2115554],[122.9752356,-8.2114892],[122.9750817,-8.2113888],[122.9746683,-8.2108954],[122.9744397,-8.2107153],[122.974347,-8.2106103],[122.9742847,-8.2104786],[122.9739595,-8.2102334],[122.9734564,-8.2099999],[122.9732131,-8.2097745],[122.9728223,-8.2095116],[122.9724184,-8.2093839],[122.9722931,-8.2093283],[122.9722354,-8.2089728],[122.9722185,-8.208874],[122.9721032,-8.2087889],[122.9718371,-8.2087394],[122.971271,-8.2085912],[122.9710184,-8.2084737],[122.9706776,-8.2080913],[122.9705013,-8.2079459],[122.9700399,-8.2077537],[122.9697781,-8.2076084],[122.9696263,-8.2074848],[122.9695394,-8.2073262],[122.9693535,-8.2070862],[122.969197,-8.2067129],[122.9690029,-8.2063971],[122.968892,-8.2062623],[122.9685368,-8.2060411],[122.9684203,-8.2058687],[122.9683478,-8.2057076],[122.9680766,-8.2054891],[122.9679828,-8.2052254],[122.9675617,-8.2046225],[122.9676089,-8.2043895],[122.9677639,-8.2037991],[122.9677606,-8.203627],[122.9676047,-8.2033376],[122.9675155,-8.2032282],[122.9673643,-8.2031873],[122.9666971,-8.203286],[122.9664834,-8.2033058],[122.96627,-8.2032664],[122.9661995,-8.2032069],[122.9661243,-8.2028563],[122.9657937,-8.2022388],[122.9657196,-8.2020896],[122.9655666,-8.2019879],[122.9653153,-8.2019332],[122.9651484,-8.2019554],[122.9649265,-8.202201],[122.9648012,-8.2023534],[122.9647128,-8.202414],[122.964583,-8.2023916],[122.9644746,-8.2018771],[122.9643242,-8.2015436],[122.964267,-8.2014233],[122.9642846,-8.2013048],[122.9643145,-8.2011005],[122.9642731,-8.200886],[122.9641199,-8.2005892],[122.9638563,-8.2002928],[122.9637921,-8.2002089],[122.9637627,-8.2000555],[122.9640512,-8.199784],[122.9643316,-8.1995039],[122.9644291,-8.1993704],[122.9644547,-8.1990639],[122.9644563,-8.1989577],[122.9642412,-8.1986219],[122.9639138,-8.198497],[122.9636847,-8.1983123],[122.9631008,-8.197915],[122.9628851,-8.1978041],[122.9623629,-8.1968327],[122.9622505,-8.1966834],[122.9615473,-8.1963332],[122.9611106,-8.1962146],[122.9608478,-8.1961779],[122.9606543,-8.1961234],[122.9602957,-8.1957956],[122.960121,-8.1955826],[122.9600283,-8.19542],[122.9599843,-8.1953792],[122.9590005,-8.1960805],[122.9587703,-8.1962417],[122.9584389,-8.1963082],[122.9582177,-8.1963411],[122.9577787,-8.1965443],[122.9574631,-8.1965245],[122.9569535,-8.1964198],[122.9568761,-8.1963824],[122.9565598,-8.1964063],[122.9561777,-8.196555],[122.9556794,-8.1966377],[122.9550647,-8.1967534],[122.9544501,-8.196836],[122.953686,-8.1968524],[122.9529711,-8.1968051],[122.952167,-8.1967483],[122.9519915,-8.1967365],[122.9506068,-8.1967473],[122.9492699,-8.1967578],[122.9487099,-8.1967622],[122.9486197,-8.1967629],[122.9485174,-8.196773],[122.9482362,-8.1968121],[122.9479843,-8.1968598],[122.9476376,-8.1970356],[122.947183,-8.1972419],[122.9467668,-8.1974515],[122.9466161,-8.1975515],[122.9462872,-8.1977698],[122.9458597,-8.1980158],[122.9454702,-8.1983404],[122.9451307,-8.1986548],[122.9448011,-8.1990468],[122.9437733,-8.2002722],[122.9432677,-8.2008746],[122.9431384,-8.2009432],[122.9429984,-8.2009967],[122.9428713,-8.2010225],[122.9427356,-8.2010267],[122.9426257,-8.2010181],[122.9424818,-8.2009741],[122.9405245,-8.1999856],[122.940008,-8.1997212],[122.939713,-8.1995708],[122.939694,-8.199671],[122.939583,-8.1999429],[122.9392088,-8.2004193],[122.9382559,-8.2011791],[122.9380786,-8.2014681],[122.937849,-8.2018117],[122.9375301,-8.2020655],[122.9372744,-8.2021839],[122.9367596,-8.2023912],[122.9364313,-8.2025991],[122.9355973,-8.2032202],[122.9354273,-8.2032627],[122.9352602,-8.203345],[122.9350768,-8.2034068],[122.9350009,-8.2033218],[122.9347174,-8.202523],[122.9346674,-8.2024451],[122.9345804,-8.20244],[122.9338353,-8.2026358],[122.9336204,-8.2027721],[122.9333918,-8.2028924],[122.9331935,-8.2029124],[122.9328144,-8.2029639],[122.9324989,-8.203069],[122.9323229,-8.2032108],[122.9321813,-8.2034241],[122.9320243,-8.2037242],[122.9318054,-8.2038251],[122.9317236,-8.2037771],[122.9315568,-8.203601],[122.9312838,-8.2033106],[122.9310103,-8.2032034],[122.9306562,-8.2031402],[122.9303802,-8.2031771],[122.9298147,-8.2033287],[122.9293457,-8.2035406],[122.9290352,-8.2037865],[122.9287888,-8.2037448],[122.9286511,-8.203654],[122.9284751,-8.2035012],[122.9281943,-8.2034522],[122.9272019,-8.2033723],[122.9270174,-8.2033006],[122.9268077,-8.2032874],[122.926419,-8.2033359],[122.9261883,-8.2034214],[122.9259575,-8.2035781],[122.9252661,-8.2038884],[122.9247536,-8.2041185],[122.9244015,-8.2042727],[122.9239251,-8.2046322],[122.9237273,-8.2048541],[122.9235529,-8.2051147],[122.9232821,-8.2056595],[122.9231543,-8.2060502],[122.9230204,-8.2061887],[122.922675,-8.2064732],[122.9225681,-8.2065038],[122.9224437,-8.206426],[122.922277,-8.2063332],[122.9222009,-8.2063723],[122.9215778,-8.2067091],[122.9213226,-8.2067974],[122.9211524,-8.2069237],[122.9209119,-8.2071016],[122.9207662,-8.2072389],[122.9202352,-8.2079069],[122.9200812,-8.2079057],[122.9199308,-8.2077881],[122.9197899,-8.20771],[122.9196184,-8.2077432],[122.9193487,-8.2078329],[122.9191083,-8.2079591],[122.9186588,-8.2085784],[122.9186512,-8.2087243],[122.918643,-8.2088841],[122.9185255,-8.2090354],[122.9181383,-8.2094655],[122.9180722,-8.2095372],[122.9179891,-8.2094548],[122.9179171,-8.2094049],[122.9177741,-8.2095098],[122.9175161,-8.2098843],[122.9175212,-8.2100039],[122.9176552,-8.2103564],[122.9177106,-8.2105345],[122.9176611,-8.2106116],[122.9174944,-8.2106264],[122.9173194,-8.2106494],[122.917237,-8.2108595],[122.9171826,-8.2109329],[122.9168746,-8.211203],[122.9168684,-8.2113628],[122.9169261,-8.2116356],[122.9168502,-8.2117451],[122.9166322,-8.2120269],[122.9164693,-8.2124431],[122.9163205,-8.2127913],[122.9160637,-8.213246],[122.9159841,-8.2133622],[122.9158895,-8.2133699],[122.9153816,-8.2134002],[122.9152607,-8.2135794],[122.9149745,-8.2141463],[122.9149606,-8.2142831],[122.914754,-8.214633],[122.9144914,-8.2148608],[122.9142394,-8.215131],[122.9140491,-8.2153824],[122.913816,-8.215842],[122.9137601,-8.2160983],[122.9137107,-8.2162545],[122.9135201,-8.2164238],[122.9133069,-8.2165146],[122.9129847,-8.2166767],[122.912805,-8.2168329],[122.9126238,-8.2171029],[122.912279,-8.2175106],[122.9120734,-8.2178296],[122.9120149,-8.218053],[122.9119836,-8.2183868],[122.9119372,-8.2186257],[122.9118146,-8.2190778],[122.9117243,-8.2193735],[122.9115165,-8.2197671],[122.9113411,-8.2200142],[122.9112738,-8.2203326],[122.9111497,-8.2208096],[122.9110959,-8.220828],[122.910549,-8.2208974],[122.9104562,-8.2209904],[122.9103553,-8.2211749],[122.910286,-8.2215271],[122.910296,-8.2216687],[122.9103155,-8.2218478],[122.9102927,-8.2222953],[122.9101709,-8.2226931],[122.9100289,-8.2227815],[122.9098236,-8.2228796],[122.9097172,-8.2230295],[122.9096987,-8.2231613],[122.909665,-8.2233896],[122.9093096,-8.223662],[122.9085719,-8.224567],[122.9084145,-8.2248751],[122.9083904,-8.225071],[122.9084444,-8.2254643],[122.9082497,-8.2267483],[122.9080662,-8.2274267],[122.9080659,-8.2278172],[122.9081102,-8.2281401],[122.9081249,-8.2286778],[122.907985,-8.2297587],[122.9078925,-8.2302133],[122.9078759,-8.2305508],[122.9079666,-8.230953],[122.9079762,-8.2316221],[122.9078319,-8.2330168],[122.9078577,-8.2333444],[122.9079661,-8.2336742],[122.9080836,-8.2340728],[122.9082704,-8.2351578],[122.9082574,-8.2357718],[122.9081488,-8.2361349],[122.907875,-8.2367648],[122.9073622,-8.2378511],[122.9071797,-8.2380568],[122.9064624,-8.2386975],[122.9059862,-8.2388567],[122.9056682,-8.2391438],[122.9052511,-8.2395777],[122.904933,-8.2399395],[122.9047122,-8.2401043],[122.9045199,-8.2402364],[122.9042929,-8.2404596],[122.9041927,-8.2409451],[122.9041218,-8.2412774],[122.9038541,-8.2418385],[122.9035106,-8.2424236],[122.9033992,-8.2425274],[122.9029778,-8.2428466],[122.9028642,-8.2429989],[122.902819,-8.2431502],[122.9028158,-8.2433016],[122.9027972,-8.2437741],[122.9027896,-8.2440345],[122.902706,-8.2444189],[122.9025648,-8.2447631],[122.9021365,-8.2456275],[122.9020092,-8.2458818],[122.9018267,-8.2461262],[122.9016765,-8.2462073],[122.9012886,-8.2464195],[122.9009518,-8.2466663],[122.9008855,-8.2469498],[122.9008686,-8.2475155],[122.9007502,-8.2478292],[122.9006162,-8.2484081],[122.9005521,-8.2487509],[122.9006123,-8.2491692],[122.9005902,-8.2496949],[122.9005326,-8.2500018],[122.9005277,-8.250028],[122.9004736,-8.2503169],[122.9003908,-8.2505674],[122.9003185,-8.2507861],[122.9002752,-8.2509169],[122.9001445,-8.251005],[122.8995942,-8.2514374],[122.8991866,-8.2519239],[122.8991058,-8.2520568],[122.898522,-8.2529493],[122.8981393,-8.2530741],[122.8974164,-8.2532376],[122.8971621,-8.2534805],[122.896953,-8.2537322],[122.8966051,-8.2543281],[122.8965416,-8.2543839],[122.8962022,-8.2546788],[122.8959758,-8.2548611],[122.8959239,-8.2548627],[122.8958849,-8.2549057],[122.8956771,-8.2551392],[122.8954503,-8.2554531],[122.895301,-8.2557681],[122.8952002,-8.256112],[122.8949297,-8.2566363],[122.8948404,-8.2573347],[122.8947869,-8.2576858],[122.8944762,-8.2584209],[122.8944159,-8.2588093],[122.8944878,-8.2593001],[122.8944836,-8.2597088],[122.89395,-8.2604567],[122.8938136,-8.2606742],[122.8937848,-8.260956],[122.8938289,-8.2611631],[122.8938883,-8.2614106],[122.8939115,-8.2615695],[122.8940331,-8.2617054],[122.8943975,-8.2618709],[122.8946605,-8.2620193],[122.8947654,-8.26213],[122.8948008,-8.2623487],[122.8947667,-8.2629426],[122.8944721,-8.2631686],[122.8944092,-8.2632276],[122.8944175,-8.2634141],[122.8946289,-8.2638315],[122.8947559,-8.2640693],[122.8947747,-8.2642337],[122.8947933,-8.2643968],[122.8947618,-8.2646572],[122.8945816,-8.2652919],[122.8945347,-8.2659202],[122.8945107,-8.2663161],[122.8944195,-8.2667319],[122.894292,-8.2675495],[122.8942979,-8.2678111],[122.8943246,-8.2688069],[122.8943301,-8.2690427],[122.8943354,-8.269274],[122.8942137,-8.2706297],[122.8941557,-8.2712761],[122.8940311,-8.2718572],[122.8939167,-8.2726865],[122.8938041,-8.2732284],[122.8938035,-8.2738261],[122.8939365,-8.2750618],[122.8938945,-8.2757829],[122.8937078,-8.276332],[122.8935797,-8.276653],[122.8934329,-8.2770063],[122.893124,-8.2774692],[122.893049,-8.2775324],[122.8927089,-8.2778193],[122.8923053,-8.2780088],[122.8916945,-8.2785533],[122.8915955,-8.2786652],[122.8914266,-8.2788661],[122.8911626,-8.279057],[122.8909967,-8.2791777],[122.8905774,-8.2790647],[122.8904868,-8.2790522],[122.8903896,-8.2790841],[122.8903247,-8.2793271],[122.8902248,-8.2796847],[122.890087,-8.2799507],[122.8899886,-8.2801238],[122.8899192,-8.2802879],[122.889532,-8.2806192],[122.8885578,-8.2811084],[122.8881787,-8.2813059],[122.8879772,-8.281409],[122.8876262,-8.2814997],[122.8870582,-8.2815863],[122.8870578,-8.2815863],[122.8869372,-8.2816845],[122.8868371,-8.2817778],[122.8867507,-8.2818546],[122.8868059,-8.281986],[122.8869339,-8.2821242],[122.8871001,-8.2822524],[122.8872319,-8.2824664],[122.8872245,-8.2826261],[122.8864391,-8.2835977],[122.8859514,-8.284044],[122.8858167,-8.2841777],[122.8856088,-8.2845582],[122.8853424,-8.2851563],[122.8849243,-8.2856806],[122.884826,-8.2858095],[122.8847167,-8.2860916],[122.8845734,-8.2865047],[122.8844599,-8.286765],[122.8842855,-8.2870312],[122.8839284,-8.2874068],[122.8836434,-8.2876097],[122.8829667,-8.2880539],[122.8828261,-8.2881647],[122.8825389,-8.2883911],[122.8820859,-8.2887679],[122.8819473,-8.2888186],[122.8815191,-8.2889755],[122.8809812,-8.2890901],[122.8807207,-8.2891234],[122.8804811,-8.2896782],[122.880149,-8.2895972],[122.8797948,-8.2894039],[122.8796699,-8.2893556],[122.8793793,-8.2894487],[122.8792098,-8.2895099],[122.8791002,-8.28949],[122.8789395,-8.2894045],[122.8788253,-8.2893688],[122.878634,-8.2893964],[122.877643,-8.2899136],[122.8771133,-8.290179],[122.8764895,-8.2905918],[122.8760648,-8.2908969],[122.8758611,-8.2910372],[122.8750103,-8.2919958],[122.8750001,-8.2920074],[122.874727,-8.2923151],[122.8746814,-8.2923636],[122.8743653,-8.2927004],[122.874009,-8.2929828],[122.873843,-8.2930939],[122.8733732,-8.2932329],[122.8720874,-8.2937384],[122.8718745,-8.2937264],[122.8716836,-8.2936446],[122.8714905,-8.2934883],[122.8712678,-8.2933043],[122.8710492,-8.2932663],[122.8707937,-8.2932296],[122.8707646,-8.29322],[122.8707139,-8.2932],[122.870119,-8.2928552],[122.8699684,-8.2928103],[122.8697548,-8.2928218],[122.8695667,-8.2929216],[122.8690273,-8.2932158],[122.8683716,-8.2933309],[122.8681415,-8.2932902],[122.8676889,-8.2931199],[122.8673217,-8.2929817],[122.8666391,-8.2925524],[122.8662649,-8.2922806],[122.8660369,-8.2922018],[122.8656082,-8.2920237],[122.8651725,-8.2917207],[122.8649198,-8.2915261],[122.8646604,-8.291475],[122.8637612,-8.2913734],[122.863332,-8.2912596],[122.8629966,-8.2912375],[122.862754,-8.2911961],[122.862393,-8.2911215],[122.861933,-8.2910798],[122.8609352,-8.2909383],[122.8605705,-8.2909935],[122.8588331,-8.291265],[122.8583423,-8.2912138],[122.8581191,-8.2911905],[122.8579888,-8.291177],[122.8574941,-8.2910477],[122.8567222,-8.29079],[122.8559276,-8.2904699],[122.8556235,-8.2903657],[122.8554518,-8.2903068],[122.8554515,-8.2903067],[122.8550891,-8.2902575],[122.8547251,-8.2902051],[122.8546993,-8.2902014],[122.854699,-8.2902013],[122.8539919,-8.290044],[122.8539902,-8.2900442],[122.8536629,-8.2900814],[122.8531376,-8.2902171],[122.8527629,-8.29033],[122.8522792,-8.2903618],[122.8521723,-8.2903338],[122.8519934,-8.290287],[122.8514954,-8.2901593],[122.8514679,-8.2901571],[122.8514236,-8.2901535],[122.8513797,-8.290149],[122.8511199,-8.2901659],[122.8511185,-8.290166],[122.8509435,-8.2902752],[122.8506637,-8.2903266],[122.8504571,-8.2903543],[122.8499617,-8.2903228],[122.8499603,-8.2903233],[122.8499534,-8.2903256],[122.8489518,-8.2906598],[122.8484941,-8.2909856],[122.8481946,-8.2912822],[122.8480029,-8.2914798],[122.8478873,-8.2915989],[122.8477905,-8.2916986],[122.847615,-8.2918796],[122.847389,-8.2920884],[122.8471127,-8.2922532],[122.8466019,-8.2924294],[122.8463684,-8.2925099],[122.8463671,-8.2925099],[122.8462719,-8.2925123],[122.8461252,-8.2925158],[122.8461239,-8.2925157],[122.8459634,-8.2925076],[122.8454356,-8.2924807],[122.8451265,-8.2924148],[122.8448571,-8.2923573],[122.8446593,-8.2923189],[122.8443232,-8.2923382],[122.8441168,-8.2923386],[122.8435901,-8.2923396],[122.8432758,-8.2923031],[122.8432748,-8.292303],[122.8430458,-8.2923124],[122.8427517,-8.2922951],[122.8427174,-8.2922726],[122.8426564,-8.2922328],[122.8423666,-8.2919496],[122.842292,-8.2919442],[122.8422381,-8.2919403],[122.8420357,-8.2919907],[122.842018,-8.2919951],[122.8420169,-8.2919954],[122.8419767,-8.2920233],[122.8418826,-8.2920884],[122.8418248,-8.2921611],[122.8417172,-8.2922967],[122.8416255,-8.2924163],[122.8415476,-8.292518],[122.8413713,-8.2926832],[122.8408303,-8.2931722],[122.8406314,-8.2932168],[122.839495,-8.293506],[122.8392288,-8.293641],[122.8391184,-8.2936971],[122.838912,-8.293829],[122.8385948,-8.2940317],[122.8384809,-8.2940866],[122.838185,-8.2942292],[122.8380066,-8.2943073],[122.8378176,-8.2943901],[122.8380307,-8.2944573],[122.8380667,-8.2944791],[122.8382311,-8.294569],[122.8383944,-8.2946269],[122.8384214,-8.2946564],[122.8387002,-8.2949649],[122.8387179,-8.295024],[122.8388853,-8.2955829],[122.8389539,-8.2958216],[122.8390475,-8.2960602],[122.8393329,-8.2964403],[122.8393667,-8.2966421],[122.8394027,-8.2968438],[122.8395018,-8.2971462],[122.8395246,-8.2973175],[122.8395291,-8.29753],[122.839604,-8.2976377],[122.8397389,-8.2977379],[122.8397231,-8.2978701],[122.8396305,-8.2979805],[122.8395843,-8.2980168],[122.8394638,-8.2981311],[122.8393289,-8.2989657],[122.8393454,-8.2992462],[122.8394332,-8.2993875],[122.8397091,-8.2995955],[122.8402634,-8.2998497],[122.8404404,-8.2999903],[122.8407509,-8.3003754],[122.8409671,-8.3006545],[122.841155,-8.3008937],[122.8413846,-8.3011507],[122.8415174,-8.3013264],[122.8416033,-8.3015069],[122.8416666,-8.301807],[122.8415605,-8.3020053],[122.841341,-8.3022234],[122.8412224,-8.3023077],[122.8409752,-8.3025365],[122.8408179,-8.3027194],[122.8404888,-8.3030545],[122.8403372,-8.3034164],[122.8402516,-8.3035952],[122.84017,-8.3038964],[122.8404224,-8.3044093],[122.840554,-8.3046718],[122.8406271,-8.3049638],[122.84072,-8.3053947],[122.8408135,-8.3057429],[122.8408016,-8.3059559],[122.8407808,-8.3061897],[122.8409072,-8.3064211],[122.8412642,-8.3067145],[122.8414377,-8.3068853],[122.8415735,-8.3070798],[122.841678,-8.3075526],[122.8417236,-8.3076979],[122.8418209,-8.3080267],[122.8418692,-8.3082626],[122.8419554,-8.3085404],[122.8420403,-8.3087446],[122.8420868,-8.3089173],[122.8421346,-8.3095729],[122.8420154,-8.3099899],[122.8419206,-8.3103313],[122.8418631,-8.3106428],[122.8418717,-8.3106846],[122.8419054,-8.3108485],[122.8420233,-8.3111413],[122.8422372,-8.3116534],[122.8426277,-8.3120945],[122.8427802,-8.3123088],[122.8429003,-8.3128038],[122.8429182,-8.3131244],[122.8429069,-8.313668],[122.8429349,-8.3138077],[122.8429995,-8.3141858],[122.8428231,-8.3149681],[122.8427417,-8.3152296],[122.8425608,-8.3156804],[122.8425194,-8.3157725],[122.8424852,-8.315827],[122.8424691,-8.3158634],[122.8424314,-8.316107],[122.8424466,-8.3163707],[122.8424493,-8.3165645],[122.8424538,-8.3167394],[122.8424671,-8.316788],[122.842689,-8.3172269],[122.8428267,-8.3174789],[122.8429738,-8.3176954],[122.8431907,-8.3180351],[122.8433288,-8.3185012],[122.8433401,-8.3185971],[122.843316,-8.3188832],[122.843293,-8.3190359],[122.8432498,-8.3192072],[122.8431647,-8.3194074],[122.8431465,-8.3195218],[122.8429655,-8.319927],[122.8429272,-8.3201195],[122.8428652,-8.3205139],[122.8427769,-8.3208918],[122.8426591,-8.3215033],[122.8425296,-8.3218691],[122.8424283,-8.3221662],[122.8423602,-8.3223399],[122.8423546,-8.3224964],[122.8423317,-8.3227172],[122.8423107,-8.3227754],[122.8422814,-8.3229523],[122.8422763,-8.3232227],[122.8422867,-8.3232789],[122.8423274,-8.3234366],[122.8423406,-8.3234739],[122.8425159,-8.3236615],[122.8428128,-8.3239315],[122.8429172,-8.3240744],[122.8430675,-8.3243457],[122.8431316,-8.3245303],[122.84322,-8.3249607],[122.8432464,-8.3253477],[122.8432747,-8.3255953],[122.8432894,-8.3257059],[122.8433193,-8.3258755],[122.8433742,-8.3262894],[122.843387,-8.3263598],[122.8434292,-8.3266943],[122.8434801,-8.3269359],[122.8435489,-8.3272739],[122.8435676,-8.3273169],[122.8438027,-8.3277217],[122.8440345,-8.3280391],[122.8442025,-8.328214],[122.8444444,-8.3283768],[122.8445945,-8.3284591],[122.8446824,-8.3284969],[122.8447323,-8.3285098],[122.8449576,-8.3286202],[122.8450717,-8.3286828],[122.8451021,-8.3287005],[122.845211,-8.3287663],[122.8453224,-8.3288777],[122.8466718,-8.3298844],[122.8493855,-8.331478],[122.8494098,-8.3315323],[122.8496043,-8.3318239],[122.849769,-8.3319923],[122.8499331,-8.3321593],[122.8500605,-8.3322859],[122.8501954,-8.332418],[122.8504009,-8.3325797],[122.8505549,-8.3326795],[122.8506436,-8.3327515],[122.8508306,-8.3328971],[122.8509406,-8.3329841],[122.8510147,-8.3330379],[122.851263,-8.3331924],[122.8513726,-8.3332769],[122.8535757,-8.3337521],[122.8536761,-8.3338053],[122.8544765,-8.334215],[122.8547559,-8.3344025],[122.854908,-8.3346739],[122.8548332,-8.3349596],[122.8551033,-8.3349436],[122.8555244,-8.3351394],[122.8558692,-8.3353704],[122.8560448,-8.3354351],[122.8564489,-8.3355999],[122.8568385,-8.3357224],[122.8568935,-8.3357447],[122.8572161,-8.3358932],[122.8575081,-8.3360352],[122.8578404,-8.336268],[122.8581588,-8.3364184],[122.8588811,-8.3367127],[122.8592513,-8.3368106],[122.8595527,-8.336882],[122.8596399,-8.3368934],[122.8598205,-8.336918],[122.8600254,-8.3369718],[122.8600974,-8.3369913],[122.8619842,-8.3370979],[122.863332,-8.3368959],[122.8661166,-8.3359604],[122.8672611,-8.335442],[122.8686979,-8.33439],[122.8698174,-8.3331019],[122.8702866,-8.3327978],[122.8711109,-8.330152],[122.8722888,-8.3271182],[122.873288,-8.325548],[122.8732881,-8.3255478],[122.8743076,-8.323678]]]]}},
{"type":"Feature","properties":{"OBJECTID":80384.0,"NAMOBJ":"Bama","KDCBPS":"530614","WADMKC":"Demon Pagong","WADMKK":"Flores Timur","WADMPR":"Nusa Tenggara Timur","Penduduk":5117,"luas_km2":77.556},"geometry":{"type":"MultiPolygon","coordinates":[[[[122.8835451,-8.39829],[122.8830621,-8.3982135],[122.8825672,-8.3981818],[122.8823486,-8.3981364],[122.8821808,-8.3980144],[122.881943,-8.3975535],[122.8816667,-8.3968787],[122.881604,-8.3963885],[122.8816207,-8.3958959],[122.8816392,-8.3956581],[122.8813837,-8.3949127],[122.8812423,-8.3945284],[122.8811683,-8.3941671],[122.8811811,-8.3940147],[122.8814269,-8.3937012],[122.8818108,-8.3934689],[122.8829997,-8.3927752],[122.8831867,-8.3925702],[122.8833632,-8.3922589],[122.8834649,-8.3918491],[122.8835853,-8.3914611],[122.8836379,-8.3912442],[122.8836343,-8.3910766],[122.8836108,-8.3906775],[122.8835362,-8.3903003],[122.8833632,-8.3899165],[122.8828445,-8.3893593],[122.8825149,-8.3891332],[122.8821839,-8.3889286],[122.881963,-8.3887535],[122.881922,-8.3887288],[122.8816639,-8.3887813],[122.8815667,-8.3887823],[122.8813281,-8.3886284],[122.8810424,-8.3884034],[122.8809072,-8.3882837],[122.88077,-8.3880737],[122.8801896,-8.3874351],[122.8798465,-8.3871345],[122.8796081,-8.3868042],[122.879451,-8.386479],[122.8794003,-8.3863803],[122.8793363,-8.386056],[122.8791015,-8.3854831],[122.8787379,-8.3849934],[122.8785789,-8.3847795],[122.8785673,-8.3847567],[122.8784518,-8.3845093],[122.8784485,-8.3845022],[122.8784273,-8.3843953],[122.8786504,-8.3839302],[122.8790709,-8.3837625],[122.8791565,-8.3837284],[122.8793377,-8.38364],[122.8795538,-8.3834154],[122.8795831,-8.383375],[122.8796953,-8.3832208],[122.8797352,-8.3830995],[122.8797729,-8.3829852],[122.8797681,-8.3829044],[122.8797661,-8.3828215],[122.8797548,-8.3823392],[122.8797322,-8.3813831],[122.8797468,-8.3812839],[122.8798314,-8.3812159],[122.8799123,-8.3811509],[122.8800112,-8.3810796],[122.8809332,-8.380414],[122.8810177,-8.3802892],[122.8810748,-8.3802049],[122.8811365,-8.3800409],[122.8814648,-8.3795091],[122.8815034,-8.3794636],[122.8815418,-8.3794418],[122.8818387,-8.3792025],[122.8820528,-8.3789759],[122.882329,-8.3786838],[122.882477,-8.3783955],[122.8825003,-8.3783499],[122.882578,-8.3780228],[122.8826003,-8.3775089],[122.8826241,-8.3770284],[122.8827759,-8.3765501],[122.8829246,-8.3760815],[122.8830061,-8.375841],[122.8830265,-8.3757805],[122.8830704,-8.375711],[122.883282,-8.375376],[122.8835518,-8.3750881],[122.8836281,-8.3750286],[122.8836643,-8.3750003],[122.8837967,-8.374897],[122.8842204,-8.3745667],[122.8842777,-8.374479],[122.8843098,-8.3744299],[122.8843146,-8.374279],[122.8843152,-8.37426],[122.88429,-8.3740481],[122.8842593,-8.373901],[122.8842478,-8.3738463],[122.8841925,-8.3734492],[122.8841081,-8.3728442],[122.8840299,-8.3726488],[122.883989,-8.3725466],[122.8839803,-8.3725248],[122.8839353,-8.3723964],[122.8839339,-8.3723923],[122.8841456,-8.3721541],[122.8838389,-8.3718957],[122.88345,-8.3715656],[122.8828898,-8.3710821],[122.8823827,-8.3706743],[122.8820384,-8.3703652],[122.8815948,-8.3699602],[122.8815628,-8.369931],[122.880987,-8.3693231],[122.8802519,-8.3687796],[122.8797414,-8.3685094],[122.8790083,-8.3681929],[122.8780928,-8.3679125],[122.8774319,-8.3675241],[122.8771257,-8.3673357],[122.8750103,-8.3656113],[122.875,-8.3656029],[122.8749229,-8.3655285],[122.8748,-8.365436],[122.8743096,-8.3648767],[122.8741219,-8.3645941],[122.8738024,-8.3643237],[122.8736022,-8.3642313],[122.8730707,-8.3640081],[122.8728802,-8.3639186],[122.8726272,-8.3635753],[122.8717754,-8.3635824],[122.8716037,-8.3636196],[122.8699332,-8.3639809],[122.8682246,-8.364299],[122.8667901,-8.3645647],[122.864331,-8.364776],[122.863377,-8.3649868],[122.863174,-8.3648621],[122.8629369,-8.364803],[122.8628372,-8.3647886],[122.8622252,-8.3645818],[122.8617306,-8.3644074],[122.8615111,-8.3643139],[122.86135,-8.3642566],[122.8612273,-8.3641907],[122.8611688,-8.364139],[122.8609801,-8.364024],[122.8606651,-8.3637923],[122.8604659,-8.3636098],[122.8602255,-8.3633285],[122.8600292,-8.3630582],[122.8596878,-8.3624807],[122.8595287,-8.3621948],[122.8593067,-8.3617904],[122.8591765,-8.3615317],[122.8590992,-8.361332],[122.8590272,-8.3611522],[122.8588792,-8.3609271],[122.8585066,-8.3606092],[122.8581784,-8.3603936],[122.8580072,-8.3602863],[122.8574757,-8.3601519],[122.8571555,-8.3600487],[122.8567221,-8.3600109],[122.8564032,-8.3599093],[122.8560852,-8.3597366],[122.8558987,-8.3595681],[122.8557656,-8.3593941],[122.8557164,-8.3593176],[122.8555854,-8.3591153],[122.8553523,-8.3589405],[122.8552269,-8.3588267],[122.8551372,-8.3587024],[122.8550558,-8.3586322],[122.8548931,-8.3584878],[122.8547458,-8.3583359],[122.854688,-8.3582656],[122.8546314,-8.3581911],[122.854582,-8.358109],[122.8545669,-8.3580594],[122.854549,-8.358017],[122.85447,-8.3579071],[122.8543879,-8.3578262],[122.8543389,-8.3577832],[122.8541135,-8.3576476],[122.8540654,-8.3576144],[122.8539883,-8.3575232],[122.8539062,-8.3574152],[122.853875,-8.3573643],[122.8538182,-8.3572708],[122.8537684,-8.3572024],[122.8537066,-8.357128],[122.8536501,-8.3570621],[122.8535718,-8.3569522],[122.8520375,-8.3546517],[122.8530767,-8.3526668],[122.854128,-8.3506007],[122.8545291,-8.3498125],[122.8560433,-8.3465356],[122.857176,-8.3434358],[122.8577996,-8.3418163],[122.8591227,-8.3394884],[122.8600974,-8.3369913],[122.8600254,-8.3369718],[122.8598205,-8.336918],[122.8596399,-8.3368934],[122.8595527,-8.336882],[122.8592513,-8.3368106],[122.8588811,-8.3367127],[122.8581588,-8.3364184],[122.8578404,-8.336268],[122.8575081,-8.3360352],[122.8572161,-8.3358932],[122.8568935,-8.3357447],[122.8568385,-8.3357224],[122.8564489,-8.3355999],[122.8560448,-8.3354351],[122.8558692,-8.3353704],[122.8555244,-8.3351394],[122.8551033,-8.3349436],[122.8548332,-8.3349596],[122.854908,-8.3346739],[122.8547559,-8.3344025],[122.8544765,-8.334215],[122.8536761,-8.3338053],[122.8535757,-8.3337521],[122.8513726,-8.3332769],[122.851263,-8.3331924],[122.8510147,-8.3330379],[122.8509406,-8.3329841],[122.8508306,-8.3328971],[122.8506436,-8.3327515],[122.8505549,-8.3326795],[122.8504009,-8.3325797],[122.8501954,-8.332418],[122.8500605,-8.3322859],[122.8499331,-8.3321593],[122.849769,-8.3319923],[122.8496043,-8.3318239],[122.8494098,-8.3315323],[122.8493855,-8.331478],[122.8466718,-8.3298844],[122.8453224,-8.3288777],[122.845211,-8.3287663],[122.8451021,-8.3287005],[122.8450717,-8.3286828],[122.8449576,-8.3286202],[122.8447323,-8.3285098],[122.8446824,-8.3284969],[122.8445945,-8.3284591],[122.8444444,-8.3283768],[122.8442025,-8.328214],[122.8440345,-8.3280391],[122.8438027,-8.3277217],[122.8435676,-8.3273169],[122.8435489,-8.3272739],[122.8434801,-8.3269359],[122.8434292,-8.3266943],[122.843387,-8.3263598],[122.8433742,-8.3262894],[122.8433193,-8.3258755],[122.8432894,-8.3257059],[122.8432747,-8.3255953],[122.8432464,-8.3253477],[122.84322,-8.3249607],[122.8431316,-8.3245303],[122.8430675,-8.3243457],[122.8429172,-8.3240744],[122.8428128,-8.3239315],[122.8425159,-8.3236615],[122.8423406,-8.3234739],[122.8423274,-8.3234366],[122.8422867,-8.3232789],[122.8422763,-8.3232227],[122.8422814,-8.3229523],[122.8423107,-8.3227754],[122.8423317,-8.3227172],[122.8423546,-8.3224964],[122.8423602,-8.3223399],[122.8424283,-8.3221662],[122.8425296,-8.3218691],[122.8426591,-8.3215033],[122.8427769,-8.3208918],[122.8428652,-8.3205139],[122.8429272,-8.3201195],[122.8429655,-8.319927],[122.8431465,-8.3195218],[122.8431647,-8.3194074],[122.8432498,-8.3192072],[122.843293,-8.3190359],[122.843316,-8.3188832],[122.8433401,-8.3185971],[122.8433288,-8.3185012],[122.8431907,-8.3180351],[122.8429738,-8.3176954],[122.8428267,-8.3174789],[122.842689,-8.3172269],[122.8424671,-8.316788],[122.8424538,-8.3167394],[122.8424493,-8.3165645],[122.8424466,-8.3163707],[122.8424314,-8.316107],[122.8424691,-8.3158634],[122.8424852,-8.315827],[122.8425194,-8.3157725],[122.8425608,-8.3156804],[122.8427417,-8.3152296],[122.8428231,-8.3149681],[122.8429995,-8.3141858],[122.8429349,-8.3138077],[122.8429069,-8.313668],[122.8429182,-8.3131244],[122.8429003,-8.3128038],[122.8427802,-8.3123088],[122.8426277,-8.3120945],[122.8422372,-8.3116534],[122.8420233,-8.3111413],[122.8419054,-8.3108485],[122.8418717,-8.3106846],[122.8418631,-8.3106428],[122.8419206,-8.3103313],[122.8420154,-8.3099899],[122.8421346,-8.3095729],[122.8420868,-8.3089173],[122.8420403,-8.3087446],[122.8419554,-8.3085404],[122.8418692,-8.3082626],[122.8418209,-8.3080267],[122.8417236,-8.3076979],[122.841678,-8.3075526],[122.8415735,-8.3070798],[122.8414377,-8.3068853],[122.8412642,-8.3067145],[122.8409072,-8.3064211],[122.8407808,-8.3061897],[122.8408016,-8.3059559],[122.8408135,-8.3057429],[122.84072,-8.3053947],[122.8406271,-8.3049638],[122.840554,-8.3046718],[122.8404224,-8.3044093],[122.84017,-8.3038964],[122.8402516,-8.3035952],[122.8403372,-8.3034164],[122.8404888,-8.3030545],[122.8408179,-8.3027194],[122.8409752,-8.3025365],[122.8412224,-8.3023077],[122.841341,-8.3022234],[122.8415605,-8.3020053],[122.8416666,-8.301807],[122.8416033,-8.3015069],[122.8415174,-8.3013264],[122.8413846,-8.3011507],[122.841155,-8.3008937],[122.8409671,-8.3006545],[122.8407509,-8.3003754],[122.8404404,-8.2999903],[122.8402634,-8.2998497],[122.8397091,-8.2995955],[122.8394332,-8.2993875],[122.8393454,-8.2992462],[122.8393289,-8.2989657],[122.8394638,-8.2981311],[122.8395843,-8.2980168],[122.8396305,-8.2979805],[122.8397231,-8.2978701],[122.8397389,-8.2977379],[122.839604,-8.2976377],[122.8395291,-8.29753],[122.8395246,-8.2973175],[122.8395018,-8.2971462],[122.8394027,-8.2968438],[122.8393667,-8.2966421],[122.8393329,-8.2964403],[122.8390475,-8.2960602],[122.8389539,-8.2958216],[122.8388853,-8.2955829],[122.8387179,-8.295024],[122.8387002,-8.2949649],[122.8384214,-8.2946564],[122.8383944,-8.2946269],[122.8382311,-8.294569],[122.8380667,-8.2944791],[122.8380307,-8.2944573],[122.8378176,-8.2943901],[122.8368147,-8.2948291],[122.8362792,-8.2950215],[122.836063,-8.2952127],[122.8359597,-8.2954058],[122.8357845,-8.2956497],[122.83528,-8.29623],[122.8350567,-8.2963621],[122.8348545,-8.2964208],[122.8347282,-8.2963666],[122.8343805,-8.2960867],[122.8343112,-8.296029],[122.8343098,-8.2959534],[122.8343878,-8.2958926],[122.8346777,-8.29576],[122.8347183,-8.2956182],[122.834677,-8.2953987],[122.8345127,-8.2951913],[122.8343036,-8.2950602],[122.8339859,-8.2948617],[122.8337317,-8.294588],[122.8335806,-8.2944948],[122.8333604,-8.2944548],[122.8326948,-8.2943692],[122.8325228,-8.2942654],[122.832344,-8.2941306],[122.83206,-8.294008],[122.8317725,-8.2939625],[122.8314469,-8.2940064],[122.8312312,-8.2940222],[122.8310831,-8.2939682],[122.8308604,-8.2938783],[122.8302895,-8.2938905],[122.8296986,-8.293749],[122.8294376,-8.2936724],[122.829192,-8.2936874],[122.8285466,-8.2937513],[122.8283031,-8.2937145],[122.8275713,-8.2933727],[122.8274299,-8.29325],[122.827345,-8.2929934],[122.827257,-8.2928743],[122.8270448,-8.292829],[122.8266728,-8.292869],[122.8259763,-8.2930101],[122.825704,-8.2931913],[122.8248406,-8.293978],[122.8245916,-8.2942075],[122.8243755,-8.2943232],[122.822306,-8.2952345],[122.8212629,-8.295709],[122.8209574,-8.2958958],[122.8205285,-8.2961826],[122.8199102,-8.2966557],[122.8196326,-8.2969645],[122.8193331,-8.2973921],[122.8189254,-8.2981227],[122.8186736,-8.2983771],[122.8181301,-8.2988295],[122.8176347,-8.2990801],[122.8172034,-8.2992351],[122.8167987,-8.2993121],[122.8164706,-8.2993135],[122.8162641,-8.2992551],[122.8148735,-8.2987771],[122.814202,-8.2986325],[122.81396,-8.2984699],[122.8137225,-8.2983702],[122.8133268,-8.2983153],[122.812807,-8.298253],[122.8120944,-8.2979177],[122.8117249,-8.2977576],[122.811504,-8.2977656],[122.8110726,-8.29791],[122.8107224,-8.2980866],[122.8100642,-8.2986563],[122.8095569,-8.2991884],[122.808996,-8.2998112],[122.8087963,-8.2999073],[122.8083492,-8.3001591],[122.8082663,-8.3002973],[122.808184,-8.3005116],[122.8079282,-8.3013593],[122.807873,-8.3018753],[122.8078348,-8.3024403],[122.807804,-8.3026304],[122.8077551,-8.3028628],[122.8077383,-8.3029468],[122.80765,-8.3031201],[122.8075366,-8.3034105],[122.8073927,-8.3036723],[122.8065547,-8.3045678],[122.8062393,-8.3049822],[122.805884,-8.305396],[122.8053849,-8.3057786],[122.8051347,-8.3058734],[122.8029064,-8.3062301],[122.8025597,-8.3063778],[122.8026775,-8.306537],[122.8028453,-8.3066711],[122.8031523,-8.3069222],[122.8032857,-8.3070553],[122.8034357,-8.3072515],[122.8036833,-8.3074847],[122.8037649,-8.3075446],[122.8038817,-8.3076304],[122.8039485,-8.307776],[122.8041066,-8.3082255],[122.8043549,-8.3086114],[122.8047674,-8.3090961],[122.8049325,-8.3093078],[122.8050416,-8.3096346],[122.8051254,-8.309939],[122.8052125,-8.3103005],[122.8054064,-8.3107256],[122.8055176,-8.3112787],[122.805828,-8.3116143],[122.8060256,-8.3118615],[122.8065236,-8.3125709],[122.8066359,-8.3126712],[122.8067872,-8.3126917],[122.8070576,-8.3126579],[122.8073079,-8.3125652],[122.807582,-8.3123636],[122.8079949,-8.3119104],[122.8081786,-8.3117019],[122.8082129,-8.3116747],[122.8083269,-8.3116053],[122.8085069,-8.3115362],[122.8087055,-8.3116645],[122.8088401,-8.3118609],[122.8088804,-8.3120563],[122.8088697,-8.3122674],[122.8088307,-8.3125292],[122.8088475,-8.312669],[122.8089049,-8.3128222],[122.8090984,-8.3130158],[122.809277,-8.3131069],[122.8094736,-8.3131696],[122.8096932,-8.3131784],[122.8102515,-8.3131128],[122.8103449,-8.3131143],[122.8105278,-8.3132172],[122.8111629,-8.3138791],[122.8115972,-8.3143639],[122.8117369,-8.3144911],[122.8119118,-8.3145583],[122.8122583,-8.3145766],[122.8127583,-8.314702],[122.8129955,-8.3149079],[122.813137,-8.3150787],[122.8132767,-8.3152491],[122.8138593,-8.3156641],[122.8140928,-8.3159492],[122.8142077,-8.3163145],[122.8142207,-8.3167203],[122.8142112,-8.3168523],[122.8142714,-8.3169886],[122.8143276,-8.3170651],[122.814487,-8.3173119],[122.8146644,-8.3174232],[122.814998,-8.317613],[122.8151532,-8.3177713],[122.8153128,-8.3179174],[122.815829,-8.31829],[122.8161543,-8.3184402],[122.8163434,-8.3185277],[122.8165841,-8.3187465],[122.8167962,-8.3189574],[122.8169643,-8.3190169],[122.817063,-8.3190361],[122.8171616,-8.3190814],[122.8173476,-8.319165],[122.8175178,-8.3193443],[122.8176963,-8.319712],[122.8176881,-8.3202498],[122.8176164,-8.3204796],[122.8173517,-8.3208549],[122.8172746,-8.3209441],[122.8171117,-8.3211326],[122.8169128,-8.321394],[122.8166171,-8.3226671],[122.8165945,-8.3230136],[122.8166239,-8.323113],[122.8170011,-8.3232867],[122.8171055,-8.3233354],[122.8174069,-8.3235413],[122.8175833,-8.3237218],[122.8177715,-8.3240425],[122.8181173,-8.3246954],[122.8181915,-8.3251077],[122.8181536,-8.3256044],[122.8181208,-8.3259743],[122.8181134,-8.3268405],[122.8181151,-8.3268885],[122.8181721,-8.3272267],[122.8182292,-8.327529],[122.8183069,-8.3278164],[122.8185206,-8.328194],[122.8186259,-8.3282859],[122.8187847,-8.3283076],[122.8191416,-8.3282924],[122.8193498,-8.3283085],[122.8196661,-8.3283462],[122.8199525,-8.328514],[122.820075,-8.3286783],[122.8202184,-8.3289919],[122.8203977,-8.3297391],[122.8205451,-8.3300855],[122.8206744,-8.3303366],[122.8207924,-8.3305905],[122.8208389,-8.3306046],[122.8203651,-8.331201],[122.8199284,-8.3316304],[122.8191775,-8.3323152],[122.8189792,-8.3324661],[122.8189014,-8.3324965],[122.8187355,-8.3326279],[122.8186271,-8.3327139],[122.8185694,-8.3329829],[122.8186355,-8.3334956],[122.8186697,-8.3337097],[122.8186258,-8.333948],[122.8185247,-8.334211],[122.818468,-8.3343905],[122.8185068,-8.3348525],[122.8186123,-8.3351257],[122.8186355,-8.3351738],[122.818857,-8.3354749],[122.8189746,-8.3356004],[122.8190818,-8.3356806],[122.8192049,-8.3357704],[122.8193125,-8.3358568],[122.8193489,-8.3358951],[122.8196499,-8.3363222],[122.8197585,-8.3365415],[122.8198291,-8.3367459],[122.8200459,-8.337081],[122.8202507,-8.3373825],[122.8204176,-8.337629],[122.8206303,-8.3380401],[122.820634,-8.3383092],[122.8205986,-8.3384766],[122.8205299,-8.3387331],[122.8204587,-8.3393529],[122.8203937,-8.3397866],[122.8203973,-8.339977],[122.8204808,-8.3402373],[122.8205254,-8.3403115],[122.8207388,-8.3404892],[122.8208895,-8.3405777],[122.8212339,-8.3407082],[122.8216175,-8.340914],[122.8216507,-8.3409406],[122.822093,-8.3414217],[122.8222759,-8.3416766],[122.8223195,-8.3417494],[122.8226707,-8.3421258],[122.8228196,-8.3422577],[122.8230933,-8.3424392],[122.8233157,-8.3425496],[122.8239628,-8.3427128],[122.8241819,-8.342758],[122.824394,-8.3427993],[122.8246983,-8.3428496],[122.8248912,-8.3430004],[122.8250265,-8.3432771],[122.8250865,-8.3436163],[122.8251846,-8.3439485],[122.8253635,-8.3443849],[122.8254029,-8.3444533],[122.8254627,-8.3446894],[122.8254379,-8.3450784],[122.8254099,-8.3452598],[122.8253332,-8.3455844],[122.8252503,-8.3457534],[122.8251029,-8.3459111],[122.8248631,-8.3462721],[122.8248452,-8.3463486],[122.8247659,-8.346627],[122.8247268,-8.3468457],[122.8247185,-8.3469735],[122.8247394,-8.3470757],[122.8247168,-8.3471591],[122.8247426,-8.3473406],[122.8249192,-8.3475964],[122.8250286,-8.3477374],[122.8250663,-8.347972],[122.8250791,-8.3480914],[122.8251695,-8.348225],[122.8254055,-8.348311],[122.8257023,-8.3483491],[122.8258578,-8.3483543],[122.8259968,-8.3484385],[122.8262603,-8.3487074],[122.8264181,-8.3488219],[122.826782,-8.3488305],[122.8269903,-8.3488922],[122.8271401,-8.3490159],[122.8272566,-8.3492119],[122.8273818,-8.3496612],[122.8274222,-8.3498814],[122.8274419,-8.3501389],[122.8275332,-8.3503363],[122.8277852,-8.3505747],[122.8281953,-8.3508933],[122.8284219,-8.3509845],[122.8285834,-8.3510458],[122.8286888,-8.3511372],[122.8288439,-8.3512715],[122.8289527,-8.3514316],[122.8290958,-8.3516701],[122.8292567,-8.3518543],[122.8292963,-8.3520293],[122.8293136,-8.3521394],[122.8294569,-8.3522967],[122.8296306,-8.3523722],[122.8299515,-8.3523655],[122.8301154,-8.35238],[122.8302577,-8.3524347],[122.8307089,-8.3526697],[122.8309061,-8.3527263],[122.8311333,-8.3530916],[122.8312057,-8.3533893],[122.8312182,-8.3535838],[122.8313065,-8.3537397],[122.8313565,-8.3537948],[122.8318759,-8.3537536],[122.8321209,-8.3537492],[122.8322791,-8.3538121],[122.8323863,-8.3539553],[122.8323784,-8.3544975],[122.8324251,-8.3545927],[122.8324876,-8.3546845],[122.8325217,-8.3548604],[122.8327107,-8.3549547],[122.8328524,-8.3550253],[122.8329696,-8.3551085],[122.8330573,-8.3552644],[122.8331287,-8.3554347],[122.8332147,-8.3555389],[122.8334474,-8.3555932],[122.833781,-8.3555339],[122.834524,-8.3557961],[122.8348254,-8.3559594],[122.8352877,-8.3563565],[122.8353969,-8.3564511],[122.8355841,-8.3566917],[122.8355568,-8.3571334],[122.8354695,-8.3578845],[122.8350915,-8.3594635],[122.8347536,-8.3605696],[122.8344703,-8.3612577],[122.8341023,-8.3621846],[122.833653,-8.3628673],[122.8332447,-8.3634385],[122.8329632,-8.3638786],[122.8329123,-8.3642248],[122.8329675,-8.3646223],[122.8335372,-8.3654771],[122.8339933,-8.3659798],[122.8342322,-8.3663054],[122.8343354,-8.3666516],[122.8342875,-8.367576],[122.8342693,-8.3679264],[122.834252,-8.3682411],[122.8342271,-8.3694999],[122.8342174,-8.3699924],[122.8343696,-8.3714915],[122.8343981,-8.3717549],[122.8345448,-8.3731081],[122.8347061,-8.3739589],[122.8348964,-8.374626],[122.8351012,-8.3750001],[122.8351034,-8.3750286],[122.8351403,-8.3755135],[122.83514,-8.3760464],[122.8350454,-8.3766105],[122.8349889,-8.3769863],[122.8348923,-8.3776298],[122.8349233,-8.3785985],[122.8349469,-8.3790884],[122.8349545,-8.3792079],[122.83497,-8.3797391],[122.8350169,-8.3802391],[122.8350638,-8.3806141],[122.8351159,-8.3812178],[122.8351339,-8.3812648],[122.835189,-8.3815673],[122.8352099,-8.3817006],[122.8352674,-8.3820672],[122.8352985,-8.3826454],[122.8353414,-8.3834151],[122.835341,-8.3842094],[122.8353409,-8.3844682],[122.8353172,-8.3848557],[122.8352674,-8.3856665],[122.8351573,-8.3872279],[122.8351204,-8.3882084],[122.8351931,-8.3887894],[122.8352534,-8.3892023],[122.8353146,-8.3895917],[122.8353068,-8.3897926],[122.8353235,-8.3901164],[122.835351,-8.3901782],[122.83536,-8.3902927],[122.8353787,-8.3905586],[122.8353942,-8.3906049],[122.8354314,-8.3907274],[122.8355013,-8.391007],[122.8355996,-8.3913745],[122.8355886,-8.3915144],[122.8355323,-8.3919677],[122.8355211,-8.3922866],[122.8355255,-8.3924255],[122.8355954,-8.3929504],[122.8356137,-8.3931438],[122.8355824,-8.3937685],[122.8355764,-8.3938446],[122.8355595,-8.3941776],[122.8355964,-8.3944766],[122.8357131,-8.3946337],[122.8360569,-8.3949995],[122.8361008,-8.3951255],[122.836231,-8.3954257],[122.8362791,-8.3956101],[122.83633,-8.3957546],[122.8372556,-8.3977715],[122.8372742,-8.3978076],[122.8373691,-8.3980956],[122.8376336,-8.3987487],[122.8381964,-8.3995841],[122.8385881,-8.4000114],[122.8389215,-8.400197],[122.8391234,-8.4003094],[122.839641,-8.4006223],[122.8398914,-8.4007573],[122.8405485,-8.4011556],[122.8405691,-8.4011962],[122.8407138,-8.401437],[122.8409673,-8.401642],[122.8411243,-8.4017219],[122.8414331,-8.4017711],[122.8421345,-8.4018539],[122.8422635,-8.4018951],[122.8422308,-8.4019565],[122.8423329,-8.4020738],[122.8425712,-8.4023478],[122.842614,-8.4024555],[122.842617,-8.4026867],[122.84286,-8.4034198],[122.8427877,-8.4036565],[122.8426058,-8.4037804],[122.8420631,-8.4039846],[122.8414976,-8.4041234],[122.8411069,-8.4041211],[122.8400357,-8.4042296],[122.8396365,-8.4041971],[122.8392584,-8.4039991],[122.8391027,-8.4039077],[122.8386228,-8.4037239],[122.8383862,-8.4036332],[122.8381476,-8.403627],[122.8379145,-8.4036489],[122.8377411,-8.4037484],[122.83773,-8.4037547],[122.8377785,-8.4038832],[122.8378391,-8.4040102],[122.8378887,-8.4041761],[122.837905,-8.4045258],[122.8379769,-8.4049682],[122.8383431,-8.4053613],[122.8385422,-8.4055769],[122.8385845,-8.4056227],[122.8387324,-8.4059573],[122.839007,-8.4069054],[122.839166,-8.4074207],[122.8392563,-8.4074453],[122.8392257,-8.4074836],[122.8382726,-8.4085002],[122.838177,-8.4088208],[122.8380208,-8.409067],[122.837366,-8.4097363],[122.837178,-8.4099504],[122.8371432,-8.4101643],[122.8371778,-8.4107695],[122.8372655,-8.4108818],[122.8375402,-8.4112444],[122.8376257,-8.4114533],[122.8378128,-8.4119643],[122.8380878,-8.4122557],[122.8382175,-8.4125206],[122.8382264,-8.4125388],[122.8382543,-8.4127599],[122.8383738,-8.4135321],[122.8385147,-8.4138615],[122.8388431,-8.4142789],[122.8390238,-8.4144768],[122.8390692,-8.4146285],[122.8392346,-8.415239],[122.8393059,-8.4153752],[122.8394944,-8.4157571],[122.8395258,-8.4159352],[122.8396685,-8.4166567],[122.8398482,-8.4168753],[122.840254,-8.4170735],[122.8402607,-8.4173682],[122.8404029,-8.4178182],[122.8405738,-8.4180572],[122.8409022,-8.4184166],[122.8412664,-8.4187736],[122.8412937,-8.4188888],[122.8413223,-8.4191088],[122.8413292,-8.419491],[122.8413672,-8.4203196],[122.8413314,-8.4206013],[122.8412762,-8.4207177],[122.8411625,-8.4208656],[122.8409234,-8.4211892],[122.8407988,-8.4214048],[122.8406707,-8.4216199],[122.8405178,-8.4218098],[122.8403163,-8.4220154],[122.8401337,-8.422188],[122.840017,-8.4222851],[122.840026,-8.4223432],[122.8390072,-8.4227588],[122.8386761,-8.422999],[122.8383532,-8.4232558],[122.8380562,-8.4235254],[122.8378753,-8.4237052],[122.8377074,-8.423872],[122.8373974,-8.4242572],[122.8370356,-8.4247837],[122.8366997,-8.425246],[122.8363896,-8.4257211],[122.8361571,-8.426132],[122.8358979,-8.4266902],[122.8358198,-8.4268294],[122.8356656,-8.4270582],[122.8356066,-8.4272023],[122.8354628,-8.4274376],[122.8353455,-8.4276061],[122.8352274,-8.4278217],[122.8351143,-8.4279939],[122.8349533,-8.4282388],[122.8349153,-8.428325],[122.8348298,-8.4284442],[122.8344972,-8.4289763],[122.8344579,-8.4291005],[122.8343726,-8.429366],[122.8342035,-8.4296254],[122.8341798,-8.429655],[122.8340114,-8.4298082],[122.8339021,-8.42995],[122.833639,-8.4303666],[122.8335109,-8.4304779],[122.8334454,-8.4305648],[122.8331516,-8.4310664],[122.8329711,-8.4313091],[122.8329406,-8.4313501],[122.8327911,-8.4313633],[122.8326429,-8.4313207],[122.8325631,-8.4313318],[122.8324145,-8.4314182],[122.832162,-8.431503],[122.8320156,-8.4315992],[122.8315765,-8.4320396],[122.831445,-8.4321335],[122.8311976,-8.4323902],[122.8311014,-8.4326109],[122.831068,-8.4327858],[122.8310083,-8.4330789],[122.8310005,-8.4331172],[122.8309624,-8.4332063],[122.83079,-8.4338119],[122.8307596,-8.4338892],[122.8308479,-8.4339891],[122.8308101,-8.4340738],[122.8307164,-8.4343047],[122.8307485,-8.4344013],[122.8308657,-8.4344877],[122.8311621,-8.4346885],[122.8310678,-8.4348092],[122.8308546,-8.4348747],[122.8303992,-8.4350354],[122.8302207,-8.4351089],[122.8296467,-8.4352821],[122.8294597,-8.435444],[122.8290682,-8.4357817],[122.8288724,-8.4358878],[122.8284892,-8.4360748],[122.8282234,-8.4363904],[122.8281616,-8.4365853],[122.8281296,-8.4369928],[122.8282013,-8.4373685],[122.8283268,-8.4376141],[122.8286863,-8.4381254],[122.8289685,-8.4382485],[122.8292714,-8.4383075],[122.8296129,-8.4383995],[122.8299799,-8.4384998],[122.8303293,-8.4385984],[122.8306553,-8.4388015],[122.8308738,-8.4389547],[122.8310256,-8.438938],[122.8314118,-8.4388357],[122.8315297,-8.4386815],[122.8317857,-8.4383945],[122.831892,-8.4383719],[122.8326304,-8.4384114],[122.8328079,-8.4384808],[122.8331072,-8.4387412],[122.8332125,-8.4389483],[122.8332904,-8.439164],[122.8334629,-8.4395278],[122.8337718,-8.439942],[122.8340355,-8.4401512],[122.8342809,-8.4402824],[122.8350812,-8.440572],[122.8354001,-8.4407229],[122.8356938,-8.4407651],[122.8360619,-8.4408254],[122.8364212,-8.4411835],[122.8365494,-8.4411988],[122.8367372,-8.4411394],[122.8371543,-8.4410135],[122.8378847,-8.4409215],[122.8382486,-8.4409139],[122.8394776,-8.441127],[122.8405382,-8.4415043],[122.840711,-8.4416126],[122.8407448,-8.4420145],[122.8408186,-8.4421615],[122.8409598,-8.4422772],[122.8414161,-8.4426368],[122.8418285,-8.4430362],[122.8418973,-8.4431029],[122.8423916,-8.4435816],[122.8426138,-8.4438093],[122.8426824,-8.4438796],[122.8429887,-8.4441374],[122.8441715,-8.4449491],[122.844514,-8.4450895],[122.8445143,-8.4450897],[122.8445394,-8.445095],[122.8447671,-8.4451436],[122.8447683,-8.4451439],[122.8449923,-8.4451389],[122.8451263,-8.4451358],[122.8454487,-8.445135],[122.8457042,-8.4451343],[122.8457067,-8.4451343],[122.8463322,-8.4452414],[122.8471095,-8.4453926],[122.8474026,-8.4454679],[122.8479203,-8.4456009],[122.8481587,-8.4457417],[122.8481647,-8.4461294],[122.8483335,-8.4464463],[122.8485687,-8.4466525],[122.8497983,-8.4473769],[122.8500106,-8.4474771],[122.8504817,-8.4476994],[122.8509474,-8.4481142],[122.8512094,-8.4481179],[122.8512924,-8.4481262],[122.8515688,-8.4481535],[122.8517264,-8.4482021],[122.8519294,-8.4482647],[122.8521457,-8.4484079],[122.8521572,-8.4484155],[122.8521882,-8.4484467],[122.8525256,-8.4487855],[122.8527013,-8.4490493],[122.8529253,-8.4493517],[122.8531555,-8.4496626],[122.8533026,-8.4497805],[122.8534027,-8.4498607],[122.8537176,-8.4500264],[122.8542362,-8.4502058],[122.854592,-8.4502522],[122.8549313,-8.4502963],[122.8554306,-8.4503409],[122.8556883,-8.4503638],[122.8556888,-8.450364],[122.855888,-8.4504244],[122.856339,-8.4505611],[122.8569423,-8.4509089],[122.8572043,-8.4511086],[122.8573298,-8.4512042],[122.8573565,-8.4512178],[122.8576614,-8.4513728],[122.8581534,-8.4515825],[122.8581536,-8.4515827],[122.8584972,-8.4518321],[122.858688,-8.4519707],[122.8588453,-8.4520405],[122.8594956,-8.4523288],[122.8597375,-8.4524761],[122.8598182,-8.4525252],[122.8602324,-8.4527168],[122.8605621,-8.4527852],[122.8607028,-8.4528144],[122.8614401,-8.4528973],[122.8627929,-8.4530118],[122.863114,-8.4530413],[122.8636664,-8.4530415],[122.8646175,-8.4530337],[122.8649521,-8.453033],[122.8652742,-8.4530322],[122.8652747,-8.4530322],[122.8654737,-8.4530014],[122.8657658,-8.4529429],[122.86592,-8.4529121],[122.8660396,-8.4529111],[122.866186,-8.4529098],[122.8663665,-8.4528894],[122.8664936,-8.452875],[122.866873,-8.4528622],[122.8670774,-8.4528553],[122.8673842,-8.4528559],[122.8678257,-8.4528568],[122.8679179,-8.4528201],[122.8679646,-8.4527568],[122.8679655,-8.4527572],[122.8684058,-8.4529115],[122.868834,-8.4530721],[122.8688857,-8.45311],[122.8690366,-8.4532206],[122.8692035,-8.4533878],[122.8692394,-8.4534236],[122.869453,-8.4536223],[122.8696278,-8.4538407],[122.8696445,-8.4538616],[122.8698194,-8.4540241],[122.8698194,-8.4540241],[122.8699103,-8.4540403],[122.8700218,-8.4540601],[122.8700231,-8.4540601],[122.8702849,-8.454063],[122.8705624,-8.4541129],[122.8712613,-8.4544903],[122.871596,-8.4546709],[122.8717923,-8.4547699],[122.8720877,-8.4549189],[122.8720878,-8.4549189],[122.8721709,-8.4549189],[122.8723672,-8.4549187],[122.8726808,-8.4547824],[122.8726814,-8.4547821],[122.8729749,-8.4545724],[122.8735036,-8.4541945],[122.873692,-8.4540771],[122.8740522,-8.4539742],[122.8740771,-8.4539671],[122.8740781,-8.4539668],[122.8748233,-8.4539146],[122.8748899,-8.4539051],[122.8750001,-8.4538893],[122.8750103,-8.4538879],[122.8751034,-8.4538745],[122.8751354,-8.45387],[122.875448,-8.4536614],[122.8758485,-8.4533944],[122.8761137,-8.4531817],[122.8761212,-8.4531757],[122.8761269,-8.4531716],[122.8764134,-8.4529602],[122.8767946,-8.4528116],[122.8771226,-8.4527658],[122.8772766,-8.4527797],[122.8774647,-8.4527967],[122.8778611,-8.4528637],[122.8778639,-8.4528641],[122.8780204,-8.4528122],[122.8780421,-8.452805],[122.878162,-8.4526789],[122.8784368,-8.4523898],[122.878764,-8.452078],[122.8791508,-8.4518222],[122.8792631,-8.4517768],[122.8803301,-8.4513449],[122.8808008,-8.4511027],[122.8810126,-8.4509937],[122.8811307,-8.4509331],[122.8814526,-8.4507681],[122.882283,-8.4502743],[122.8828938,-8.4497006],[122.8830629,-8.449581],[122.8834522,-8.4494657],[122.8834948,-8.4494502],[122.8838926,-8.4493669],[122.8838959,-8.4493666],[122.8843256,-8.4493206],[122.8851432,-8.4491124],[122.8856988,-8.4490083],[122.8857893,-8.4489913],[122.8862696,-8.4489655],[122.8866502,-8.4489278],[122.8866509,-8.4489277],[122.8876119,-8.4486049],[122.8878513,-8.4484728],[122.8879973,-8.4483445],[122.8880308,-8.4483152],[122.8884166,-8.447787],[122.8885983,-8.4476269],[122.8887671,-8.4474781],[122.889238,-8.4471354],[122.8895361,-8.44686],[122.8895489,-8.4468481],[122.889562,-8.4468304],[122.8897883,-8.4465239],[122.8898784,-8.4462862],[122.8899515,-8.4460934],[122.8901127,-8.4454105],[122.8901439,-8.4450693],[122.8901761,-8.444718],[122.8901694,-8.4441818],[122.8900537,-8.4435393],[122.8899005,-8.4428282],[122.8898755,-8.4427739],[122.8896616,-8.4423093],[122.8896221,-8.4422194],[122.8894953,-8.4419305],[122.8894647,-8.4417845],[122.8892247,-8.4406411],[122.8892077,-8.4404869],[122.8893779,-8.4398618],[122.8895626,-8.4391831],[122.8897682,-8.4386666],[122.8900051,-8.438239],[122.8902412,-8.4379514],[122.8904973,-8.4376592],[122.890695,-8.4374336],[122.8914427,-8.436032],[122.8914866,-8.4359144],[122.8915837,-8.4356543],[122.8916691,-8.435077],[122.891686,-8.4349626],[122.891691,-8.4348221],[122.8917138,-8.4341897],[122.8916839,-8.4339189],[122.8916355,-8.433481],[122.8916228,-8.4333398],[122.8916145,-8.4332481],[122.8916918,-8.4327144],[122.8917514,-8.4323763],[122.8917619,-8.4323172],[122.8917823,-8.4322607],[122.8920791,-8.4314403],[122.8923106,-8.4304348],[122.8925355,-8.4294584],[122.8927022,-8.4286334],[122.8929062,-8.4277356],[122.8929081,-8.4277241],[122.8929865,-8.4272443],[122.8929901,-8.4269953],[122.8929926,-8.4268236],[122.8929735,-8.4266035],[122.8929575,-8.42642],[122.8929482,-8.4263326],[122.8927972,-8.4250912],[122.8927888,-8.4248801],[122.893014,-8.4242688],[122.8930209,-8.4242502],[122.893026,-8.4242349],[122.8931628,-8.4238247],[122.8931926,-8.4236747],[122.8932301,-8.4234863],[122.8929988,-8.4219035],[122.8930372,-8.4216288],[122.8931904,-8.4210715],[122.8931761,-8.4203565],[122.8931469,-8.420187],[122.8931085,-8.4199633],[122.893036,-8.4197412],[122.893007,-8.4196522],[122.89283,-8.4193626],[122.8927832,-8.4192996],[122.8925533,-8.41899],[122.8924046,-8.418599],[122.8922596,-8.4182177],[122.8921218,-8.4176789],[122.8920121,-8.4172497],[122.8918199,-8.4166981],[122.8917011,-8.4164769],[122.8915666,-8.4162267],[122.8914809,-8.4160137],[122.8914626,-8.4157942],[122.8914313,-8.4154206],[122.8914123,-8.4151615],[122.8914042,-8.4150514],[122.8913973,-8.4146389],[122.8914064,-8.4142263],[122.8914101,-8.4140593],[122.8913392,-8.4134137],[122.8913094,-8.413264],[122.8912697,-8.4130646],[122.8908952,-8.4121031],[122.8905743,-8.411408],[122.8903531,-8.4107309],[122.8901932,-8.4098316],[122.8901997,-8.4096129],[122.8902036,-8.409482],[122.8904946,-8.4084312],[122.8905492,-8.4082342],[122.8905836,-8.4081129],[122.8906623,-8.4078355],[122.8907239,-8.4071126],[122.8907253,-8.4070909],[122.8907332,-8.4069639],[122.8905673,-8.4060568],[122.8905581,-8.4058717],[122.8905553,-8.4058167],[122.8905756,-8.4048112],[122.890524,-8.4042599],[122.8902189,-8.4030676],[122.8900948,-8.402823],[122.8898994,-8.4025486],[122.8898925,-8.402539],[122.8898783,-8.402518],[122.8895615,-8.4020516],[122.8893388,-8.401828],[122.8893283,-8.4018174],[122.8887047,-8.4014315],[122.8885871,-8.4013686],[122.8884268,-8.401283],[122.8882284,-8.4012347],[122.8880991,-8.4012082],[122.8877903,-8.4011451],[122.8872863,-8.4009485],[122.887131,-8.400888],[122.8870429,-8.4008467],[122.8866533,-8.4006642],[122.8861738,-8.4002345],[122.8861612,-8.4002233],[122.8861358,-8.4001904],[122.8857836,-8.3997344],[122.8856079,-8.399538],[122.8852118,-8.3992932],[122.8851227,-8.3992381],[122.8850705,-8.3992056],[122.8848673,-8.3990792],[122.8841657,-8.3985352],[122.8840331,-8.3984677],[122.883878,-8.3983887],[122.8835451,-8.39829]]]]}},
{"type":"Feature","properties":{"OBJECTID":80474.0,"NAMOBJ":"Bokang Wolomatang","KDCBPS":"530602","WADMKC":"Titehena","WADMKK":"Flores Timur","WADMPR":"Nusa Tenggara Timur","Penduduk":13577,"luas_km2":152.65},"geometry":{"type":"MultiPolygon","coordinates":[[[[122.7836594,-8.4351888],[122.7836854,-8.434767],[122.7836248,-8.4343609],[122.7837608,-8.4333845],[122.7836912,-8.4330794],[122.7836033,-8.4327724],[122.7836807,-8.4325654],[122.7838758,-8.4321732],[122.783996,-8.4317372],[122.7840121,-8.4313242],[122.7839773,-8.4308809],[122.7842594,-8.4303535],[122.7844994,-8.4300571],[122.7846636,-8.4300185],[122.7848308,-8.4300526],[122.7850304,-8.4300929],[122.7851211,-8.4300517],[122.7854411,-8.4298177],[122.7856322,-8.4295869],[122.7857831,-8.4292768],[122.7860018,-8.4288231],[122.7862238,-8.4283748],[122.7865124,-8.4278791],[122.7866479,-8.4277339],[122.7876961,-8.4269282],[122.7877435,-8.4268881],[122.7878606,-8.4267721],[122.7879539,-8.4266339],[122.7879939,-8.4263522],[122.787968,-8.4262111],[122.7878756,-8.426075],[122.7877119,-8.4259367],[122.7874152,-8.4257848],[122.7872554,-8.4257659],[122.7868813,-8.4257448],[122.7866631,-8.4257325],[122.7864125,-8.4256918],[122.7858756,-8.4255036],[122.7852468,-8.4251529],[122.7850471,-8.4249055],[122.7848839,-8.4247479],[122.7845017,-8.4244838],[122.7843448,-8.4244544],[122.7840247,-8.4244913],[122.7834501,-8.4245322],[122.7833134,-8.4244583],[122.7832093,-8.4242113],[122.7829709,-8.4236257],[122.7829702,-8.4234651],[122.7830883,-8.4229065],[122.7831595,-8.4228244],[122.7833399,-8.4227278],[122.7836654,-8.4227789],[122.7839341,-8.422803],[122.7841675,-8.4227668],[122.7844052,-8.4226974],[122.7846287,-8.4226011],[122.7847979,-8.4224368],[122.7848974,-8.4222464],[122.7850836,-8.4218069],[122.7852448,-8.4216702],[122.7853835,-8.4216273],[122.7855733,-8.4216572],[122.7868163,-8.4219812],[122.7872214,-8.4221711],[122.7880783,-8.4225979],[122.7882253,-8.4225934],[122.7889003,-8.4224991],[122.7889391,-8.4225177],[122.7890763,-8.4225474],[122.7892932,-8.4225844],[122.7898288,-8.4226996],[122.790066,-8.4227596],[122.7905261,-8.4228219],[122.7907126,-8.4227601],[122.7915437,-8.4224691],[122.7917062,-8.4225134],[122.792109,-8.4226745],[122.7924651,-8.4227397],[122.7926661,-8.4226992],[122.7929577,-8.4225598],[122.7932613,-8.4223587],[122.7935764,-8.4221813],[122.7938181,-8.422149],[122.7941096,-8.4221733],[122.794788,-8.4222317],[122.7959838,-8.422218],[122.7962165,-8.4223485],[122.7962531,-8.4222941],[122.7964168,-8.4221148],[122.7965894,-8.4220801],[122.7969356,-8.422135],[122.7972803,-8.4221421],[122.7974216,-8.4220912],[122.7975753,-8.4220545],[122.797838,-8.4220895],[122.798371,-8.4222212],[122.7985476,-8.4224223],[122.7988605,-8.4233312],[122.7990476,-8.4234444],[122.7993291,-8.4234953],[122.8000274,-8.4235814],[122.8001602,-8.4236509],[122.8003329,-8.4237925],[122.8006282,-8.4239134],[122.8008581,-8.4238557],[122.8010368,-8.4237449],[122.8011204,-8.4237253],[122.8012346,-8.4237706],[122.8012083,-8.4238592],[122.8011374,-8.423982],[122.8011503,-8.4240974],[122.8012136,-8.4242367],[122.8013409,-8.4243146],[122.8013954,-8.4243718],[122.8014762,-8.4245665],[122.8015489,-8.4246449],[122.8018228,-8.4248157],[122.8020278,-8.424846],[122.8023043,-8.4248499],[122.802486,-8.4247969],[122.8026665,-8.4247225],[122.8029147,-8.4247933],[122.803142,-8.4248427],[122.8033132,-8.4247924],[122.8033551,-8.4247063],[122.8034276,-8.424421],[122.8035343,-8.4242284],[122.8037001,-8.4241435],[122.8041333,-8.4241086],[122.8044758,-8.4238223],[122.8048201,-8.4233781],[122.8049793,-8.4233337],[122.8053016,-8.4233442],[122.8055535,-8.4233029],[122.8056733,-8.4232833],[122.8056942,-8.4232699],[122.8058951,-8.423336],[122.8065043,-8.4235363],[122.8064989,-8.423544],[122.8063216,-8.4237974],[122.8063591,-8.4239218],[122.8064756,-8.4241358],[122.8066753,-8.4243306],[122.8068732,-8.4244295],[122.8070727,-8.4244378],[122.8077357,-8.4243309],[122.8077717,-8.4243251],[122.8080021,-8.4241298],[122.8081041,-8.4240775],[122.8082135,-8.4241149],[122.8082428,-8.4241929],[122.8082226,-8.4245014],[122.8082463,-8.4246545],[122.808375,-8.4248329],[122.8085341,-8.4249407],[122.8087071,-8.4250002],[122.8088693,-8.424924],[122.8090853,-8.4248],[122.8093077,-8.4247874],[122.8093781,-8.4248236],[122.8094378,-8.4248598],[122.8095333,-8.4248358],[122.8099085,-8.4247128],[122.8101257,-8.4248121],[122.810126,-8.4248121],[122.8103198,-8.4248019],[122.8106451,-8.4248035],[122.8110373,-8.4250395],[122.8111966,-8.4251944],[122.811446,-8.4254874],[122.8114968,-8.4256063],[122.8115003,-8.4257282],[122.811411,-8.4258683],[122.811295,-8.4260985],[122.8110627,-8.4264782],[122.810756,-8.4268999],[122.8103659,-8.4274944],[122.8100116,-8.4279814],[122.8098681,-8.4284117],[122.8096954,-8.4292546],[122.8095316,-8.4294211],[122.8093888,-8.4294631],[122.8091545,-8.429475],[122.8090126,-8.4295501],[122.8088902,-8.4296705],[122.8088009,-8.4298601],[122.8087141,-8.430715],[122.8087817,-8.4309235],[122.8088653,-8.4312148],[122.8090119,-8.4318757],[122.809131,-8.4320487],[122.8093327,-8.4323049],[122.8094649,-8.4323864],[122.8099169,-8.4325729],[122.8103183,-8.4326435],[122.8112245,-8.4328102],[122.8113811,-8.4328772],[122.8115473,-8.4328703],[122.8117867,-8.4327315],[122.8123855,-8.432291],[122.812603,-8.4321251],[122.8127612,-8.4321044],[122.8128463,-8.4321482],[122.8131737,-8.4325785],[122.8132632,-8.4326979],[122.8139839,-8.4335043],[122.8141887,-8.4336174],[122.8144886,-8.4336843],[122.8152183,-8.433702],[122.8159064,-8.4335953],[122.8162176,-8.433384],[122.8163584,-8.4333197],[122.8165062,-8.4332208],[122.816676,-8.4330183],[122.8169287,-8.4325287],[122.8170564,-8.4322604],[122.8171242,-8.4320212],[122.8170835,-8.4316338],[122.8170073,-8.4314604],[122.8164028,-8.4296485],[122.8162348,-8.4292807],[122.8163205,-8.4291701],[122.816443,-8.42912],[122.8172136,-8.4289656],[122.817559,-8.4287841],[122.8178897,-8.42855],[122.8178904,-8.4285504],[122.8179161,-8.4285683],[122.8179568,-8.4285965],[122.8181865,-8.428306],[122.8187694,-8.428187],[122.8194,-8.4281989],[122.8199413,-8.4283357],[122.8200868,-8.4285627],[122.82009,-8.4285677],[122.8203161,-8.4289782],[122.8203708,-8.4294061],[122.8203827,-8.4294072],[122.8206528,-8.429384],[122.8209016,-8.4293735],[122.8211741,-8.429362],[122.821386,-8.4293594],[122.8220412,-8.4293698],[122.8221652,-8.4294853],[122.8225759,-8.4297033],[122.8227355,-8.4297067],[122.8231862,-8.4296672],[122.823333,-8.4296208],[122.8234807,-8.4296598],[122.8236632,-8.4297721],[122.8237763,-8.4298757],[122.8239156,-8.430017],[122.8241801,-8.4300939],[122.8243026,-8.430046],[122.8243851,-8.4300138],[122.824621,-8.4297846],[122.8249201,-8.4293528],[122.8249447,-8.4293173],[122.824945,-8.4293168],[122.825129,-8.4291357],[122.8251345,-8.4291303],[122.8252191,-8.4291093],[122.8252718,-8.4290963],[122.8252733,-8.4290959],[122.8253817,-8.4291491],[122.8253883,-8.4291844],[122.8253918,-8.4292036],[122.8253713,-8.4292668],[122.8253359,-8.4293759],[122.8253621,-8.4294463],[122.8253765,-8.4294849],[122.8259868,-8.4301004],[122.8261493,-8.4301967],[122.8263661,-8.430325],[122.8268698,-8.4305872],[122.8269762,-8.4307339],[122.8270201,-8.4309259],[122.8270402,-8.4310143],[122.8270524,-8.4312247],[122.8270747,-8.4316107],[122.8271547,-8.4318066],[122.8272371,-8.4320086],[122.8273465,-8.4321045],[122.8273629,-8.4321188],[122.8273826,-8.4321306],[122.8277482,-8.4323496],[122.8279919,-8.4323739],[122.8279927,-8.4323737],[122.8282541,-8.432308],[122.8282753,-8.4322891],[122.8283725,-8.4322024],[122.8284562,-8.4320648],[122.8286242,-8.4318049],[122.8287786,-8.4315658],[122.828916,-8.4314934],[122.8289178,-8.4314941],[122.8290149,-8.4315312],[122.8290352,-8.4315745],[122.829059,-8.4316253],[122.8291296,-8.4318544],[122.8291464,-8.4319092],[122.8292278,-8.4320965],[122.8295533,-8.4324969],[122.8296753,-8.4326471],[122.8298505,-8.4327394],[122.8300313,-8.4328346],[122.8300352,-8.4328498],[122.8300434,-8.4328815],[122.830044,-8.4328837],[122.8301226,-8.4330719],[122.8302105,-8.4332824],[122.8304474,-8.433652],[122.8307596,-8.4338892],[122.83079,-8.4338119],[122.8309624,-8.4332063],[122.8310005,-8.4331172],[122.8310083,-8.4330789],[122.831068,-8.4327858],[122.8311014,-8.4326109],[122.8311976,-8.4323902],[122.831445,-8.4321335],[122.8315765,-8.4320396],[122.8320156,-8.4315992],[122.832162,-8.431503],[122.8324145,-8.4314182],[122.8325631,-8.4313318],[122.8326429,-8.4313207],[122.8327911,-8.4313633],[122.8329406,-8.4313501],[122.8329711,-8.4313091],[122.8331516,-8.4310664],[122.8334454,-8.4305648],[122.8335109,-8.4304779],[122.833639,-8.4303666],[122.8339021,-8.42995],[122.8340114,-8.4298082],[122.8341798,-8.429655],[122.8342035,-8.4296254],[122.8343726,-8.429366],[122.8344579,-8.4291005],[122.8344972,-8.4289763],[122.8348298,-8.4284442],[122.8349153,-8.428325],[122.8349533,-8.4282388],[122.8351143,-8.4279939],[122.8352274,-8.4278217],[122.8353455,-8.4276061],[122.8354628,-8.4274376],[122.8356066,-8.4272023],[122.8356656,-8.4270582],[122.8358198,-8.4268294],[122.8358979,-8.4266902],[122.8361571,-8.426132],[122.8363896,-8.4257211],[122.8366997,-8.425246],[122.8370356,-8.4247837],[122.8373974,-8.4242572],[122.8377074,-8.423872],[122.8378753,-8.4237052],[122.8380562,-8.4235254],[122.8383532,-8.4232558],[122.8386761,-8.422999],[122.8390072,-8.4227588],[122.840026,-8.4223432],[122.840017,-8.4222851],[122.8401337,-8.422188],[122.8403163,-8.4220154],[122.8405178,-8.4218098],[122.8406707,-8.4216199],[122.8407988,-8.4214048],[122.8409234,-8.4211892],[122.8411625,-8.4208656],[122.8412762,-8.4207177],[122.8413314,-8.4206013],[122.8413672,-8.4203196],[122.8413292,-8.419491],[122.8413223,-8.4191088],[122.8412937,-8.4188888],[122.8412664,-8.4187736],[122.8409022,-8.4184166],[122.8405738,-8.4180572],[122.8404029,-8.4178182],[122.8402607,-8.4173682],[122.840254,-8.4170735],[122.8398482,-8.4168753],[122.8396685,-8.4166567],[122.8395258,-8.4159352],[122.8394944,-8.4157571],[122.8393059,-8.4153752],[122.8392346,-8.415239],[122.8390692,-8.4146285],[122.8390238,-8.4144768],[122.8388431,-8.4142789],[122.8385147,-8.4138615],[122.8383738,-8.4135321],[122.8382543,-8.4127599],[122.8382264,-8.4125388],[122.8382175,-8.4125206],[122.8380878,-8.4122557],[122.8378128,-8.4119643],[122.8376257,-8.4114533],[122.8375402,-8.4112444],[122.8372655,-8.4108818],[122.8371778,-8.4107695],[122.8371432,-8.4101643],[122.837178,-8.4099504],[122.837366,-8.4097363],[122.8380208,-8.409067],[122.838177,-8.4088208],[122.8382726,-8.4085002],[122.8392257,-8.4074836],[122.8392563,-8.4074453],[122.839166,-8.4074207],[122.839007,-8.4069054],[122.8387324,-8.4059573],[122.8385845,-8.4056227],[122.8385422,-8.4055769],[122.8383431,-8.4053613],[122.8379769,-8.4049682],[122.837905,-8.4045258],[122.8378887,-8.4041761],[122.8378391,-8.4040102],[122.8377785,-8.4038832],[122.83773,-8.4037547],[122.8377411,-8.4037484],[122.8379145,-8.4036489],[122.8381476,-8.403627],[122.8383862,-8.4036332],[122.8386228,-8.4037239],[122.8391027,-8.4039077],[122.8392584,-8.4039991],[122.8396365,-8.4041971],[122.8400357,-8.4042296],[122.8411069,-8.4041211],[122.8414976,-8.4041234],[122.8420631,-8.4039846],[122.8426058,-8.4037804],[122.8427877,-8.4036565],[122.84286,-8.4034198],[122.842617,-8.4026867],[122.842614,-8.4024555],[122.8425712,-8.4023478],[122.8423329,-8.4020738],[122.8422308,-8.4019565],[122.8422635,-8.4018951],[122.8421345,-8.4018539],[122.8414331,-8.4017711],[122.8411243,-8.4017219],[122.8409673,-8.401642],[122.8407138,-8.401437],[122.8405691,-8.4011962],[122.8405485,-8.4011556],[122.8398914,-8.4007573],[122.839641,-8.4006223],[122.8391234,-8.4003094],[122.8389215,-8.400197],[122.8385881,-8.4000114],[122.8381964,-8.3995841],[122.8376336,-8.3987487],[122.8373691,-8.3980956],[122.8372742,-8.3978076],[122.8372556,-8.3977715],[122.83633,-8.3957546],[122.8362791,-8.3956101],[122.836231,-8.3954257],[122.8361008,-8.3951255],[122.8360569,-8.3949995],[122.8357131,-8.3946337],[122.8355964,-8.3944766],[122.8355595,-8.3941776],[122.8355764,-8.3938446],[122.8355824,-8.3937685],[122.8356137,-8.3931438],[122.8355954,-8.3929504],[122.8355255,-8.3924255],[122.8355211,-8.3922866],[122.8355323,-8.3919677],[122.8355886,-8.3915144],[122.8355996,-8.3913745],[122.8355013,-8.391007],[122.8354314,-8.3907274],[122.8353942,-8.3906049],[122.8353787,-8.3905586],[122.83536,-8.3902927],[122.835351,-8.3901782],[122.8353235,-8.3901164],[122.8353068,-8.3897926],[122.8353146,-8.3895917],[122.8352534,-8.3892023],[122.8351931,-8.3887894],[122.8351204,-8.3882084],[122.8351573,-8.3872279],[122.8352674,-8.3856665],[122.8353172,-8.3848557],[122.8353409,-8.3844682],[122.835341,-8.3842094],[122.8353414,-8.3834151],[122.8352985,-8.3826454],[122.8352674,-8.3820672],[122.8352099,-8.3817006],[122.835189,-8.3815673],[122.8351339,-8.3812648],[122.8351159,-8.3812178],[122.8350638,-8.3806141],[122.8350169,-8.3802391],[122.83497,-8.3797391],[122.8349545,-8.3792079],[122.8349469,-8.3790884],[122.8349233,-8.3785985],[122.8348923,-8.3776298],[122.8349889,-8.3769863],[122.8350454,-8.3766105],[122.83514,-8.3760464],[122.8351403,-8.3755135],[122.8351034,-8.3750286],[122.8351012,-8.3750001],[122.8348964,-8.374626],[122.8347061,-8.3739589],[122.8345448,-8.3731081],[122.8343981,-8.3717549],[122.8343696,-8.3714915],[122.8342174,-8.3699924],[122.8342271,-8.3694999],[122.834252,-8.3682411],[122.8342693,-8.3679264],[122.8342875,-8.367576],[122.8343354,-8.3666516],[122.8342322,-8.3663054],[122.8339933,-8.3659798],[122.8335372,-8.3654771],[122.8329675,-8.3646223],[122.8329123,-8.3642248],[122.8329632,-8.3638786],[122.8332447,-8.3634385],[122.833653,-8.3628673],[122.8341023,-8.3621846],[122.8344703,-8.3612577],[122.8347536,-8.3605696],[122.8350915,-8.3594635],[122.8354695,-8.3578845],[122.8355568,-8.3571334],[122.8355841,-8.3566917],[122.8353969,-8.3564511],[122.8352877,-8.3563565],[122.8348254,-8.3559594],[122.834524,-8.3557961],[122.833781,-8.3555339],[122.8334474,-8.3555932],[122.8332147,-8.3555389],[122.8331287,-8.3554347],[122.8330573,-8.3552644],[122.8329696,-8.3551085],[122.8328524,-8.3550253],[122.8327107,-8.3549547],[122.8325217,-8.3548604],[122.8324876,-8.3546845],[122.8324251,-8.3545927],[122.8323784,-8.3544975],[122.8323863,-8.3539553],[122.8322791,-8.3538121],[122.8321209,-8.3537492],[122.8318759,-8.3537536],[122.8313565,-8.3537948],[122.8313065,-8.3537397],[122.8312182,-8.3535838],[122.8312057,-8.3533893],[122.8311333,-8.3530916],[122.8309061,-8.3527263],[122.8307089,-8.3526697],[122.8302577,-8.3524347],[122.8301154,-8.35238],[122.8299515,-8.3523655],[122.8296306,-8.3523722],[122.8294569,-8.3522967],[122.8293136,-8.3521394],[122.8292963,-8.3520293],[122.8292567,-8.3518543],[122.8290958,-8.3516701],[122.8289527,-8.3514316],[122.8288439,-8.3512715],[122.8286888,-8.3511372],[122.8285834,-8.3510458],[122.8284219,-8.3509845],[122.8281953,-8.3508933],[122.8277852,-8.3505747],[122.8275332,-8.3503363],[122.8274419,-8.3501389],[122.8274222,-8.3498814],[122.8273818,-8.3496612],[122.8272566,-8.3492119],[122.8271401,-8.3490159],[122.8269903,-8.3488922],[122.826782,-8.3488305],[122.8264181,-8.3488219],[122.8262603,-8.3487074],[122.8259968,-8.3484385],[122.8258578,-8.3483543],[122.8257023,-8.3483491],[122.8254055,-8.348311],[122.8251695,-8.348225],[122.8250791,-8.3480914],[122.8250663,-8.347972],[122.8250286,-8.3477374],[122.8249192,-8.3475964],[122.8247426,-8.3473406],[122.8247168,-8.3471591],[122.8247394,-8.3470757],[122.8247185,-8.3469735],[122.8247268,-8.3468457],[122.8247659,-8.346627],[122.8248452,-8.3463486],[122.8248631,-8.3462721],[122.8251029,-8.3459111],[122.8252503,-8.3457534],[122.8253332,-8.3455844],[122.8254099,-8.3452598],[122.8254379,-8.3450784],[122.8254627,-8.3446894],[122.8254029,-8.3444533],[122.8253635,-8.3443849],[122.8251846,-8.3439485],[122.8250865,-8.3436163],[122.8250265,-8.3432771],[122.8248912,-8.3430004],[122.8246983,-8.3428496],[122.824394,-8.3427993],[122.8241819,-8.342758],[122.8239628,-8.3427128],[122.8233157,-8.3425496],[122.8230933,-8.3424392],[122.8228196,-8.3422577],[122.8226707,-8.3421258],[122.8223195,-8.3417494],[122.8222759,-8.3416766],[122.822093,-8.3414217],[122.8216507,-8.3409406],[122.8216175,-8.340914],[122.8212339,-8.3407082],[122.8208895,-8.3405777],[122.8207388,-8.3404892],[122.8205254,-8.3403115],[122.8204808,-8.3402373],[122.8203973,-8.339977],[122.8203937,-8.3397866],[122.8204587,-8.3393529],[122.8205299,-8.3387331],[122.8205986,-8.3384766],[122.820634,-8.3383092],[122.8206303,-8.3380401],[122.8204176,-8.337629],[122.8202507,-8.3373825],[122.8200459,-8.337081],[122.8198291,-8.3367459],[122.8197585,-8.3365415],[122.8196499,-8.3363222],[122.8193489,-8.3358951],[122.8193125,-8.3358568],[122.8192049,-8.3357704],[122.8190818,-8.3356806],[122.8189746,-8.3356004],[122.818857,-8.3354749],[122.8186355,-8.3351738],[122.8186123,-8.3351257],[122.8185068,-8.3348525],[122.818468,-8.3343905],[122.8185247,-8.334211],[122.8186258,-8.333948],[122.8186697,-8.3337097],[122.8186355,-8.3334956],[122.8185694,-8.3329829],[122.8186271,-8.3327139],[122.8187355,-8.3326279],[122.8189014,-8.3324965],[122.8189792,-8.3324661],[122.8191775,-8.3323152],[122.8199284,-8.3316304],[122.8203651,-8.331201],[122.8208389,-8.3306046],[122.8207924,-8.3305905],[122.8206744,-8.3303366],[122.8205451,-8.3300855],[122.8203977,-8.3297391],[122.8202184,-8.3289919],[122.820075,-8.3286783],[122.8199525,-8.328514],[122.8196661,-8.3283462],[122.8193498,-8.3283085],[122.8191416,-8.3282924],[122.8187847,-8.3283076],[122.8186259,-8.3282859],[122.8185206,-8.328194],[122.8183069,-8.3278164],[122.8182292,-8.327529],[122.8181721,-8.3272267],[122.8181151,-8.3268885],[122.8181134,-8.3268405],[122.8181208,-8.3259743],[122.8181536,-8.3256044],[122.8181915,-8.3251077],[122.8181173,-8.3246954],[122.8177715,-8.3240425],[122.8175833,-8.3237218],[122.8174069,-8.3235413],[122.8171055,-8.3233354],[122.8170011,-8.3232867],[122.8166239,-8.323113],[122.8165945,-8.3230136],[122.8166171,-8.3226671],[122.8169128,-8.321394],[122.8171117,-8.3211326],[122.8172746,-8.3209441],[122.8173517,-8.3208549],[122.8176164,-8.3204796],[122.8176881,-8.3202498],[122.8176963,-8.319712],[122.8175178,-8.3193443],[122.8173476,-8.319165],[122.8171616,-8.3190814],[122.817063,-8.3190361],[122.8169643,-8.3190169],[122.8167962,-8.3189574],[122.8165841,-8.3187465],[122.8163434,-8.3185277],[122.8161543,-8.3184402],[122.815829,-8.31829],[122.8153128,-8.3179174],[122.8151532,-8.3177713],[122.814998,-8.317613],[122.8146644,-8.3174232],[122.814487,-8.3173119],[122.8143276,-8.3170651],[122.8142714,-8.3169886],[122.8142112,-8.3168523],[122.8142207,-8.3167203],[122.8142077,-8.3163145],[122.8140928,-8.3159492],[122.8138593,-8.3156641],[122.8132767,-8.3152491],[122.813137,-8.3150787],[122.8129955,-8.3149079],[122.8127583,-8.314702],[122.8122583,-8.3145766],[122.8119118,-8.3145583],[122.8117369,-8.3144911],[122.8115972,-8.3143639],[122.8111629,-8.3138791],[122.8105278,-8.3132172],[122.8103449,-8.3131143],[122.8102515,-8.3131128],[122.8096932,-8.3131784],[122.8094736,-8.3131696],[122.809277,-8.3131069],[122.8090984,-8.3130158],[122.8089049,-8.3128222],[122.8088475,-8.312669],[122.8088307,-8.3125292],[122.8088697,-8.3122674],[122.8088804,-8.3120563],[122.8088401,-8.3118609],[122.8087055,-8.3116645],[122.8085069,-8.3115362],[122.8083269,-8.3116053],[122.8082129,-8.3116747],[122.8081786,-8.3117019],[122.8079949,-8.3119104],[122.807582,-8.3123636],[122.8073079,-8.3125652],[122.8070576,-8.3126579],[122.8067872,-8.3126917],[122.8066359,-8.3126712],[122.8065236,-8.3125709],[122.8060256,-8.3118615],[122.805828,-8.3116143],[122.8055176,-8.3112787],[122.8054064,-8.3107256],[122.8052125,-8.3103005],[122.8051254,-8.309939],[122.8050416,-8.3096346],[122.8049325,-8.3093078],[122.8047674,-8.3090961],[122.8043549,-8.3086114],[122.8041066,-8.3082255],[122.8039485,-8.307776],[122.8038817,-8.3076304],[122.8037649,-8.3075446],[122.8036833,-8.3074847],[122.8034357,-8.3072515],[122.8032857,-8.3070553],[122.8031523,-8.3069222],[122.8028453,-8.3066711],[122.8026775,-8.306537],[122.8025597,-8.3063778],[122.8023175,-8.3065849],[122.8018768,-8.3070408],[122.8014746,-8.3076228],[122.8011952,-8.3082323],[122.8009201,-8.3087836],[122.8007393,-8.3090171],[122.8002302,-8.3096415],[122.8000474,-8.3099035],[122.7997389,-8.3104507],[122.7993854,-8.3109273],[122.7990063,-8.3112812],[122.7986926,-8.3115461],[122.7981738,-8.3118484],[122.7979429,-8.312031],[122.797759,-8.3122134],[122.7971711,-8.3125236],[122.7963421,-8.3128422],[122.7958419,-8.3129401],[122.7954771,-8.3129544],[122.7950974,-8.3129717],[122.7946466,-8.3129898],[122.794321,-8.3129617],[122.7937064,-8.3129311],[122.7933999,-8.3129606],[122.7929579,-8.3131027],[122.7923743,-8.3137923],[122.7918383,-8.3143179],[122.7901786,-8.3155478],[122.7900276,-8.3156508],[122.78965,-8.3158967],[122.7889887,-8.3165939],[122.7888246,-8.3168841],[122.7887088,-8.3171564],[122.7885115,-8.3179665],[122.7884293,-8.3183173],[122.7883137,-8.3186133],[122.788126,-8.3189466],[122.7880147,-8.319096],[122.7879056,-8.3192423],[122.7877415,-8.3194625],[122.787543,-8.3196376],[122.7867466,-8.320341],[122.7862323,-8.3207953],[122.7857758,-8.3213656],[122.7857141,-8.3215341],[122.7856741,-8.3216436],[122.7856799,-8.3218094],[122.7857134,-8.3219798],[122.7857298,-8.3220636],[122.785753,-8.3223127],[122.7857463,-8.3224142],[122.7857327,-8.3226212],[122.7856956,-8.3227198],[122.7856558,-8.3228252],[122.7853867,-8.3233129],[122.7853309,-8.3234141],[122.7849422,-8.3241132],[122.7849047,-8.3241865],[122.784351,-8.3252666],[122.7840127,-8.3260852],[122.7838811,-8.3264039],[122.7835458,-8.3272153],[122.7834851,-8.3273621],[122.7830584,-8.3282228],[122.7830583,-8.3282229],[122.7830565,-8.3282258],[122.782917,-8.3284549],[122.782528,-8.3292636],[122.7823236,-8.3296885],[122.7821719,-8.3302404],[122.7821135,-8.3304468],[122.78194,-8.331059],[122.781866,-8.3313804],[122.781812,-8.3316145],[122.7815205,-8.3324026],[122.7815021,-8.3324523],[122.7815018,-8.3324526],[122.7814972,-8.3324575],[122.7813895,-8.3325718],[122.781335,-8.3326337],[122.7812625,-8.3327161],[122.7811464,-8.3328123],[122.7810314,-8.3329076],[122.7807293,-8.3331178],[122.7803539,-8.3333789],[122.7801709,-8.3336676],[122.7801215,-8.3337455],[122.779986,-8.3340549],[122.7798262,-8.334227],[122.7796609,-8.3344074],[122.7795776,-8.3344983],[122.7794011,-8.3348094],[122.7793696,-8.334865],[122.7792354,-8.3350568],[122.7789978,-8.3353426],[122.7787734,-8.3356106],[122.7778916,-8.3365965],[122.7777738,-8.3367965],[122.7777193,-8.3370186],[122.7775079,-8.3378116],[122.7768933,-8.3391767],[122.7767928,-8.3394073],[122.7765934,-8.3397439],[122.7764466,-8.3399526],[122.7754985,-8.3413518],[122.775313,-8.3416949],[122.7751772,-8.3418711],[122.7750204,-8.3420254],[122.7747855,-8.3420877],[122.7744176,-8.3421947],[122.7742878,-8.3423338],[122.7742229,-8.3424674],[122.7741531,-8.3427813],[122.7741224,-8.3430805],[122.7741545,-8.3434138],[122.7742025,-8.3438245],[122.7742371,-8.3440498],[122.7744415,-8.3447633],[122.7744341,-8.3449795],[122.7743357,-8.3452543],[122.7741151,-8.3456816],[122.7739454,-8.3459777],[122.7737191,-8.3464401],[122.7736329,-8.3467213],[122.7735562,-8.3471848],[122.7735652,-8.3475947],[122.7735614,-8.3479656],[122.7735066,-8.3482801],[122.7733004,-8.3488967],[122.7730973,-8.3493768],[122.7729088,-8.3498904],[122.7725988,-8.3504735],[122.7723931,-8.3507093],[122.7721636,-8.3511701],[122.7718776,-8.3519386],[122.7716236,-8.3524867],[122.7713709,-8.3527606],[122.7706441,-8.3532819],[122.770278,-8.3533875],[122.7696222,-8.3535803],[122.7695237,-8.3536833],[122.7694347,-8.3538498],[122.7693368,-8.3541663],[122.7693522,-8.3544596],[122.7693614,-8.354723],[122.7692598,-8.3554471],[122.7693478,-8.3559301],[122.7692898,-8.3563195],[122.7692326,-8.3564016],[122.7690476,-8.3565964],[122.7680533,-8.3577555],[122.7678354,-8.3581921],[122.7677504,-8.3584767],[122.7677119,-8.3588643],[122.7677474,-8.3590192],[122.7679083,-8.3593745],[122.7679789,-8.3597732],[122.7679559,-8.3602334],[122.7677864,-8.3611001],[122.7675386,-8.3614733],[122.7672965,-8.3618235],[122.7671498,-8.3620143],[122.7669361,-8.3622359],[122.766159,-8.3629435],[122.7659118,-8.3631772],[122.7656707,-8.3633321],[122.7653859,-8.3633635],[122.7650853,-8.363359],[122.7646669,-8.3633702],[122.764384,-8.3634581],[122.7638658,-8.3635969],[122.7634807,-8.363657],[122.7632596,-8.3636364],[122.7620606,-8.3632182],[122.7618529,-8.3632406],[122.7615117,-8.3634169],[122.7611103,-8.363376],[122.76091,-8.3634271],[122.7608553,-8.3634553],[122.7604136,-8.3636777],[122.7602052,-8.3636693],[122.7600744,-8.3636175],[122.7595164,-8.363692],[122.7592862,-8.3636869],[122.7589967,-8.3636805],[122.7587049,-8.3636724],[122.7581731,-8.3635332],[122.7579196,-8.3631334],[122.7577162,-8.3627694],[122.7573878,-8.3625838],[122.7568674,-8.3623838],[122.7564869,-8.3623045],[122.7561419,-8.3622327],[122.7559211,-8.3621552],[122.7558572,-8.3621434],[122.7555548,-8.3621747],[122.7543162,-8.3620668],[122.7539458,-8.3619874],[122.753921,-8.3619589],[122.7537677,-8.3617825],[122.7537794,-8.3617429],[122.7535768,-8.3616533],[122.7534281,-8.3615254],[122.7524049,-8.3612249],[122.751783,-8.3611303],[122.751584,-8.3611],[122.7514817,-8.3609698],[122.751355,-8.3608085],[122.7510516,-8.3606479],[122.7501355,-8.3603386],[122.7499065,-8.360172],[122.749873,-8.3599974],[122.7498232,-8.3597378],[122.7496477,-8.3595534],[122.7495136,-8.35944],[122.7493614,-8.3594066],[122.7489589,-8.3592329],[122.7488625,-8.3591213],[122.7485919,-8.3587122],[122.7484186,-8.3586453],[122.7475106,-8.3584868],[122.7469898,-8.3583959],[122.7467955,-8.3583941],[122.7464741,-8.3584582],[122.745909,-8.3585356],[122.7450349,-8.3588218],[122.7448917,-8.3588687],[122.7431666,-8.3595647],[122.7427621,-8.3595409],[122.7417984,-8.3598562],[122.7406742,-8.3592613],[122.7402815,-8.3590352],[122.7395201,-8.358827],[122.7387468,-8.3589758],[122.7385911,-8.3587086],[122.7383692,-8.3583276],[122.7383258,-8.3583493],[122.7380844,-8.3582778],[122.7376982,-8.3581284],[122.7372696,-8.3580652],[122.7364291,-8.3578824],[122.7362424,-8.3578567],[122.7356093,-8.3578191],[122.7347447,-8.3579787],[122.7337656,-8.3581968],[122.7334275,-8.3582201],[122.7332378,-8.3581983],[122.73308,-8.3582842],[122.7329334,-8.3584389],[122.7327716,-8.3585482],[122.7321695,-8.3588743],[122.7320335,-8.3589728],[122.7318906,-8.3590934],[122.7317171,-8.3591673],[122.731522,-8.3592002],[122.7313249,-8.3592391],[122.7305846,-8.3596245],[122.7302863,-8.3597802],[122.7298154,-8.3599741],[122.7295293,-8.3600868],[122.7276821,-8.3606017],[122.7273931,-8.3605671],[122.7270334,-8.36051],[122.7263423,-8.3605085],[122.725786,-8.360377],[122.7256609,-8.3603147],[122.7251045,-8.3603097],[122.7239077,-8.3603484],[122.7236993,-8.3604839],[122.7236083,-8.3606043],[122.7236449,-8.3607726],[122.7238022,-8.3609194],[122.723861,-8.3610355],[122.7238515,-8.3611392],[122.7237784,-8.3611995],[122.7236015,-8.361319],[122.7233959,-8.3615061],[122.7232934,-8.3616598],[122.7231664,-8.3618423],[122.7225976,-8.3624198],[122.7223922,-8.3625735],[122.7222597,-8.3626454],[122.7219242,-8.3628274],[122.7208207,-8.3633815],[122.7206551,-8.3635488],[122.7203508,-8.3638513],[122.7203278,-8.3638643],[122.7200338,-8.3639735],[122.7198845,-8.364067],[122.7186486,-8.3651428],[122.7181631,-8.3655091],[122.7177619,-8.3657871],[122.717469,-8.3658707],[122.7171485,-8.3659285],[122.7170826,-8.3659404],[122.7170448,-8.3659473],[122.7169176,-8.3660634],[122.7142909,-8.3678105],[122.7140381,-8.3679786],[122.7137862,-8.3681461],[122.7130914,-8.3686082],[122.7126953,-8.3686118],[122.7118608,-8.3690794],[122.7116752,-8.3691721],[122.711542,-8.3692244],[122.7114725,-8.3692914],[122.7113202,-8.3693607],[122.711319,-8.3693609],[122.7110709,-8.3694053],[122.7110706,-8.3694052],[122.7110555,-8.3693988],[122.711054,-8.3694],[122.7108364,-8.369579],[122.7104759,-8.3698253],[122.7101656,-8.37003],[122.7099834,-8.3701501],[122.7090911,-8.3706926],[122.708172,-8.3713722],[122.7080774,-8.3714422],[122.707253,-8.371974],[122.7069847,-8.3722527],[122.7069696,-8.3722684],[122.7069621,-8.3722922],[122.7069543,-8.3723166],[122.7067396,-8.3726949],[122.7066872,-8.3727873],[122.7065767,-8.3729571],[122.7062478,-8.3734631],[122.7060229,-8.373803],[122.7058853,-8.3740108],[122.7055726,-8.3742145],[122.7054917,-8.3742318],[122.7052536,-8.374283],[122.7051208,-8.3743115],[122.7042828,-8.3744914],[122.7036111,-8.3746728],[122.7034753,-8.3747094],[122.7033558,-8.3746972],[122.7032555,-8.3746869],[122.702929,-8.3746415],[122.7024959,-8.3745813],[122.7021876,-8.3745309],[122.7017014,-8.3744513],[122.7016991,-8.3744518],[122.7014331,-8.3745105],[122.7006412,-8.3748679],[122.7004653,-8.3750003],[122.7004278,-8.3750286],[122.7003731,-8.3750698],[122.7002808,-8.3751034],[122.7001997,-8.3751329],[122.6999298,-8.3752064],[122.6998743,-8.3752215],[122.6993632,-8.3753589],[122.6993627,-8.375359],[122.6991496,-8.375494],[122.6990685,-8.375551],[122.6986188,-8.375867],[122.6981238,-8.3761555],[122.6979298,-8.3762673],[122.6976354,-8.3764552],[122.6972266,-8.376716],[122.6969894,-8.3769291],[122.6967278,-8.3770991],[122.6963505,-8.3773438],[122.696251,-8.3773785],[122.6961328,-8.3774198],[122.6957737,-8.3775024],[122.6956055,-8.3775411],[122.6956038,-8.3775412],[122.6952158,-8.3775792],[122.6952143,-8.3775796],[122.6948878,-8.3776597],[122.6943167,-8.377743],[122.6941755,-8.3777328],[122.6941709,-8.3777325],[122.6934899,-8.3776835],[122.6929247,-8.3775229],[122.6927463,-8.3773385],[122.6926035,-8.3773563],[122.6920919,-8.377743],[122.6915387,-8.3779928],[122.690807,-8.3781534],[122.6903133,-8.3780523],[122.6899326,-8.3783557],[122.6892485,-8.3783616],[122.6886513,-8.3780603],[122.6886496,-8.3780594],[122.6885495,-8.3781788],[122.6885441,-8.3781852],[122.6885067,-8.3782673],[122.6884831,-8.378319],[122.6882147,-8.379089],[122.688161,-8.3794309],[122.6881016,-8.3795902],[122.688037,-8.3797632],[122.6879059,-8.3802136],[122.6878367,-8.3804078],[122.687742,-8.3806738],[122.6874541,-8.3813221],[122.687454,-8.3813223],[122.6874399,-8.3813385],[122.6872464,-8.3815596],[122.6870238,-8.3816873],[122.6867818,-8.3818781],[122.6866133,-8.3820108],[122.6865948,-8.3820254],[122.6859807,-8.3825624],[122.6857361,-8.3827763],[122.6855687,-8.3829227],[122.6855678,-8.3829229],[122.6851768,-8.3830722],[122.6849484,-8.3831864],[122.6847628,-8.3832935],[122.6843131,-8.3835505],[122.6839989,-8.3836761],[122.6837063,-8.3837932],[122.6832423,-8.3839217],[122.682707,-8.3840287],[122.6826561,-8.3840435],[122.6826543,-8.384044],[122.6826838,-8.3840963],[122.6828026,-8.3843068],[122.6828238,-8.3843444],[122.6828559,-8.3844007],[122.6828559,-8.3844008],[122.682982,-8.3846217],[122.683124,-8.385073],[122.6831283,-8.3850867],[122.6831298,-8.3850918],[122.6832696,-8.3855687],[122.6833484,-8.3858022],[122.6834136,-8.3859954],[122.683455,-8.3860807],[122.6834846,-8.3861417],[122.6834801,-8.3865162],[122.6834796,-8.3865624],[122.6833268,-8.3875736],[122.6833225,-8.3876073],[122.6832717,-8.3880022],[122.6832322,-8.388396],[122.6832183,-8.3886042],[122.6832008,-8.3888672],[122.6832663,-8.3891972],[122.6833276,-8.3895663],[122.6833272,-8.3898229],[122.683284,-8.3901212],[122.683284,-8.3901214],[122.6832809,-8.3901428],[122.683272,-8.3901746],[122.6831954,-8.3905132],[122.6831722,-8.3906239],[122.6831314,-8.3908184],[122.6830944,-8.3909458],[122.683065,-8.3910473],[122.6828975,-8.3915629],[122.6828763,-8.3916121],[122.6828484,-8.391677],[122.6827753,-8.39194],[122.6827223,-8.3921308],[122.6826862,-8.3922987],[122.6826862,-8.3922987],[122.6826204,-8.3926046],[122.6825673,-8.3927776],[122.6825108,-8.3929168],[122.6825087,-8.3929438],[122.6824918,-8.3931622],[122.6824781,-8.3934144],[122.6824322,-8.3937583],[122.6824241,-8.3938083],[122.6824181,-8.3940762],[122.6824216,-8.3942378],[122.6824216,-8.3942378],[122.6824216,-8.3942379],[122.6824277,-8.3945209],[122.6824287,-8.3945694],[122.6824312,-8.3946849],[122.6824246,-8.3948578],[122.6824296,-8.3950221],[122.6824367,-8.3952539],[122.6824284,-8.3954428],[122.6824255,-8.3955062],[122.6824164,-8.3955569],[122.6824116,-8.3955831],[122.6824226,-8.3956736],[122.6824483,-8.3958847],[122.6824532,-8.3959527],[122.6824745,-8.3960568],[122.6824902,-8.3961334],[122.6825107,-8.3963131],[122.6826206,-8.3965697],[122.6827635,-8.3969036],[122.6827849,-8.3969799],[122.6828351,-8.3971591],[122.6830213,-8.3974917],[122.6831177,-8.3976942],[122.6832241,-8.3978975],[122.6833528,-8.3981433],[122.6833834,-8.3982102],[122.683408,-8.3982641],[122.6835162,-8.3984113],[122.6835619,-8.398479],[122.6837654,-8.3987805],[122.6839221,-8.3990451],[122.6839503,-8.3990985],[122.6839979,-8.3991884],[122.6840027,-8.3992253],[122.684014,-8.3993118],[122.6840189,-8.399354],[122.6840276,-8.3994274],[122.6840356,-8.3994496],[122.6840627,-8.3995238],[122.6840842,-8.399631],[122.6840826,-8.3997289],[122.6840853,-8.3997378],[122.6841126,-8.3998253],[122.6841128,-8.3998261],[122.6841126,-8.3998268],[122.684055,-8.3999884],[122.6840277,-8.4000652],[122.6839884,-8.4001239],[122.6839565,-8.4001714],[122.6839452,-8.4001939],[122.6839328,-8.4002184],[122.6839002,-8.4002952],[122.6838532,-8.4003357],[122.6838099,-8.4004491],[122.6836948,-8.4005508],[122.6836948,-8.4005508],[122.6836854,-8.4005591],[122.6835698,-8.4006316],[122.6834614,-8.4007306],[122.6832155,-8.4009552],[122.6830158,-8.401286],[122.6830157,-8.401286],[122.6829826,-8.4013409],[122.6829462,-8.4017383],[122.6829102,-8.4021321],[122.682878,-8.4024835],[122.6829114,-8.4028906],[122.682946,-8.4033139],[122.6829677,-8.403579],[122.6829771,-8.4042718],[122.6829824,-8.4046555],[122.6828656,-8.4057751],[122.682782,-8.4060434],[122.6825304,-8.4068504],[122.6823132,-8.4072401],[122.6821844,-8.4074713],[122.6819097,-8.4077805],[122.6814627,-8.4082838],[122.6811038,-8.4086512],[122.6810079,-8.4087494],[122.6805907,-8.4091765],[122.6805054,-8.409241],[122.6799963,-8.4096259],[122.6790428,-8.4103467],[122.6780907,-8.410953],[122.6774132,-8.4116349],[122.6767412,-8.4125408],[122.6766562,-8.4128612],[122.6765383,-8.4133055],[122.6765659,-8.4136307],[122.6766101,-8.414152],[122.6766953,-8.4147179],[122.6766953,-8.4147179],[122.6766953,-8.414718],[122.6767442,-8.4150423],[122.6771396,-8.4157424],[122.6772408,-8.4159215],[122.6777504,-8.4166639],[122.6779416,-8.4171184],[122.6779708,-8.4171878],[122.6780938,-8.4175866],[122.678238,-8.4180544],[122.6781035,-8.4187208],[122.6780742,-8.4191143],[122.6780527,-8.4194039],[122.6783451,-8.4197296],[122.6783452,-8.4197297],[122.6786214,-8.4200375],[122.6788455,-8.4202269],[122.6791736,-8.4205044],[122.6799604,-8.420605],[122.6805962,-8.420539],[122.6805967,-8.4205389],[122.680771,-8.4205528],[122.6812329,-8.4205894],[122.6815843,-8.4208563],[122.6823709,-8.4213068],[122.6826378,-8.4213933],[122.6830404,-8.4215239],[122.6834589,-8.4216076],[122.6837769,-8.4217744],[122.6837772,-8.4217756],[122.6842863,-8.4228442],[122.6847549,-8.4231445],[122.6853742,-8.4232949],[122.6864794,-8.4231791],[122.6869358,-8.4231525],[122.6881705,-8.4230805],[122.6892923,-8.4231147],[122.6904279,-8.4232627],[122.6914355,-8.4231164],[122.6919045,-8.4228169],[122.6926582,-8.4225176],[122.6933111,-8.4225847],[122.6950857,-8.422786],[122.6958952,-8.4228258],[122.6966989,-8.422743],[122.6971679,-8.4225435],[122.6976411,-8.4217345],[122.6978888,-8.4213111],[122.6982194,-8.4202503],[122.6983954,-8.4200974],[122.6990283,-8.4195458],[122.6992158,-8.4194187],[122.6996319,-8.4189631],[122.6998835,-8.4183635],[122.6998173,-8.4173638],[122.7001534,-8.4157978],[122.7006569,-8.4141654],[122.7012612,-8.4121998],[122.7012451,-8.4112834],[122.7011518,-8.4094572],[122.7012864,-8.4086243],[122.7017053,-8.408158],[122.7022363,-8.4079402],[122.7027065,-8.4080389],[122.7028941,-8.4080923],[122.7030828,-8.4081358],[122.7033294,-8.4081926],[122.7058399,-8.4093941],[122.7076143,-8.409812],[122.7094561,-8.4096634],[122.7107624,-8.4091812],[122.7133452,-8.4081069],[122.7138149,-8.4078755],[122.7141287,-8.407721],[122.7152844,-8.4071517],[122.7160045,-8.4068524],[122.7172438,-8.40647],[122.7182818,-8.4063708],[122.7192529,-8.4064715],[122.7201567,-8.406922],[122.7210643,-8.4076586],[122.7211045,-8.4076976],[122.7217867,-8.4083951],[122.7221273,-8.4086706],[122.7224933,-8.4089587],[122.7229033,-8.4091288],[122.7233668,-8.4092433],[122.723617,-8.4093415],[122.7238244,-8.4094334],[122.7240687,-8.4095428],[122.7242073,-8.4096607],[122.7247444,-8.4102119],[122.7248378,-8.4103687],[122.7249554,-8.4105679],[122.7251722,-8.4108577],[122.7252339,-8.410983],[122.7253436,-8.4112566],[122.725793,-8.4117478],[122.7260456,-8.4119066],[122.7262885,-8.412115],[122.7263116,-8.4121344],[122.7264653,-8.4123136],[122.7265461,-8.4124536],[122.7267017,-8.4126744],[122.7269249,-8.4129058],[122.7273592,-8.4131795],[122.72769,-8.4133959],[122.7279175,-8.4135492],[122.7284187,-8.413914],[122.7285512,-8.4141118],[122.7288152,-8.4144643],[122.7289536,-8.4145631],[122.7294304,-8.4146964],[122.7296331,-8.4148432],[122.729831,-8.4150297],[122.7300085,-8.4151139],[122.7302174,-8.4151628],[122.7305271,-8.4151727],[122.731089,-8.4151343],[122.7316774,-8.4151411],[122.7322132,-8.4151034],[122.732601,-8.4150108],[122.7329712,-8.4149245],[122.7342823,-8.4145508],[122.7347321,-8.4144397],[122.7349848,-8.4144782],[122.7353121,-8.4146215],[122.7361876,-8.4151193],[122.7365528,-8.4153278],[122.7374503,-8.4156966],[122.7377168,-8.4158076],[122.7382744,-8.416213],[122.7386134,-8.4166405],[122.7386491,-8.4169979],[122.7387654,-8.4171398],[122.7388883,-8.4172161],[122.7392044,-8.4173279],[122.7396109,-8.4173985],[122.7398832,-8.417531],[122.7399542,-8.4176764],[122.7399706,-8.4178252],[122.7400651,-8.4183882],[122.7401024,-8.4186172],[122.7402626,-8.4192894],[122.7403794,-8.41951],[122.7404903,-8.4198336],[122.7406335,-8.4204242],[122.7406343,-8.4209676],[122.7405798,-8.4213098],[122.740545,-8.4218615],[122.7405804,-8.422171],[122.7406496,-8.4222543],[122.7409875,-8.4223841],[122.7413229,-8.4224931],[122.7417306,-8.4227981],[122.7417947,-8.4229733],[122.7420993,-8.4237732],[122.742321,-8.4239415],[122.7426893,-8.4241915],[122.7428521,-8.4242437],[122.7430732,-8.4241774],[122.7433129,-8.4240727],[122.7435992,-8.4239585],[122.7437354,-8.4239379],[122.7440086,-8.4239882],[122.7441259,-8.4240719],[122.7444048,-8.4243839],[122.7446254,-8.4244025],[122.7447975,-8.4243628],[122.7449431,-8.4243596],[122.7451745,-8.4244348],[122.7453879,-8.424555],[122.7456255,-8.4248146],[122.7458202,-8.424973],[122.746091,-8.4250851],[122.7462984,-8.4251378],[122.7465783,-8.425139],[122.7469484,-8.425049],[122.747318,-8.4249889],[122.7481366,-8.4248052],[122.7486689,-8.4244844],[122.7488791,-8.4242578],[122.7494097,-8.4234749],[122.7496856,-8.4229099],[122.7499383,-8.4220764],[122.7499842,-8.4218753],[122.7500001,-8.4218453],[122.7500101,-8.4218266],[122.7501243,-8.4216112],[122.7503909,-8.4214153],[122.7507322,-8.4210819],[122.7510849,-8.4206498],[122.7512912,-8.4205248],[122.7518245,-8.4204007],[122.7521912,-8.4203852],[122.7524477,-8.4204199],[122.7527061,-8.42049],[122.7528789,-8.4206205],[122.7531663,-8.4210421],[122.7533188,-8.421602],[122.7532603,-8.4217802],[122.753076,-8.4221455],[122.7529367,-8.4223125],[122.7526488,-8.4225659],[122.7524256,-8.4227827],[122.7523222,-8.4229752],[122.7523052,-8.4232901],[122.7523262,-8.4234737],[122.7523612,-8.4236592],[122.7525004,-8.4241995],[122.7525449,-8.424322],[122.7525347,-8.4245202],[122.752469,-8.4247843],[122.7524489,-8.4249108],[122.7524821,-8.4250211],[122.7526149,-8.4252182],[122.7528108,-8.4257263],[122.7528613,-8.4258101],[122.7531627,-8.4260354],[122.7539758,-8.4263907],[122.7543146,-8.4264426],[122.7546285,-8.4265673],[122.7547281,-8.4266742],[122.7547659,-8.4267147],[122.7548712,-8.4269505],[122.7548831,-8.4271399],[122.7548977,-8.4275431],[122.754971,-8.4275845],[122.7551661,-8.4276229],[122.7557653,-8.4277286],[122.7559133,-8.4278624],[122.7560289,-8.428061],[122.7561808,-8.4282987],[122.7563059,-8.4283888],[122.7572319,-8.4288605],[122.7578764,-8.4293875],[122.7579876,-8.4297628],[122.7581855,-8.4300785],[122.7585662,-8.4304278],[122.7589537,-8.4306418],[122.7592629,-8.4308168],[122.759529,-8.4309511],[122.7603332,-8.4312733],[122.7605642,-8.4313851],[122.7612375,-8.4317124],[122.7616103,-8.431985],[122.7618835,-8.432217],[122.7619513,-8.4322746],[122.7622053,-8.4324161],[122.762453,-8.4325145],[122.7628742,-8.4326443],[122.763373,-8.4328464],[122.7635932,-8.4329774],[122.7639517,-8.4333129],[122.7639855,-8.4333444],[122.7640366,-8.4335739],[122.7640189,-8.433715],[122.763985,-8.4342261],[122.7640572,-8.4343324],[122.764428,-8.4345958],[122.7652279,-8.4350596],[122.7654594,-8.4352618],[122.7657929,-8.4354976],[122.7659439,-8.4355633],[122.766061,-8.4355169],[122.7663476,-8.4352802],[122.7665084,-8.4351844],[122.7667137,-8.4350769],[122.7670528,-8.434866],[122.7671817,-8.4347859],[122.7674043,-8.434537],[122.7677598,-8.4341135],[122.7680352,-8.4339806],[122.7683053,-8.4338472],[122.7682985,-8.4340771],[122.768292,-8.4343194],[122.7682982,-8.4345745],[122.7683173,-8.4348232],[122.7683939,-8.4353844],[122.7683998,-8.4354132],[122.7684386,-8.4356012],[122.768509,-8.435901],[122.7685985,-8.4361752],[122.7686881,-8.4363985],[122.768829,-8.4367556],[122.7690146,-8.437183],[122.7691683,-8.4375147],[122.7693027,-8.437789],[122.7693228,-8.4378542],[122.769418,-8.4380314],[122.769546,-8.4383056],[122.7696932,-8.438599],[122.769943,-8.4390455],[122.7701479,-8.4394028],[122.7703464,-8.4396962],[122.7705514,-8.4399323],[122.7707244,-8.4401156],[122.77075,-8.4401428],[122.7710319,-8.440398],[122.7713011,-8.4405959],[122.7715621,-8.4407598],[122.7715958,-8.4407809],[122.7718457,-8.4409214],[122.7720188,-8.4409853],[122.7721982,-8.4410428],[122.7724418,-8.4410748],[122.772748,-8.441091],[122.7728072,-8.4410941],[122.773102,-8.4410879],[122.7734354,-8.4411009],[122.773486,-8.4411096],[122.7737302,-8.4411521],[122.7739161,-8.4412159],[122.7740955,-8.4412862],[122.7741916,-8.4413627],[122.7742813,-8.4414967],[122.7743018,-8.4416041],[122.7743069,-8.4416306],[122.7743004,-8.4417263],[122.7742426,-8.441841],[122.7740952,-8.441943],[122.7739357,-8.442059],[122.7738674,-8.4421178],[122.7737597,-8.4422213],[122.773606,-8.4423745],[122.7734666,-8.442593],[122.773351,-8.4428672],[122.7732868,-8.4430775],[122.773229,-8.4433135],[122.7731519,-8.4436132],[122.7730813,-8.4437534],[122.7730312,-8.4437838],[122.7729657,-8.4438231],[122.7727092,-8.4438865],[122.7724273,-8.4439188],[122.771985,-8.4439185],[122.7715555,-8.4439247],[122.7712493,-8.4439589],[122.7708443,-8.4440199],[122.7707345,-8.4440496],[122.770582,-8.4440748],[122.7702669,-8.444128],[122.7698694,-8.4441596],[122.7697292,-8.4441542],[122.7694528,-8.4441501],[122.7693363,-8.4441401],[122.769222,-8.4441302],[122.7689521,-8.4440714],[122.768671,-8.4439481],[122.7683312,-8.443757],[122.7679339,-8.4434953],[122.7674853,-8.4432718],[122.767024,-8.4430609],[122.7668696,-8.442992],[122.7667986,-8.4429635],[122.7667548,-8.4429461],[122.7664975,-8.4428532],[122.7662487,-8.4427855],[122.7660177,-8.4427432],[122.765742,-8.4427243],[122.7654428,-8.4427154],[122.7645877,-8.4427628],[122.7639087,-8.4428207],[122.7632502,-8.4427023],[122.7628491,-8.4425978],[122.7623225,-8.442526],[122.762046,-8.4425916],[122.7618983,-8.44273],[122.7617929,-8.4429234],[122.7617383,-8.4430533],[122.7616438,-8.4431647],[122.7615154,-8.4435987],[122.7613491,-8.4448466],[122.7613503,-8.4454759],[122.7612857,-8.4459529],[122.761001,-8.4467078],[122.7608319,-8.4469979],[122.7605712,-8.447412],[122.760429,-8.4476622],[122.7602011,-8.4478724],[122.7599275,-8.4479919],[122.7598124,-8.4480077],[122.7595259,-8.4478754],[122.759315,-8.4477311],[122.7592571,-8.4476651],[122.7591924,-8.4475913],[122.7585889,-8.4469394],[122.758368,-8.4467067],[122.7581477,-8.4465642],[122.7578991,-8.446497],[122.7576657,-8.4464587],[122.7573166,-8.4463538],[122.7564943,-8.4464047],[122.7562159,-8.4464433],[122.755661,-8.446619],[122.7551791,-8.4470488],[122.7551425,-8.4474559],[122.7551516,-8.447596],[122.7553231,-8.447772],[122.7555467,-8.4479214],[122.755892,-8.448305],[122.7560008,-8.448487],[122.7561375,-8.4487813],[122.7561724,-8.4490439],[122.7561417,-8.4492499],[122.7559683,-8.4493762],[122.7557825,-8.4494747],[122.7553556,-8.4495382],[122.7547137,-8.4494398],[122.7545632,-8.4494168],[122.7543945,-8.449427],[122.754268,-8.4494943],[122.7531947,-8.4501793],[122.7523502,-8.4505167],[122.7518712,-8.4506427],[122.7513608,-8.4506779],[122.7504401,-8.4507584],[122.7500101,-8.4508243],[122.7500001,-8.4508258],[122.7499214,-8.4508379],[122.7494856,-8.4509218],[122.7492235,-8.4511443],[122.7491132,-8.4511861],[122.7488464,-8.4511146],[122.7485948,-8.4510008],[122.748485,-8.4509731],[122.7482297,-8.4511564],[122.748169,-8.4512402],[122.7482885,-8.4522449],[122.7484916,-8.4534954],[122.7485879,-8.4538014],[122.7490682,-8.4549747],[122.749141,-8.4551983],[122.7492212,-8.4553929],[122.749287,-8.4555448],[122.7492918,-8.4557718],[122.7492035,-8.4560901],[122.7491511,-8.456218],[122.7489082,-8.4563917],[122.7487714,-8.4564585],[122.7485513,-8.4565086],[122.7479884,-8.4564433],[122.747855,-8.4563518],[122.7474862,-8.4558458],[122.7473492,-8.4556106],[122.747165,-8.4554364],[122.746985,-8.4553523],[122.7464275,-8.4553183],[122.7462347,-8.455291],[122.7460538,-8.455218],[122.7459345,-8.4550831],[122.7457581,-8.4548971],[122.7456777,-8.4548556],[122.7453365,-8.4548986],[122.7447418,-8.4554416],[122.7444979,-8.4556519],[122.7434103,-8.4562694],[122.7433704,-8.4562891],[122.7433023,-8.4562816],[122.7431013,-8.4565011],[122.7429848,-8.4567236],[122.742907,-8.4569463],[122.7428726,-8.4574575],[122.742902,-8.4578631],[122.7429108,-8.4583649],[122.7424021,-8.4590936],[122.7423187,-8.4591916],[122.7421922,-8.459343],[122.7420166,-8.4595496],[122.7418936,-8.4596905],[122.7417537,-8.459919],[122.7416536,-8.4600655],[122.7412864,-8.4603651],[122.7409569,-8.4604838],[122.740502,-8.460568],[122.7400019,-8.4605788],[122.739713,-8.4605094],[122.7391266,-8.4604755],[122.7387015,-8.4604338],[122.7384195,-8.4603325],[122.7382199,-8.4602288],[122.7378766,-8.459959],[122.7377284,-8.459795],[122.7372723,-8.4602131],[122.7369788,-8.4604623],[122.7366617,-8.4606095],[122.7364186,-8.4607718],[122.7362779,-8.4608944],[122.7360035,-8.4613222],[122.7359454,-8.4614311],[122.7360521,-8.4618289],[122.7362785,-8.4621578],[122.7363927,-8.4623042],[122.7364936,-8.4625418],[122.736545,-8.4626765],[122.736641,-8.4626299],[122.7367096,-8.4625965],[122.7371255,-8.4627421],[122.7372321,-8.4628126],[122.7373066,-8.4629439],[122.7375,-8.463109],[122.7379223,-8.4633867],[122.7382775,-8.4637242],[122.7385412,-8.4640467],[122.7386107,-8.4642097],[122.7386202,-8.4644338],[122.7387424,-8.4653651],[122.7387685,-8.4656561],[122.7387599,-8.4659212],[122.7387893,-8.4661242],[122.7388197,-8.4663624],[122.7388574,-8.466626],[122.7391017,-8.4668925],[122.7392399,-8.4669988],[122.7395857,-8.4673269],[122.7397407,-8.4674794],[122.7397977,-8.4675902],[122.7400297,-8.4681231],[122.7401253,-8.4683833],[122.7401765,-8.4686704],[122.7405427,-8.4688671],[122.7412593,-8.4692214],[122.7416995,-8.4695592],[122.741876,-8.46971],[122.7420671,-8.4701187],[122.7422058,-8.4703484],[122.7422775,-8.4704479],[122.742379,-8.4707474],[122.7424559,-8.4708891],[122.7425871,-8.4710902],[122.7426672,-8.4713557],[122.7427653,-8.4716292],[122.742836,-8.4719242],[122.7428781,-8.4720832],[122.7431994,-8.4725419],[122.743288,-8.4726903],[122.7437288,-8.4730206],[122.74404,-8.4732567],[122.7444032,-8.4736187],[122.7448553,-8.4741283],[122.7450057,-8.4745777],[122.7451679,-8.475612],[122.7452067,-8.4758535],[122.7452144,-8.4761034],[122.7451926,-8.4762187],[122.7449448,-8.4768356],[122.7447158,-8.4770005],[122.7444115,-8.4771574],[122.7441387,-8.4776139],[122.7441537,-8.4779168],[122.7443286,-8.4781676],[122.744824,-8.4784874],[122.7453293,-8.4787127],[122.7456098,-8.4788067],[122.7458839,-8.4788985],[122.7460549,-8.4789168],[122.7462798,-8.4789106],[122.7467314,-8.4789581],[122.7469575,-8.4790552],[122.7470322,-8.4791011],[122.7473165,-8.4792007],[122.7477515,-8.4793165],[122.747779,-8.4793275],[122.7478068,-8.4793534],[122.7481133,-8.4794475],[122.7486052,-8.4795154],[122.7488474,-8.4795277],[122.7493946,-8.4794608],[122.7498055,-8.4794246],[122.7498555,-8.4794246],[122.7500001,-8.4794098],[122.7500101,-8.4794117],[122.7503936,-8.4794842],[122.7508952,-8.4795762],[122.7514275,-8.4796478],[122.7519086,-8.479699],[122.752441,-8.4797707],[122.7530756,-8.4798525],[122.7538844,-8.4799753],[122.7544883,-8.4800469],[122.7551948,-8.4800983],[122.755635,-8.4801087],[122.756024,-8.4800784],[122.7563004,-8.4800582],[122.7566179,-8.4799973],[122.757478,-8.4797535],[122.7577954,-8.4796722],[122.7583279,-8.4795707],[122.7587988,-8.4795303],[122.759106,-8.4795203],[122.759495,-8.4795612],[122.7598225,-8.4796327],[122.760162,-8.4797269],[122.7604666,-8.4791361],[122.7607445,-8.4785841],[122.7611613,-8.4778481],[122.7614856,-8.4772041],[122.7617866,-8.4765831],[122.7622267,-8.475617],[122.7626899,-8.47472],[122.763153,-8.473892],[122.7632585,-8.4736733],[122.7633383,-8.473501],[122.7637319,-8.472995],[122.7641253,-8.4725812],[122.7645882,-8.4721213],[122.7653287,-8.4715466],[122.7664164,-8.470719],[122.7672032,-8.4700292],[122.7678511,-8.4695694],[122.7685223,-8.4690406],[122.7690084,-8.4684197],[122.7691936,-8.4680747],[122.7693864,-8.4675828],[122.7693788,-8.4670878],[122.7693673,-8.4668525],[122.7693748,-8.4666401],[122.7693717,-8.4664512],[122.76936,-8.4662428],[122.7693828,-8.4659982],[122.7694261,-8.465736],[122.7694725,-8.465485],[122.7694307,-8.4652098],[122.7694392,-8.4648612],[122.7694701,-8.4646708],[122.7695249,-8.4643973],[122.7695731,-8.4639609],[122.7696251,-8.4635767],[122.7696336,-8.4633585],[122.7696296,-8.4633043],[122.7696541,-8.463193],[122.7697262,-8.4628312],[122.769757,-8.4626354],[122.7698137,-8.4621101],[122.7698136,-8.4618675],[122.7698123,-8.4617571],[122.7698321,-8.461595],[122.7699242,-8.4613494],[122.7701146,-8.4609964],[122.7702102,-8.4608961],[122.7703482,-8.4607196],[122.770505,-8.4605574],[122.7706775,-8.4604495],[122.7710941,-8.4601962],[122.7711671,-8.4601444],[122.77155,-8.4598465],[122.7719961,-8.4596782],[122.7721082,-8.4595797],[122.772311,-8.4593369],[122.772336,-8.4593032],[122.7724517,-8.4591864],[122.7726874,-8.4590222],[122.7728617,-8.4589702],[122.773033,-8.4589265],[122.7732434,-8.4588959],[122.7734218,-8.4588825],[122.7736361,-8.45892],[122.7740789,-8.4590227],[122.7743712,-8.4591226],[122.7744438,-8.4591586],[122.774636,-8.4591951],[122.7749195,-8.4592297],[122.7750544,-8.4592937],[122.7754903,-8.4594699],[122.7755531,-8.4594866],[122.7758787,-8.4595363],[122.7762706,-8.4596465],[122.7765432,-8.4597445],[122.7765918,-8.4597662],[122.7769459,-8.4598967],[122.7770106,-8.4598837],[122.7773792,-8.4597905],[122.7775086,-8.4597051],[122.7777439,-8.4595607],[122.7780316,-8.4593283],[122.7780869,-8.4592106],[122.7781579,-8.4591168],[122.7783098,-8.4590031],[122.778909,-8.4587297],[122.7789716,-8.4587011],[122.7793868,-8.4587056],[122.7796433,-8.4585629],[122.7797068,-8.4584651],[122.7795796,-8.4583045],[122.7793397,-8.458095],[122.778917,-8.4576979],[122.7788512,-8.4575232],[122.7787849,-8.4572152],[122.77882,-8.4566688],[122.77895,-8.4563879],[122.7791515,-8.4560002],[122.779324,-8.4554909],[122.7793748,-8.4552263],[122.7793611,-8.4549988],[122.7792724,-8.4548529],[122.7791551,-8.454605],[122.778965,-8.4539647],[122.7789068,-8.4532525],[122.7789623,-8.4526544],[122.779026,-8.4523693],[122.7795528,-8.4511919],[122.7798341,-8.4508339],[122.779999,-8.4506657],[122.7804597,-8.4503732],[122.7812051,-8.4499317],[122.781803,-8.4495391],[122.7820314,-8.4494682],[122.7822854,-8.4494795],[122.7825202,-8.4494799],[122.7827565,-8.4494006],[122.7831177,-8.4491909],[122.7840959,-8.4485184],[122.7844639,-8.4483034],[122.7848067,-8.4480326],[122.7851056,-8.4478012],[122.7852762,-8.4477635],[122.7859385,-8.4476474],[122.7861252,-8.4475299],[122.786345,-8.4473277],[122.7864291,-8.4471792],[122.7864597,-8.4469776],[122.7860893,-8.44623],[122.7860312,-8.4458507],[122.7860713,-8.4457032],[122.7861413,-8.4456062],[122.7862261,-8.4456087],[122.786441,-8.4457012],[122.786538,-8.4457036],[122.786566,-8.4456482],[122.7866004,-8.4449354],[122.7866664,-8.4445541],[122.7865766,-8.4444228],[122.7864458,-8.4443211],[122.7863203,-8.4443194],[122.7861982,-8.444381],[122.7859718,-8.4445107],[122.7858929,-8.4445009],[122.7858765,-8.444435],[122.7859973,-8.4443013],[122.7860926,-8.4441569],[122.7862407,-8.4436857],[122.7863552,-8.4435148],[122.786601,-8.4431431],[122.7868336,-8.4425566],[122.7869548,-8.4419573],[122.7869584,-8.4416497],[122.7869226,-8.4409878],[122.7869754,-8.4406944],[122.7870129,-8.4404351],[122.7870112,-8.440172],[122.7868898,-8.4393344],[122.7867542,-8.4389112],[122.7865866,-8.4385223],[122.7863765,-8.4381661],[122.7860695,-8.4378611],[122.7858556,-8.4377299],[122.7856266,-8.4376801],[122.7854819,-8.4376058],[122.7854553,-8.4375321],[122.7854918,-8.4374154],[122.7855139,-8.437184],[122.785501,-8.4367505],[122.7854168,-8.4366095],[122.7851779,-8.436435],[122.7846091,-8.4359567],[122.7838626,-8.4355235],[122.7836676,-8.4352918],[122.7836594,-8.4351888]]],[[[122.7972449,-8.4577957],[122.7974037,-8.4577228],[122.79764,-8.457704],[122.7986712,-8.4577261],[122.7995388,-8.4576411],[122.8005444,-8.4574806],[122.8008022,-8.457361],[122.8011777,-8.4570574],[122.8014342,-8.4568371],[122.8017135,-8.4566003],[122.8020809,-8.4563129],[122.8022565,-8.4561527],[122.8027181,-8.4556436],[122.8029211,-8.4552649],[122.8034471,-8.4543704],[122.8036912,-8.4539576],[122.8038768,-8.4535392],[122.8039462,-8.4531925],[122.804036,-8.4529167],[122.8041521,-8.4525236],[122.804263,-8.4517921],[122.8042604,-8.4513498],[122.8042275,-8.4500823],[122.8042381,-8.4498258],[122.8042005,-8.449585],[122.8040999,-8.4491684],[122.8039428,-8.4486229],[122.8037738,-8.4482136],[122.8030806,-8.4470799],[122.8027157,-8.4468275],[122.8024655,-8.4467538],[122.802111,-8.4466554],[122.8017967,-8.4465175],[122.8010355,-8.4461111],[122.8007033,-8.446021],[122.8002282,-8.446024],[122.7998904,-8.4461011],[122.7992227,-8.4463078],[122.7991675,-8.4463152],[122.798079,-8.4463507],[122.7963182,-8.4467785],[122.7959196,-8.4468558],[122.7954941,-8.4470521],[122.7951974,-8.4472394],[122.7947573,-8.4475845],[122.794201,-8.4481878],[122.793965,-8.4486224],[122.793646,-8.4491771],[122.7935454,-8.4493791],[122.7931914,-8.4502297],[122.793034,-8.4508417],[122.7929601,-8.4517223],[122.7929955,-8.4522426],[122.7930745,-8.4526823],[122.7931594,-8.453353],[122.7932384,-8.4536834],[122.7935689,-8.454711],[122.7937827,-8.4552412],[122.7939231,-8.4556009],[122.7941059,-8.4559369],[122.7942399,-8.4561004],[122.7944531,-8.4563632],[122.7952367,-8.4572326],[122.7956925,-8.4576016],[122.796048,-8.4578138],[122.7962976,-8.4579052],[122.7968522,-8.4579808],[122.7970393,-8.4579276],[122.7972449,-8.4577957]]],[[[122.7831837,-8.3262194],[122.7831398,-8.3264683],[122.7831642,-8.3265646],[122.7832441,-8.3266142],[122.7833816,-8.3266073],[122.7835561,-8.3264747],[122.7836391,-8.3263011],[122.7836403,-8.3259735],[122.7836856,-8.325836],[122.783744,-8.3256247],[122.7837427,-8.3255411],[122.7836492,-8.3254718],[122.7835327,-8.3254976],[122.7833021,-8.3259406],[122.7832731,-8.3260931],[122.7831837,-8.3262194]]]]}},
{"type":"Feature","properties":{"OBJECTID":80745.0,"NAMOBJ":"Kawuta","KDCBPS":"530607","WADMKC":"Solor Timur","WADMKK":"Flores Timur","WADMPR":"Nusa Tenggara Timur","Penduduk":17134,"luas_km2":65.894},"geometry":{"type":"MultiPolygon","coordinates":[[[[123.0571509,-8.4916525],[123.0572269,-8.4917934],[123.0573099,-8.4918397],[123.0574007,-8.4918297],[123.0574257,-8.491827],[123.057434,-8.4918261],[123.0575829,-8.4917571],[123.0576693,-8.4915747],[123.0577058,-8.4914267],[123.057838,-8.4913249],[123.0580134,-8.4912803],[123.0582273,-8.4912224],[123.0586676,-8.4910617],[123.0587008,-8.4910941],[123.0587556,-8.4912499],[123.0588466,-8.4913433],[123.0589038,-8.4913104],[123.0593494,-8.4909199],[123.0598948,-8.4907095],[123.0602448,-8.4906467],[123.0603856,-8.4906839],[123.0606675,-8.4908523],[123.0614419,-8.4909095],[123.0619018,-8.4908547],[123.062641,-8.4909818],[123.0629425,-8.4910783],[123.0633018,-8.4913001],[123.0635062,-8.49131],[123.06381,-8.4913012],[123.0640338,-8.4913101],[123.0646199,-8.4911208],[123.064731,-8.4911716],[123.0650416,-8.4914793],[123.0652156,-8.4915226],[123.0653723,-8.4914985],[123.0655425,-8.4914092],[123.0656366,-8.4913457],[123.0656988,-8.4913038],[123.0658874,-8.4913144],[123.0662843,-8.4913183],[123.0664194,-8.4912463],[123.0664833,-8.4911439],[123.066623,-8.4909829],[123.0672944,-8.4902993],[123.0675827,-8.4899253],[123.0678756,-8.4895267],[123.0681134,-8.4893116],[123.068353,-8.4891787],[123.0687397,-8.4890643],[123.0690369,-8.4890385],[123.069086,-8.4891121],[123.0691544,-8.4891355],[123.0692428,-8.4890733],[123.0693741,-8.488998],[123.0694519,-8.4890742],[123.0696836,-8.4892329],[123.0698047,-8.4892106],[123.0699151,-8.4892258],[123.0700947,-8.4892945],[123.0704221,-8.4892533],[123.0706624,-8.4890999],[123.0707746,-8.4888818],[123.0708038,-8.4888017],[123.0708775,-8.4887909],[123.0711673,-8.4888427],[123.0716076,-8.4888961],[123.0718446,-8.4889591],[123.0720164,-8.4889683],[123.0721646,-8.4889031],[123.0721858,-8.4887857],[123.0722479,-8.4886641],[123.0723823,-8.4885254],[123.072554,-8.4884514],[123.0730953,-8.4882191],[123.0731749,-8.4882222],[123.0733439,-8.4881838],[123.0738243,-8.4880915],[123.0741478,-8.4882154],[123.0742979,-8.4882406],[123.0751971,-8.4883899],[123.0757319,-8.4885844],[123.0759044,-8.4886943],[123.0762475,-8.48887],[123.0765505,-8.4889612],[123.0770422,-8.4891501],[123.0771262,-8.4891222],[123.0773786,-8.4889771],[123.077647,-8.4889329],[123.0783667,-8.4888572],[123.0784377,-8.4888497],[123.0786075,-8.4887882],[123.0787489,-8.488651],[123.0792772,-8.4879084],[123.0793682,-8.4877248],[123.079421,-8.4876182],[123.0797924,-8.4870314],[123.0799922,-8.4868541],[123.0801293,-8.4867879],[123.0803103,-8.4867603],[123.080698,-8.4865835],[123.0811101,-8.4863544],[123.0813406,-8.4861614],[123.0817049,-8.485755],[123.0818767,-8.485613],[123.081992,-8.4854571],[123.0821995,-8.4850827],[123.0823167,-8.4849946],[123.0825225,-8.4849169],[123.0829056,-8.4847265],[123.0832529,-8.4845539],[123.084036,-8.4838865],[123.0842438,-8.4837322],[123.0846445,-8.4835684],[123.0854214,-8.4833052],[123.086132,-8.4830643],[123.0865967,-8.4825461],[123.0868797,-8.4822475],[123.0870174,-8.4821921],[123.0877708,-8.4819251],[123.0880453,-8.4817557],[123.0882232,-8.4817229],[123.0884835,-8.4816562],[123.0887793,-8.4814829],[123.0891159,-8.4813549],[123.0894092,-8.4812671],[123.0896683,-8.4810953],[123.0898557,-8.4809979],[123.090502,-8.4807843],[123.0910839,-8.4805385],[123.0928591,-8.4798607],[123.0936442,-8.4796202],[123.0940258,-8.4794821],[123.0943528,-8.4793204],[123.0948806,-8.4790799],[123.095291,-8.4788883],[123.0957879,-8.4785986],[123.0958068,-8.4785876],[123.0958071,-8.4785875],[123.0959679,-8.4785046],[123.0959723,-8.4785024],[123.0959734,-8.4785027],[123.0959744,-8.478503],[123.0959755,-8.4785021],[123.0959806,-8.4784977],[123.096017,-8.4784661],[123.0960564,-8.478432],[123.0960636,-8.4784245],[123.09607,-8.4784179],[123.0963769,-8.4781008],[123.0965365,-8.4780645],[123.0969359,-8.4779739],[123.0974785,-8.4778224],[123.0976499,-8.4776619],[123.0977245,-8.4775226],[123.0978188,-8.4773206],[123.097892,-8.4771638],[123.0979776,-8.4768887],[123.0981342,-8.4762948],[123.0983553,-8.4758472],[123.0986633,-8.4754393],[123.0986933,-8.4753996],[123.0989668,-8.4751699],[123.0992241,-8.475067],[123.0994561,-8.4750223],[123.099603,-8.474994],[123.099919,-8.4749167],[123.0999967,-8.4748977],[123.1015844,-8.4744702],[123.1024609,-8.4742206],[123.1025323,-8.4741822],[123.1026856,-8.4740996],[123.1028687,-8.4739005],[123.1029348,-8.4738286],[123.1032383,-8.4732907],[123.1034209,-8.4729566],[123.1034319,-8.4729366],[123.1034973,-8.4728529],[123.1042004,-8.4719537],[123.1042509,-8.47194],[123.1043961,-8.4719005],[123.1043962,-8.4719005],[123.1049091,-8.4718299],[123.1051128,-8.4717498],[123.1052537,-8.4716944],[123.1053311,-8.471664],[123.1056642,-8.4715703],[123.1059751,-8.4714828],[123.1074914,-8.4710563],[123.1083069,-8.470752],[123.1086614,-8.4705972],[123.1094644,-8.4702466],[123.1097673,-8.4701562],[123.1100619,-8.4700683],[123.1107666,-8.4698787],[123.1113482,-8.4697222],[123.1124702,-8.4695238],[123.1125334,-8.4694941],[123.112628,-8.4694498],[123.1129302,-8.469308],[123.1129842,-8.4692827],[123.1135255,-8.4690549],[123.1135329,-8.4690525],[123.1136047,-8.469029],[123.1143631,-8.4687807],[123.1149065,-8.4685794],[123.1150062,-8.4685219],[123.1158566,-8.4680309],[123.1159698,-8.4679532],[123.1160693,-8.4678847],[123.116138,-8.4677692],[123.1162572,-8.4675584],[123.116479,-8.4674228],[123.1164859,-8.4674186],[123.1164861,-8.4674185],[123.1167499,-8.4673806],[123.1172042,-8.4673471],[123.1176128,-8.4673169],[123.1177374,-8.4673077],[123.118111,-8.4672801],[123.1184635,-8.4672443],[123.1191191,-8.4671778],[123.1203682,-8.4670803],[123.1204135,-8.4670745],[123.1204485,-8.4670701],[123.1204485,-8.4670701],[123.1205309,-8.4670597],[123.1208324,-8.4670215],[123.1211777,-8.466999],[123.1211813,-8.4669988],[123.1216232,-8.4669891],[123.1221016,-8.4669291],[123.1226323,-8.4668361],[123.1238208,-8.466628],[123.1238907,-8.4666158],[123.1243834,-8.4665352],[123.1249999,-8.4664379],[123.125,-8.4664379],[123.1250935,-8.4664231],[123.1251684,-8.4663591],[123.1253282,-8.4662845],[123.1257961,-8.466219],[123.1274936,-8.4659576],[123.1279537,-8.4658767],[123.1283175,-8.4658344],[123.1287905,-8.4658483],[123.1288552,-8.4658472],[123.1295231,-8.465736],[123.1300339,-8.4657457],[123.1301037,-8.4657598],[123.1304508,-8.4658302],[123.1306035,-8.4658703],[123.1311598,-8.4658742],[123.1314232,-8.4660709],[123.1316405,-8.4662693],[123.1318155,-8.4663821],[123.1320869,-8.4665571],[123.1323691,-8.4666747],[123.1326438,-8.4667579],[123.1328758,-8.4667371],[123.1332104,-8.4666406],[123.1334149,-8.4665009],[123.1335527,-8.4663149],[123.1336138,-8.4662056],[123.1347167,-8.4658183],[123.1353364,-8.4656641],[123.1357063,-8.4656673],[123.1361532,-8.4655313],[123.1365045,-8.4655243],[123.1366963,-8.4654712],[123.1368505,-8.465438],[123.1370637,-8.4654235],[123.1384049,-8.4649115],[123.139765,-8.4645782],[123.1400685,-8.464467],[123.1410468,-8.4640195],[123.1412856,-8.4638885],[123.1416799,-8.463525],[123.1420151,-8.4630525],[123.1423495,-8.4626452],[123.1427853,-8.4621554],[123.1429118,-8.4620063],[123.1432083,-8.4618646],[123.1435701,-8.4617874],[123.1440319,-8.4619026],[123.1444435,-8.4620135],[123.1451603,-8.4620727],[123.1454963,-8.4621004],[123.1457703,-8.4620929],[123.146047,-8.4620058],[123.1463605,-8.4618562],[123.1466529,-8.4618459],[123.146883,-8.4618553],[123.1471386,-8.4617448],[123.1475059,-8.4614967],[123.1476784,-8.4613791],[123.1476806,-8.4613801],[123.1478622,-8.46147],[123.1478731,-8.4614753],[123.1478983,-8.4614871],[123.1481612,-8.4616102],[123.1482777,-8.461635],[123.1483375,-8.4616056],[123.1484275,-8.4615614],[123.1485498,-8.4613363],[123.1486141,-8.4612179],[123.1488604,-8.4592098],[123.1489493,-8.4586999],[123.1490075,-8.4583667],[123.1491046,-8.4580233],[123.1491166,-8.4579805],[123.1492039,-8.4578199],[123.1497067,-8.457471],[123.1498659,-8.4573263],[123.1499249,-8.4571604],[123.1500214,-8.4568891],[123.1500403,-8.4567778],[123.1500577,-8.4566757],[123.1508664,-8.4550031],[123.1510233,-8.4546785],[123.1510761,-8.4545851],[123.1512237,-8.4543238],[123.1514927,-8.4541115],[123.1515497,-8.4540664],[123.1515859,-8.4540329],[123.151689,-8.4539372],[123.1517325,-8.453839],[123.1517926,-8.4537032],[123.1518003,-8.4534893],[123.1518026,-8.4534222],[123.1518283,-8.4532746],[123.1523826,-8.4528426],[123.1528519,-8.4524768],[123.1530877,-8.4523364],[123.1533026,-8.452271],[123.1537364,-8.4521555],[123.1542251,-8.4518927],[123.1542827,-8.4518618],[123.1543539,-8.4518235],[123.1545507,-8.4517339],[123.1546307,-8.4516974],[123.154811,-8.4516827],[123.1551194,-8.4516576],[123.1553251,-8.4516501],[123.1554166,-8.4516468],[123.1556481,-8.4515254],[123.155813,-8.451439],[123.1559642,-8.4513598],[123.1561557,-8.4512594],[123.1564006,-8.4511624],[123.1565527,-8.4511021],[123.1567704,-8.4510158],[123.1569491,-8.450945],[123.1570969,-8.4508864],[123.1572428,-8.4508286],[123.157435,-8.4507525],[123.1574863,-8.4507321],[123.1576833,-8.4506334],[123.1579164,-8.4505166],[123.1580305,-8.4504594],[123.1582355,-8.4503567],[123.1584281,-8.4502472],[123.1586063,-8.4501459],[123.1589014,-8.4499782],[123.1591528,-8.4498353],[123.1592542,-8.4497777],[123.1594543,-8.4496639],[123.159625,-8.4495669],[123.1597596,-8.4494904],[123.1599546,-8.4493795],[123.1601124,-8.4492898],[123.1601974,-8.4492416],[123.1603311,-8.4491378],[123.1605115,-8.448998],[123.1606708,-8.4488985],[123.1608665,-8.4487763],[123.1610099,-8.4486868],[123.1611746,-8.448584],[123.1612591,-8.4485312],[123.1614576,-8.4484072],[123.1616044,-8.4483001],[123.1616916,-8.4482365],[123.1618463,-8.4480492],[123.162023,-8.4478353],[123.1622511,-8.4475341],[123.1623734,-8.4474174],[123.162439,-8.4473547],[123.162996,-8.4472685],[123.163152,-8.4472298],[123.1633114,-8.4470764],[123.1634327,-8.4469101],[123.1635762,-8.4467134],[123.1637489,-8.4465384],[123.1639415,-8.4464962],[123.1641412,-8.4464524],[123.1643438,-8.4464079],[123.1646038,-8.4463509],[123.1649063,-8.4462587],[123.1649085,-8.4462581],[123.1649807,-8.4460115],[123.1651092,-8.4458116],[123.1651433,-8.4455282],[123.165162,-8.4453734],[123.1651806,-8.4452192],[123.1652019,-8.4451006],[123.1652386,-8.4448956],[123.1652805,-8.4446624],[123.1653036,-8.4445254],[123.1653388,-8.444317],[123.1653733,-8.4441127],[123.1653863,-8.4438886],[123.1654019,-8.4436202],[123.1655493,-8.4433867],[123.1656588,-8.4432133],[123.1657873,-8.4430348],[123.1659261,-8.442896],[123.1661799,-8.4426422],[123.1663655,-8.4424352],[123.1665583,-8.4420854],[123.166751,-8.4418855],[123.1669081,-8.4417499],[123.1670847,-8.441816],[123.1672538,-8.4418791],[123.167404,-8.4419353],[123.1674096,-8.4419306],[123.1675592,-8.4418041],[123.1676496,-8.4417277],[123.1677826,-8.4416152],[123.1679135,-8.4415046],[123.1680635,-8.4413398],[123.1680755,-8.441277],[123.1680777,-8.441265],[123.1680266,-8.441252],[123.1678184,-8.4411992],[123.1675732,-8.441137],[123.1673593,-8.4410044],[123.1671369,-8.4408665],[123.1670294,-8.4407388],[123.1669975,-8.4406019],[123.1670693,-8.4404925],[123.1673045,-8.4403456],[123.1673838,-8.4402848],[123.1673659,-8.4401656],[123.1672828,-8.4400608],[123.1670522,-8.439847],[123.1669211,-8.4397255],[123.1668688,-8.4395448],[123.1668334,-8.4394225],[123.1667684,-8.4391982],[123.1667079,-8.4389891],[123.1666759,-8.4388788],[123.1667562,-8.4386574],[123.1667974,-8.4385439],[123.1668623,-8.438365],[123.1669203,-8.4382049],[123.1670685,-8.4379655],[123.1671279,-8.4378695],[123.167239,-8.4376669],[123.1673716,-8.437425],[123.167503,-8.4371444],[123.1676007,-8.4369458],[123.1677798,-8.4367541],[123.1679652,-8.4366461],[123.1681107,-8.4365614],[123.1682561,-8.4364503],[123.1682418,-8.4362167],[123.1682253,-8.4359474],[123.1680646,-8.4357341],[123.1679484,-8.4356596],[123.1678617,-8.435604],[123.167752,-8.4355336],[123.1676297,-8.4354552],[123.167444,-8.4353914],[123.1673903,-8.4353955],[123.167078,-8.4354188],[123.1668654,-8.4354347],[123.1666929,-8.4354476],[123.1665935,-8.4354551],[123.1664768,-8.4354638],[123.1662901,-8.4354778],[123.166147,-8.4354885],[123.1660066,-8.4354909],[123.1657772,-8.4354948],[123.1655499,-8.4354404],[123.1654172,-8.4352992],[123.1653901,-8.4352703],[123.1651929,-8.4350605],[123.1649551,-8.434614],[123.1647487,-8.4341629],[123.1646507,-8.4339005],[123.1646369,-8.4338635],[123.1643878,-8.4332694],[123.1642704,-8.4326869],[123.1642587,-8.4318216],[123.1642535,-8.4316394],[123.1642497,-8.4316334],[123.1643858,-8.4314992],[123.1647023,-8.4320298],[123.1648046,-8.4319489],[123.1646187,-8.4316455],[123.1645524,-8.4315373],[123.1646262,-8.4314349],[123.16458,-8.4313683],[123.1645783,-8.4313658],[123.1645619,-8.4313421],[123.1645563,-8.431341],[123.1645024,-8.4313302],[123.1642859,-8.4310376],[123.1641812,-8.4310899],[123.1642903,-8.4312916],[123.1643382,-8.4313802],[123.1641495,-8.4314774],[123.1640881,-8.4313819],[123.1638211,-8.4311351],[123.1635469,-8.4309725],[123.1631962,-8.4308731],[123.1628635,-8.4308404],[123.1628482,-8.4308389],[123.1628081,-8.4308436],[123.1624453,-8.4308864],[123.1622465,-8.4309852],[123.1620722,-8.4311184],[123.1619288,-8.4311728],[123.1617372,-8.4311343],[123.161219,-8.4309075],[123.1608502,-8.4306872],[123.1604593,-8.4303638],[123.1599691,-8.4296538],[123.1597158,-8.4291631],[123.1592241,-8.4284414],[123.158986,-8.428092],[123.1589175,-8.4279214],[123.1589226,-8.4277047],[123.1589217,-8.4273926],[123.1588359,-8.4273415],[123.1585679,-8.4273355],[123.1582605,-8.4274463],[123.1581837,-8.4274739],[123.1574832,-8.4278004],[123.1571229,-8.4279194],[123.1566737,-8.4279001],[123.1564556,-8.4278288],[123.1559903,-8.4275046],[123.1547889,-8.4265409],[123.153772,-8.4256844],[123.1526751,-8.4249041],[123.1523371,-8.4246213],[123.1521795,-8.4244405],[123.1520376,-8.4242001],[123.1516191,-8.4237708],[123.1514919,-8.4236847],[123.1514277,-8.4236767],[123.1510692,-8.4236321],[123.1504838,-8.4236414],[123.1492939,-8.4234653],[123.1483884,-8.4233972],[123.147978,-8.4234511],[123.1476791,-8.4235864],[123.1473132,-8.4238797],[123.1472989,-8.4238912],[123.14704,-8.4240824],[123.1468477,-8.4241692],[123.1465065,-8.4241847],[123.1462001,-8.4241406],[123.1455069,-8.4238379],[123.1449193,-8.4235542],[123.1444252,-8.423365],[123.1439127,-8.4231785],[123.1429737,-8.4229714],[123.1425575,-8.4229716],[123.1419177,-8.4231118],[123.140907,-8.4234259],[123.1401715,-8.4235312],[123.1399349,-8.4235667],[123.1397594,-8.4236358],[123.1391182,-8.4237774],[123.1385419,-8.4242874],[123.1375645,-8.4250684],[123.136842,-8.4254892],[123.1348924,-8.4265931],[123.1344649,-8.4268385],[123.1341498,-8.4269645],[123.1338533,-8.427107],[123.1334614,-8.4271961],[123.1325781,-8.4271609],[123.1316642,-8.4271799],[123.1310432,-8.4273425],[123.1308226,-8.4274484],[123.1305999,-8.4276675],[123.1303021,-8.4280956],[123.1302895,-8.4281137],[123.1301786,-8.4283526],[123.1300257,-8.4289465],[123.1299896,-8.4292457],[123.1299645,-8.4293015],[123.1299326,-8.4293385],[123.1295957,-8.4297288],[123.1288451,-8.4303659],[123.1284832,-8.4305887],[123.1278355,-8.4308592],[123.1271337,-8.4311062],[123.1260772,-8.4314975],[123.1255573,-8.4315898],[123.1250784,-8.4316319],[123.125,-8.4316498],[123.1249999,-8.4316498],[123.1245095,-8.4317618],[123.1239985,-8.4318503],[123.1234817,-8.4319397],[123.1234225,-8.4319862],[123.1231632,-8.4321902],[123.1230593,-8.432261],[123.122855,-8.4322349],[123.122664,-8.4321817],[123.1224834,-8.4322199],[123.1223062,-8.4323354],[123.1219909,-8.432541],[123.1208798,-8.4334849],[123.1205836,-8.4337366],[123.1202116,-8.4339879],[123.1197732,-8.4342841],[123.1192136,-8.4345986],[123.1187345,-8.434854],[123.118457,-8.4350019],[123.1181997,-8.4351248],[123.1179243,-8.4352564],[123.117746,-8.4353416],[123.1176625,-8.4353814],[123.1169615,-8.435706],[123.1167923,-8.4357765],[123.1166202,-8.4358482],[123.1162724,-8.4359215],[123.1157439,-8.4358991],[123.115715,-8.4358978],[123.1157114,-8.4358977],[123.1151067,-8.4359184],[123.1144942,-8.4359395],[123.11412,-8.4359444],[123.1141178,-8.4359445],[123.1134938,-8.4358313],[123.1130879,-8.4356897],[123.1130445,-8.4356745],[123.1130441,-8.4356744],[123.1127891,-8.4355211],[123.1121835,-8.4351571],[123.112004,-8.4350402],[123.111878,-8.4349581],[123.1117972,-8.4349265],[123.1115968,-8.4348482],[123.1112751,-8.4347485],[123.1109016,-8.4343673],[123.1106502,-8.4341313],[123.1104659,-8.43398],[123.1101426,-8.4337145],[123.1098464,-8.4334688],[123.1097649,-8.4334012],[123.1096906,-8.4333628],[123.1093484,-8.4331862],[123.1092184,-8.4331364],[123.1091553,-8.4331122],[123.1091002,-8.433099],[123.1089208,-8.4330559],[123.1089179,-8.433056],[123.1084341,-8.4330799],[123.108016,-8.4331464],[123.1077493,-8.4332874],[123.1077035,-8.4333066],[123.1075717,-8.4333619],[123.1068707,-8.43335],[123.1067728,-8.4333515],[123.1055846,-8.433369],[123.105364,-8.4333722],[123.1032229,-8.4331774],[123.1029259,-8.4331766],[123.1023693,-8.433496],[123.1021629,-8.4335503],[123.1015987,-8.4334461],[123.1011285,-8.4334081],[123.1005929,-8.4335178],[123.1001212,-8.4334704],[123.0999016,-8.4334447],[123.0994641,-8.4335621],[123.0992506,-8.433604],[123.0988414,-8.433538],[123.0984126,-8.4334547],[123.0977661,-8.4334581],[123.0969958,-8.4336755],[123.0966646,-8.4337153],[123.0962863,-8.4337022],[123.0960874,-8.4335863],[123.0958991,-8.4335012],[123.0956431,-8.4334523],[123.0953457,-8.4334662],[123.0949281,-8.4336349],[123.0943727,-8.4339298],[123.0941804,-8.4340294],[123.0939085,-8.434061],[123.0928837,-8.4338258],[123.0927339,-8.4338018],[123.0919181,-8.4340228],[123.0917559,-8.4340937],[123.0916485,-8.4342166],[123.0917466,-8.4345564],[123.09209,-8.4357464],[123.0922007,-8.4362096],[123.09221,-8.436919],[123.0921783,-8.4371387],[123.0921163,-8.4372311],[123.0920033,-8.4371815],[123.0918318,-8.4369947],[123.091675,-8.4368241],[123.0912386,-8.4364483],[123.0907149,-8.4357984],[123.0905173,-8.435456],[123.0904356,-8.4352921],[123.0899928,-8.4349391],[123.0898302,-8.4346928],[123.08983,-8.4346922],[123.0898288,-8.4346872],[123.0898285,-8.4346862],[123.0898262,-8.4346769],[123.0898255,-8.4346739],[123.0897885,-8.4345245],[123.0897879,-8.4345221],[123.0897881,-8.4345216],[123.0898315,-8.4344375],[123.0898579,-8.4343862],[123.0899163,-8.434273],[123.0899482,-8.4342197],[123.0900359,-8.434073],[123.0902191,-8.4334899],[123.0902186,-8.4333424],[123.090218,-8.4332109],[123.0901309,-8.4329851],[123.0898696,-8.4329801],[123.0894737,-8.4330908],[123.0889134,-8.4333448],[123.0886819,-8.4334383],[123.0880481,-8.4335085],[123.0877565,-8.4335171],[123.0871057,-8.4336407],[123.0867367,-8.4335584],[123.0863342,-8.4334711],[123.0858551,-8.4334704],[123.0854536,-8.4335254],[123.0853797,-8.4335157],[123.08419,-8.4333607],[123.083109,-8.4332694],[123.0829362,-8.4332404],[123.0825922,-8.433085],[123.0824071,-8.433084],[123.0820921,-8.4332043],[123.0816182,-8.4334299],[123.0813109,-8.4333562],[123.0812051,-8.4333001],[123.0810526,-8.4333268],[123.0809225,-8.4334083],[123.0808858,-8.4334438],[123.0805945,-8.4337254],[123.0801557,-8.43398],[123.0797342,-8.43416],[123.0792217,-8.4342858],[123.0780297,-8.4343296],[123.0774857,-8.4343609],[123.0762969,-8.4343626],[123.075583,-8.4343601],[123.0751861,-8.4343447],[123.074599,-8.4342587],[123.0741803,-8.4341921],[123.0739099,-8.4341507],[123.0735272,-8.4340069],[123.0732957,-8.4339569],[123.0730673,-8.4339075],[123.0729952,-8.4339077],[123.0729276,-8.4339078],[123.0727787,-8.4340241],[123.0726313,-8.4341626],[123.0717131,-8.4342512],[123.0714119,-8.4342661],[123.0714119,-8.4342661],[123.0711325,-8.4341715],[123.0708344,-8.4340706],[123.0702837,-8.4338941],[123.0699411,-8.4338343],[123.0697545,-8.4338068],[123.0697172,-8.433791],[123.0694751,-8.433705],[123.0690844,-8.433623],[123.0690162,-8.4336028],[123.0688977,-8.4335676],[123.0688145,-8.4335013],[123.0687654,-8.4334621],[123.06805,-8.4330561],[123.0678734,-8.4330174],[123.0677715,-8.432995],[123.0677702,-8.4329948],[123.0676349,-8.4330621],[123.0673654,-8.4333662],[123.0672596,-8.433459],[123.067108,-8.433441],[123.0669171,-8.4334184],[123.0669157,-8.4334183],[123.0667906,-8.4334803],[123.0666531,-8.4335485],[123.0665191,-8.4336282],[123.0663342,-8.4337382],[123.0659804,-8.4338835],[123.0655621,-8.4340554],[123.0649261,-8.4340386],[123.064926,-8.4340386],[123.0647386,-8.4341305],[123.064166,-8.4345736],[123.0641558,-8.4345815],[123.0639572,-8.4346912],[123.0639046,-8.4347001],[123.0636188,-8.4347487],[123.0635186,-8.4347572],[123.0633722,-8.4347697],[123.0631381,-8.4348044],[123.0631025,-8.4348096],[123.0631006,-8.4348099],[123.0630018,-8.4347938],[123.0628992,-8.434777],[123.0625,-8.4346123],[123.0624996,-8.4346121],[123.062486,-8.434608],[123.0623215,-8.4345576],[123.0617296,-8.4344886],[123.0615578,-8.4345728],[123.0613616,-8.4346689],[123.0610797,-8.4347792],[123.060589,-8.4348973],[123.0599289,-8.4350136],[123.0598725,-8.435004],[123.0596371,-8.4349636],[123.0593456,-8.4348548],[123.0589954,-8.4347141],[123.058352,-8.4345856],[123.0582284,-8.4345609],[123.058228,-8.4345609],[123.0575401,-8.4345441],[123.0573196,-8.4345771],[123.0572549,-8.434597],[123.0570283,-8.4346667],[123.0565469,-8.4347285],[123.0559303,-8.4348326],[123.0559031,-8.4348652],[123.055811,-8.4349751],[123.0557135,-8.4350498],[123.0555999,-8.4351369],[123.0553402,-8.4352596],[123.0551401,-8.4353541],[123.0551391,-8.4353536],[123.0550098,-8.4352903],[123.0550004,-8.4352857],[123.0550004,-8.4352856],[123.0549561,-8.4351863],[123.0549258,-8.4351517],[123.0548838,-8.4351038],[123.0548184,-8.4350915],[123.0547216,-8.4350735],[123.0540667,-8.4349146],[123.0536862,-8.4348224],[123.0533449,-8.4346805],[123.0532305,-8.434633],[123.0528347,-8.4343442],[123.0525094,-8.434107],[123.0523479,-8.4339588],[123.0520746,-8.4338758],[123.0517838,-8.4338067],[123.0514269,-8.4336871],[123.0511845,-8.4335714],[123.0506973,-8.4337073],[123.0505958,-8.4337356],[123.0497306,-8.4340815],[123.0492536,-8.4341418],[123.0487525,-8.4340801],[123.0483132,-8.4339005],[123.047736,-8.4337204],[123.0474763,-8.4336961],[123.0471292,-8.4337028],[123.0467817,-8.4337094],[123.0464741,-8.4337869],[123.0461062,-8.4340051],[123.0458134,-8.4341744],[123.0456428,-8.43429],[123.0454166,-8.4344347],[123.0449307,-8.4345942],[123.0439876,-8.4347789],[123.0435217,-8.4349677],[123.0432003,-8.4350424],[123.042837,-8.4351369],[123.0425888,-8.4351765],[123.0423406,-8.435216],[123.0422045,-8.4352485],[123.0420569,-8.4352837],[123.0416128,-8.4353845],[123.0411544,-8.4355268],[123.0408403,-8.4356126],[123.0404706,-8.4356325],[123.0401966,-8.4356971],[123.0400259,-8.4356896],[123.0395897,-8.4356819],[123.0392792,-8.4357225],[123.0385094,-8.4358508],[123.0381568,-8.4357624],[123.0379682,-8.435807],[123.037528,-8.4355],[123.0373098,-8.4355079],[123.0369598,-8.4356042],[123.0367753,-8.4357359],[123.0367326,-8.4358407],[123.0366974,-8.4359815],[123.0364553,-8.4366098],[123.0361966,-8.4372813],[123.0358764,-8.4376915],[123.0357338,-8.4379343],[123.0355903,-8.4381631],[123.0353262,-8.4383679],[123.0352022,-8.4386795],[123.0348869,-8.439139],[123.034756,-8.4393635],[123.0343944,-8.4401381],[123.0342808,-8.4403824],[123.0338386,-8.4411659],[123.0337779,-8.4412596],[123.0336547,-8.44145],[123.033235,-8.4418813],[123.0329162,-8.4421637],[123.0326681,-8.4423835],[123.0318521,-8.4431065],[123.0317646,-8.4431199],[123.0316637,-8.4431353],[123.0316059,-8.4431386],[123.0313684,-8.4431522],[123.0311953,-8.4432842],[123.0308378,-8.4435264],[123.0303557,-8.4437407],[123.0297212,-8.4440228],[123.0291871,-8.4441583],[123.0291451,-8.4441689],[123.0288115,-8.4442763],[123.028611,-8.4444229],[123.0284747,-8.444533],[123.0281418,-8.4448017],[123.0277405,-8.4449621],[123.0273193,-8.4451062],[123.0271598,-8.4451911],[123.0269871,-8.4452831],[123.0266348,-8.4455031],[123.026609,-8.4455223],[123.0265185,-8.4455897],[123.0264818,-8.4455992],[123.0264087,-8.4456181],[123.0263197,-8.445641],[123.0262346,-8.445663],[123.0260046,-8.4456389],[123.0253208,-8.4455667],[123.0253201,-8.4455673],[123.0253169,-8.4455704],[123.025255,-8.4456285],[123.0251443,-8.4459258],[123.0252041,-8.4461828],[123.0252244,-8.4462271],[123.0252052,-8.446243],[123.0252824,-8.4472571],[123.0251755,-8.4476905],[123.0251715,-8.4479727],[123.0255198,-8.448559],[123.0255378,-8.448585],[123.0261638,-8.4493699],[123.026299,-8.4495394],[123.0263914,-8.4496948],[123.0264368,-8.4497711],[123.0265872,-8.4500753],[123.0266511,-8.4502718],[123.0267792,-8.4507912],[123.0268626,-8.4511325],[123.0268688,-8.4512196],[123.0268562,-8.4516861],[123.0269297,-8.4520736],[123.0269379,-8.452117],[123.0269653,-8.4524526],[123.0269018,-8.4528001],[123.0268874,-8.452869],[123.0268347,-8.4531201],[123.0268069,-8.4540119],[123.0268773,-8.4543677],[123.0268972,-8.4544684],[123.0268019,-8.4552352],[123.0267011,-8.4568809],[123.0266937,-8.4572174],[123.0266922,-8.4574086],[123.0266819,-8.4575637],[123.0266698,-8.4579377],[123.0266785,-8.4583039],[123.0266443,-8.4585421],[123.0264278,-8.4589063],[123.0262408,-8.4593298],[123.0261795,-8.4595994],[123.0261045,-8.4600555],[123.0260384,-8.4607723],[123.026224,-8.4613351],[123.0261662,-8.4618465],[123.0261801,-8.4624331],[123.0262079,-8.4636039],[123.0262113,-8.4643891],[123.0262221,-8.4647158],[123.0262714,-8.4654617],[123.0262792,-8.465907],[123.0262801,-8.4659225],[123.0262872,-8.4660419],[123.0262899,-8.4660865],[123.0264734,-8.466156],[123.0268686,-8.4662095],[123.0270946,-8.4662385],[123.0272686,-8.4662758],[123.0276828,-8.4662539],[123.0280382,-8.4661428],[123.0283946,-8.4659777],[123.0285239,-8.4659019],[123.02878,-8.4658569],[123.028944,-8.4658001],[123.0291751,-8.4656283],[123.029652,-8.4653416],[123.0298803,-8.4652339],[123.0300852,-8.4651855],[123.0303001,-8.4650517],[123.0304753,-8.4649766],[123.030893,-8.4647878],[123.0309372,-8.4647693],[123.0310891,-8.4647058],[123.0312127,-8.4646173],[123.0313305,-8.4645941],[123.0335622,-8.4633124],[123.0346413,-8.4627142],[123.0368271,-8.4619201],[123.0373041,-8.461868],[123.0379516,-8.4617972],[123.0385374,-8.4618616],[123.0390431,-8.4619373],[123.0395807,-8.4619995],[123.0397774,-8.4620369],[123.0400583,-8.4621109],[123.0405343,-8.4619985],[123.0410463,-8.4616137],[123.0416286,-8.4610579],[123.0419816,-8.4607468],[123.0423269,-8.4603782],[123.0425625,-8.4601303],[123.0427462,-8.4600113],[123.0431581,-8.4600538],[123.0435087,-8.4602318],[123.043721,-8.4603999],[123.044053,-8.4606104],[123.0445514,-8.4609451],[123.0450246,-8.4611493],[123.0454031,-8.4613177],[123.0458479,-8.4615156],[123.0466871,-8.4618687],[123.0473936,-8.4621735],[123.0480551,-8.4623226],[123.0486959,-8.4622579],[123.0502778,-8.4622054],[123.0509298,-8.4622108],[123.0515755,-8.4620756],[123.05195,-8.4620198],[123.052449,-8.4620796],[123.0531849,-8.4624093],[123.0534591,-8.4626209],[123.0537073,-8.4628139],[123.0539593,-8.4630388],[123.0542888,-8.463278],[123.0544586,-8.4634119],[123.0547367,-8.4636554],[123.0552184,-8.4641087],[123.0556166,-8.4645607],[123.0559185,-8.4648676],[123.0560826,-8.4651711],[123.0558628,-8.4654995],[123.0555425,-8.465905],[123.0553545,-8.4661264],[123.0549981,-8.466428],[123.0544914,-8.4666618],[123.0541483,-8.4667819],[123.0539197,-8.4669525],[123.0537993,-8.467041],[123.0536466,-8.4670662],[123.053418,-8.4670726],[123.0532721,-8.4670915],[123.0530879,-8.4671548],[123.0529228,-8.4672812],[123.0527477,-8.4675114],[123.0525181,-8.4677336],[123.0522631,-8.4679756],[123.0519551,-8.468289],[123.0516503,-8.4685992],[123.0514248,-8.4688693],[123.0512775,-8.4691889],[123.0511701,-8.4695748],[123.0511151,-8.4700076],[123.0510714,-8.4703666],[123.0510222,-8.4707704],[123.0510013,-8.470908],[123.0509715,-8.471104],[123.0509472,-8.4715227],[123.0509456,-8.4715489],[123.0509151,-8.4717734],[123.0508336,-8.4720181],[123.0508299,-8.4727944],[123.0508271,-8.4733937],[123.050805,-8.4734559],[123.0506316,-8.4739447],[123.0505898,-8.4740624],[123.0503631,-8.4747012],[123.0503036,-8.4748689],[123.0502439,-8.4749961],[123.0500816,-8.4753418],[123.049497,-8.4765874],[123.0492821,-8.4770451],[123.0492091,-8.4772008],[123.0487903,-8.478457],[123.0483525,-8.4797706],[123.0482547,-8.4803299],[123.0480193,-8.4816766],[123.0478481,-8.482656],[123.0478409,-8.4826974],[123.0474835,-8.4837695],[123.0473174,-8.4842678],[123.0471812,-8.4847844],[123.0468213,-8.4861494],[123.0465143,-8.487314],[123.0464646,-8.4875024],[123.0460537,-8.4886458],[123.0457373,-8.4895263],[123.0459962,-8.4896099],[123.0462733,-8.4896994],[123.0463398,-8.4897191],[123.0466056,-8.489798],[123.0470243,-8.4898843],[123.0471606,-8.4899124],[123.0473819,-8.4900069],[123.0477213,-8.4902129],[123.0477219,-8.4902134],[123.0481468,-8.4905867],[123.0483142,-8.4906927],[123.0483501,-8.4907242],[123.0484121,-8.4907787],[123.0487584,-8.4913862],[123.0487974,-8.4914545],[123.0489343,-8.4915588],[123.0489348,-8.4915589],[123.0489459,-8.4915616],[123.0490766,-8.4915938],[123.0493151,-8.4916596],[123.049474,-8.4917222],[123.0497001,-8.4918113],[123.0499527,-8.4919117],[123.0501462,-8.4919885],[123.0504046,-8.4920351],[123.0504612,-8.4920453],[123.0504643,-8.4920459],[123.0505572,-8.4920282],[123.0506175,-8.4920167],[123.0507667,-8.491944],[123.050945,-8.491857],[123.0513033,-8.4916405],[123.0513926,-8.4915194],[123.0514479,-8.4914345],[123.051497,-8.4913591],[123.0516795,-8.4912016],[123.0522127,-8.49087],[123.0526505,-8.4906183],[123.052907,-8.4904987],[123.0534805,-8.4903511],[123.0534806,-8.4903511],[123.0541154,-8.4904635],[123.0543198,-8.4906361],[123.0543686,-8.4906766],[123.0544616,-8.4907538],[123.0545742,-8.4909006],[123.0545759,-8.4909625],[123.0545787,-8.4910641],[123.0546491,-8.4912523],[123.054732,-8.4913119],[123.0547329,-8.4913117],[123.0548499,-8.4912843],[123.0548871,-8.4912756],[123.0550743,-8.4911647],[123.055077,-8.4911631],[123.0550774,-8.4911628],[123.0551494,-8.4911319],[123.0552046,-8.4910123],[123.0552804,-8.4909315],[123.0553333,-8.4909099],[123.0553756,-8.4908925],[123.0553756,-8.4908925],[123.0553866,-8.4908934],[123.0555187,-8.4909045],[123.0558774,-8.4909571],[123.0559416,-8.490961],[123.056166,-8.4909748],[123.0563226,-8.4910137],[123.0564748,-8.4910514],[123.0567331,-8.4912185],[123.056833,-8.4913556],[123.0569145,-8.4914674],[123.0570216,-8.4915069],[123.0571349,-8.4915807],[123.0571509,-8.4916525]]]]}},
{"type":"Feature","properties":{"OBJECTID":80328.0,"NAMOBJ":"Adonara","KDCBPS":"530617","WADMKC":"Adonara","WADMKK":"Flores Timur","WADMPR":"Nusa Tenggara Timur","Penduduk":12590,"luas_km2":56.577},"geometry":{"type":"MultiPolygon","coordinates":[[[[123.2041134,-8.2985951],[123.2039271,-8.2975266],[123.2038604,-8.2971439],[123.2040498,-8.2970081],[123.2044477,-8.2965791],[123.2046231,-8.2963415],[123.2047007,-8.2961459],[123.2047185,-8.2958285],[123.2046825,-8.2956275],[123.2042365,-8.2950441],[123.2040773,-8.2947779],[123.2040493,-8.2947209],[123.2040512,-8.2947123],[123.2041985,-8.2943536],[123.2041995,-8.2943489],[123.2042156,-8.2942724],[123.2042671,-8.2940279],[123.2042873,-8.2938129],[123.2040289,-8.293037],[123.2038934,-8.292529],[123.2038584,-8.2921984],[123.2035639,-8.2916203],[123.2034286,-8.2913289],[123.2033559,-8.2909665],[123.2033623,-8.2906463],[123.2033847,-8.2905637],[123.2034151,-8.290517],[123.2035454,-8.2903188],[123.2036547,-8.2900813],[123.2039071,-8.2898265],[123.204042,-8.2897478],[123.204197,-8.2896575],[123.2046616,-8.2895664],[123.2052025,-8.2894856],[123.2053871,-8.2894275],[123.2056579,-8.2891674],[123.2058765,-8.2888975],[123.2059666,-8.2886791],[123.2058917,-8.2882704],[123.2058886,-8.2876617],[123.2059171,-8.2872025],[123.2060545,-8.2865884],[123.2061112,-8.2864109],[123.2061969,-8.2862813],[123.2063388,-8.2860817],[123.2064517,-8.2859227],[123.2066685,-8.2856423],[123.2067434,-8.2854467],[123.206734,-8.28522],[123.2067072,-8.2849889],[123.2067264,-8.2847113],[123.2069463,-8.2842918],[123.2070565,-8.2840203],[123.207302,-8.2833127],[123.2074521,-8.2830855],[123.2079109,-8.2827143],[123.2083712,-8.2823513],[123.2088054,-8.2818976],[123.2088277,-8.2818744],[123.2088585,-8.2818422],[123.20901,-8.2816839],[123.2092435,-8.2813343],[123.2094386,-8.2804064],[123.2094439,-8.2803735],[123.2093653,-8.2789283],[123.2093487,-8.2783421],[123.2094609,-8.2781176],[123.2096286,-8.2777818],[123.2096835,-8.2776081],[123.2096565,-8.2773015],[123.2095843,-8.2769115],[123.2095221,-8.2763548],[123.2095114,-8.2762599],[123.2095098,-8.2761835],[123.2093448,-8.2751814],[123.2093322,-8.2749763],[123.2093412,-8.2748334],[123.2094883,-8.2746004],[123.2096835,-8.2743074],[123.2098609,-8.2736869],[123.2099622,-8.2727728],[123.2099722,-8.2726826],[123.2100086,-8.2724083],[123.2101892,-8.2719097],[123.210414,-8.2714725],[123.2105829,-8.2712675],[123.2108444,-8.2709501],[123.2108689,-8.2709225],[123.2112067,-8.269972],[123.2113219,-8.2696628],[123.2113127,-8.2693966],[123.2114853,-8.2688479],[123.2117873,-8.2682194],[123.212061,-8.267911],[123.2124514,-8.2675116],[123.2130112,-8.2671009],[123.2137707,-8.2666469],[123.2144407,-8.266352],[123.2149621,-8.2663493],[123.2155357,-8.2661949],[123.2157925,-8.2660471],[123.2160053,-8.2659246],[123.216231,-8.2656927],[123.2165789,-8.2653445],[123.2170295,-8.2648557],[123.2175821,-8.2642012],[123.2181077,-8.2634848],[123.2190784,-8.2627304],[123.2200252,-8.2620206],[123.2210547,-8.2613459],[123.2225444,-8.2602947],[123.2242553,-8.2592872],[123.2253772,-8.2584707],[123.2253415,-8.2583846],[123.2253497,-8.25815],[123.2254591,-8.2579165],[123.2256108,-8.2577151],[123.2257255,-8.2575945],[123.2260593,-8.2566996],[123.2261451,-8.2564505],[123.2262401,-8.2563069],[123.2262421,-8.2563039],[123.2266486,-8.2560716],[123.2269021,-8.2559195],[123.227024,-8.2557468],[123.2270775,-8.25545],[123.2270568,-8.2552715],[123.2269423,-8.2550219],[123.2269362,-8.2550066],[123.2267943,-8.2546488],[123.2266558,-8.2544171],[123.2264966,-8.2542028],[123.2264724,-8.2537634],[123.2265061,-8.2535871],[123.2266867,-8.2526426],[123.2267474,-8.2524113],[123.22703,-8.2520537],[123.2271955,-8.2518007],[123.227279,-8.2515896],[123.2276714,-8.2511314],[123.2277079,-8.2510978],[123.227865,-8.250953],[123.2281377,-8.250571],[123.2282514,-8.2504179],[123.2284148,-8.2502351],[123.2285174,-8.2500028],[123.2285184,-8.2500006],[123.2285186,-8.25],[123.2285243,-8.2499872],[123.2288196,-8.2495716],[123.2289051,-8.2494593],[123.2287506,-8.2493458],[123.2285633,-8.2490349],[123.228307,-8.2484821],[123.2278477,-8.2474959],[123.2276366,-8.2469713],[123.2273404,-8.2459558],[123.2271518,-8.2451598],[123.22701,-8.2445625],[123.226752,-8.2439065],[123.2264177,-8.2432121],[123.2260624,-8.2424777],[123.2257444,-8.2419144],[123.2249281,-8.2423121],[123.2235866,-8.2426046],[123.223221,-8.2427441],[123.2228756,-8.2429555],[123.2224454,-8.2433907],[123.2221996,-8.2436029],[123.2216815,-8.2438394],[123.2211676,-8.2439585],[123.2205783,-8.2440491],[123.2189635,-8.2440526],[123.2183509,-8.2440032],[123.2181063,-8.2439765],[123.2178944,-8.2438986],[123.2178486,-8.2438712],[123.2169816,-8.2435725],[123.2163534,-8.2433863],[123.2159464,-8.2431956],[123.2151534,-8.2426359],[123.2146128,-8.2422189],[123.213985,-8.2414719],[123.2137743,-8.2411327],[123.2133651,-8.2405415],[123.2129717,-8.239981],[123.2127864,-8.2397271],[123.2123895,-8.2392848],[123.2123666,-8.2392519],[123.2121777,-8.2389801],[123.212168,-8.2389662],[123.2118788,-8.2385748],[123.2117664,-8.2382069],[123.211748,-8.2381465],[123.2114922,-8.2374921],[123.2114129,-8.2369072],[123.211397,-8.2367902],[123.2114386,-8.2363738],[123.2115279,-8.2357611],[123.2116231,-8.2352852],[123.2116221,-8.2352777],[123.2115338,-8.234613],[123.2115755,-8.2339408],[123.2117956,-8.2336374],[123.2120692,-8.233453],[123.2121319,-8.2334258],[123.2122477,-8.2333757],[123.2123488,-8.2332864],[123.2124202,-8.2329831],[123.2125094,-8.2327273],[123.2126343,-8.2325429],[123.2127051,-8.2325185],[123.2128247,-8.2324774],[123.2129377,-8.2324239],[123.2130983,-8.232406],[123.2132827,-8.2323644],[123.2134017,-8.2323466],[123.2134731,-8.2322514],[123.2137016,-8.2321225],[123.2137023,-8.2320972],[123.2137096,-8.2318519],[123.2137164,-8.2316245],[123.2136566,-8.2313729],[123.213122,-8.2303756],[123.212714,-8.2294676],[123.2124519,-8.2289295],[123.2122881,-8.2286935],[123.2117361,-8.2280321],[123.2114396,-8.2272346],[123.2113865,-8.2270041],[123.2114024,-8.2267289],[123.2115015,-8.2264275],[123.2115857,-8.2262304],[123.2116034,-8.2260467],[123.2115582,-8.2258709],[123.2114578,-8.2257196],[123.2113538,-8.225437],[123.2105765,-8.2243647],[123.2104152,-8.2242077],[123.2101774,-8.2241335],[123.2100098,-8.2241316],[123.2098599,-8.2241299],[123.2095579,-8.224206],[123.2093313,-8.224383],[123.2089225,-8.2246694],[123.2087218,-8.2247996],[123.2083941,-8.2251437],[123.2079258,-8.2255314],[123.2077135,-8.2256601],[123.2075447,-8.2257087],[123.2070769,-8.225652],[123.2067512,-8.2255658],[123.206574,-8.2254719],[123.2064007,-8.2253112],[123.2061362,-8.2252356],[123.2054642,-8.2253155],[123.2053343,-8.2253817],[123.2050768,-8.2256797],[123.2049255,-8.2258904],[123.2046188,-8.2261547],[123.2042384,-8.2263707],[123.2038593,-8.2264573],[123.2033413,-8.2264559],[123.2023449,-8.2264025],[123.2016473,-8.2264292],[123.2010319,-8.2264393],[123.200607,-8.2263798],[123.2000396,-8.2260438],[123.1993711,-8.2257101],[123.1991145,-8.225582],[123.1984872,-8.2252852],[123.197946,-8.2251109],[123.1976435,-8.2250335],[123.1972695,-8.2249378],[123.1966669,-8.2247947],[123.1963203,-8.224748],[123.1961224,-8.224764],[123.1957634,-8.2252368],[123.1951433,-8.2258624],[123.1948951,-8.2261252],[123.194768,-8.2263463],[123.1946934,-8.2265776],[123.1947222,-8.2269858],[123.1946486,-8.2273262],[123.1945158,-8.2276746],[123.1941797,-8.2282081],[123.1937036,-8.2290146],[123.1935705,-8.2293202],[123.1934471,-8.229757],[123.1933545,-8.2302882],[123.1933252,-8.2305308],[123.1935157,-8.2313827],[123.1935464,-8.2315701],[123.1935295,-8.2316406],[123.193427,-8.2320657],[123.1933819,-8.2321942],[123.1933197,-8.2323716],[123.192865,-8.2331323],[123.1924443,-8.2337003],[123.1923405,-8.2338405],[123.1915425,-8.2346968],[123.1912047,-8.235012],[123.1911866,-8.2350289],[123.191157,-8.2350566],[123.1911544,-8.235059],[123.1911543,-8.235059],[123.1911493,-8.2350637],[123.1911453,-8.2350666],[123.1911441,-8.2350674],[123.1911424,-8.2350686],[123.191141,-8.2350696],[123.1905349,-8.2354982],[123.190482,-8.2355294],[123.1904722,-8.2355352],[123.1899397,-8.2358494],[123.1890068,-8.2363874],[123.1886832,-8.2365647],[123.1880015,-8.2368072],[123.1875388,-8.2369336],[123.1868884,-8.2369997],[123.1866202,-8.2369831],[123.1862142,-8.2367077],[123.1858021,-8.2364366],[123.185641,-8.2363306],[123.1853001,-8.2360596],[123.1850433,-8.2359145],[123.1847934,-8.2359263],[123.1844147,-8.2362009],[123.1842317,-8.236336],[123.1841134,-8.2364028],[123.1839831,-8.236741],[123.1839376,-8.2371738],[123.1835599,-8.238444],[123.1835097,-8.2389996],[123.1834872,-8.2391958],[123.1833466,-8.2394255],[123.1831942,-8.2398941],[123.1831367,-8.2400293],[123.1829434,-8.2401222],[123.1826013,-8.2402865],[123.1823192,-8.2403901],[123.1818208,-8.240471],[123.1810205,-8.2404549],[123.1803722,-8.2403664],[123.1800936,-8.2402871],[123.1798268,-8.2401696],[123.1797516,-8.2401076],[123.1797155,-8.2400778],[123.1796514,-8.2399167],[123.1796531,-8.239286],[123.1796538,-8.2390984],[123.1795403,-8.23885],[123.179442,-8.2387489],[123.1792404,-8.2387239],[123.1780116,-8.2391778],[123.1775254,-8.2393477],[123.1767384,-8.2395458],[123.1764307,-8.2395878],[123.1763673,-8.2395839],[123.1758109,-8.2394842],[123.175204,-8.2393446],[123.173864,-8.23929],[123.1736719,-8.2392931],[123.173492,-8.2392961],[123.1724137,-8.239408],[123.1718835,-8.2393565],[123.1715936,-8.2393277],[123.1715281,-8.2393212],[123.1711237,-8.2393531],[123.1709044,-8.2394152],[123.1708676,-8.239449],[123.1703601,-8.2399153],[123.1699447,-8.2402327],[123.1696261,-8.2403886],[123.1689194,-8.2405231],[123.1684608,-8.24039],[123.1678222,-8.2401876],[123.1670742,-8.2401276],[123.166791,-8.2401423],[123.1666124,-8.240194],[123.1665439,-8.240261],[123.1664123,-8.2403895],[123.1661743,-8.2406392],[123.1659998,-8.2407494],[123.1657802,-8.2407994],[123.1652762,-8.2407305],[123.1650456,-8.2407092],[123.1648374,-8.2407633],[123.1643757,-8.2408209],[123.1640967,-8.2409309],[123.1639711,-8.2409881],[123.1638885,-8.2410257],[123.163441,-8.2409924],[123.1631414,-8.2409672],[123.162922,-8.2410038],[123.1627624,-8.2411186],[123.1623402,-8.2414223],[123.1621931,-8.2415039],[123.1616485,-8.2415186],[123.1611081,-8.2414454],[123.1606704,-8.2413965],[123.1602648,-8.2414137],[123.1600688,-8.2413743],[123.1598605,-8.2412448],[123.1596441,-8.2406161],[123.1592641,-8.2397205],[123.1590337,-8.2391771],[123.1589329,-8.2390464],[123.1587453,-8.2389497],[123.1585371,-8.2388915],[123.1583889,-8.2387691],[123.1583118,-8.2386679],[123.1581964,-8.2386212],[123.1579708,-8.2386339],[123.1576528,-8.2386779],[123.1574514,-8.2387051],[123.1574233,-8.2387218],[123.157141,-8.2388894],[123.1568864,-8.2390833],[123.1566083,-8.2392052],[123.156376,-8.2393023],[123.1562084,-8.2394235],[123.1561618,-8.2395051],[123.1562527,-8.2396931],[123.1562733,-8.2397411],[123.1563139,-8.2398358],[123.1562882,-8.239882],[123.155982,-8.2398299],[123.1555049,-8.2396976],[123.1551851,-8.2395455],[123.1548786,-8.239365],[123.1543009,-8.2389859],[123.1538396,-8.2386092],[123.153522,-8.2381936],[123.1533016,-8.237734],[123.1531542,-8.2372768],[123.1530679,-8.2368628],[123.1529191,-8.236177],[123.1528124,-8.2356985],[123.1527781,-8.2355146],[123.152771,-8.2354762],[123.152761,-8.2354226],[123.1522676,-8.2346216],[123.1520416,-8.2343735],[123.1502234,-8.2330994],[123.1498675,-8.2328759],[123.1495976,-8.2327226],[123.1493429,-8.2324891],[123.1491684,-8.2323167],[123.1488705,-8.2321624],[123.1486339,-8.2321023],[123.1483864,-8.2321078],[123.1472097,-8.2324727],[123.1464863,-8.2328409],[123.1457837,-8.2330845],[123.1450603,-8.2332727],[123.1444773,-8.2333535],[123.1440207,-8.233401],[123.1434301,-8.2335312],[123.1425904,-8.2337039],[123.1423555,-8.2337019],[123.1421511,-8.2337004],[123.1419831,-8.2337728],[123.1418608,-8.233877],[123.1417112,-8.2346504],[123.1415167,-8.2354132],[123.1414066,-8.2358001],[123.1414005,-8.2359544],[123.1416551,-8.2367517],[123.1417811,-8.2370671],[123.1419076,-8.2372631],[123.1427107,-8.2381833],[123.1428124,-8.2383411],[123.1428467,-8.2385228],[123.1424888,-8.2391415],[123.1422926,-8.2393968],[123.1417432,-8.2398966],[123.1414788,-8.2400985],[123.1413224,-8.2402179],[123.1407812,-8.2405394],[123.1406688,-8.2405739],[123.1403048,-8.2406857],[123.1401716,-8.2406965],[123.1396921,-8.2402354],[123.1395608,-8.2400722],[123.1394189,-8.2399954],[123.1391519,-8.2399624],[123.1386324,-8.2400053],[123.1381139,-8.2401567],[123.1378743,-8.2402781],[123.1373817,-8.2406631],[123.1371798,-8.2408044],[123.1368903,-8.2408843],[123.1364342,-8.2409513],[123.1360066,-8.2410141],[123.1358424,-8.2410138],[123.1356782,-8.2410136],[123.1352932,-8.2409841],[123.1347014,-8.2410902],[123.1341321,-8.2412266],[123.1335366,-8.2414189],[123.1331058,-8.2415967],[123.1329094,-8.2417376],[123.1325345,-8.2426448],[123.1324929,-8.2427364],[123.1324558,-8.2428187],[123.1324558,-8.2428187],[123.1323503,-8.243114],[123.1320675,-8.2436827],[123.1319807,-8.2438535],[123.131779,-8.2443347],[123.1317688,-8.2443698],[123.1317339,-8.24449],[123.1317113,-8.2445679],[123.1315157,-8.2448769],[123.131508,-8.2448864],[123.1314501,-8.2449567],[123.1313188,-8.2451162],[123.1311861,-8.2452017],[123.1311351,-8.2452346],[123.1308324,-8.2453379],[123.1307924,-8.2453439],[123.1307301,-8.2453533],[123.1306309,-8.2453062],[123.1304314,-8.245238],[123.1304311,-8.2452379],[123.1303412,-8.2452488],[123.1301423,-8.2452729],[123.1300695,-8.2453326],[123.1300632,-8.2453377],[123.1299392,-8.2454491],[123.1299229,-8.2454638],[123.1295645,-8.2455494],[123.1294567,-8.2456236],[123.129193,-8.2456594],[123.1289779,-8.2456286],[123.1287557,-8.2454855],[123.1286801,-8.2454827],[123.1284472,-8.2455357],[123.1283185,-8.2456139],[123.1281899,-8.2457319],[123.1280992,-8.2457299],[123.128014,-8.2457281],[123.1275897,-8.2457268],[123.1270426,-8.2458178],[123.1268176,-8.2459038],[123.1267833,-8.2460201],[123.1267412,-8.2462981],[123.1266959,-8.2464636],[123.1266112,-8.2466021],[123.1264254,-8.246688],[123.1257668,-8.2469653],[123.1255572,-8.2471508],[123.1255029,-8.2472906],[123.1253573,-8.2477158],[123.1253032,-8.2479547],[123.1252568,-8.2481602],[123.1252383,-8.2485341],[123.1251728,-8.2487118],[123.125,-8.2488434],[123.1247936,-8.2490005],[123.124496,-8.2490686],[123.124268,-8.2491422],[123.1237214,-8.2493861],[123.1233456,-8.2494697],[123.12316,-8.2495298],[123.1228811,-8.2497369],[123.1226459,-8.25],[123.1226458,-8.25],[123.1226458,-8.2500001],[123.1226456,-8.2500004],[123.1224653,-8.250202],[123.122411,-8.2503584],[123.1223412,-8.2505374],[123.1222368,-8.2506306],[123.1220675,-8.2508141],[123.1218308,-8.2512384],[123.1217737,-8.2513406],[123.1215569,-8.2521646],[123.1215216,-8.2523407],[123.1214843,-8.2526523],[123.1214247,-8.2528235],[123.1212524,-8.2533181],[123.1212122,-8.2536975],[123.1209214,-8.2538588],[123.1206945,-8.2538958],[123.1205732,-8.2538598],[123.1203974,-8.2538434],[123.120133,-8.2537877],[123.1200025,-8.253784],[123.1194993,-8.2538697],[123.119265,-8.2539802],[123.1190455,-8.2541371],[123.1188089,-8.2545093],[123.1188054,-8.2545579],[123.1188054,-8.254558],[123.1187622,-8.2548789],[123.1187416,-8.2550321],[123.1187383,-8.2553037],[123.1185315,-8.2558315],[123.1184032,-8.2559762],[123.1182504,-8.2561212],[123.1182026,-8.2561691],[123.1179539,-8.2564693],[123.1174653,-8.257253],[123.117208,-8.2576655],[123.1174236,-8.2576033],[123.1178893,-8.257686],[123.1179878,-8.2577217],[123.1181334,-8.2579921],[123.1182139,-8.2581531],[123.1184042,-8.2582473],[123.1184313,-8.2582607],[123.1188918,-8.2584884],[123.1194521,-8.2584519],[123.1195414,-8.2584885],[123.1199277,-8.2585432],[123.1203417,-8.2586743],[123.1205611,-8.2587769],[123.1207995,-8.2589803],[123.1209363,-8.2591583],[123.1210041,-8.2594373],[123.1210228,-8.2595234],[123.1211693,-8.259639],[123.1214454,-8.2597222],[123.1216056,-8.2597254],[123.1221522,-8.2594367],[123.1223515,-8.2593483],[123.1227306,-8.2593282],[123.1239677,-8.2597261],[123.1241407,-8.2597818],[123.1244911,-8.2598866],[123.1245909,-8.2598925],[123.1248552,-8.259908],[123.1249999,-8.2599149],[123.125,-8.2599149],[123.125,-8.2599149],[123.1252742,-8.259928],[123.1255466,-8.2599409],[123.125918,-8.2600297],[123.1262008,-8.2600621],[123.1269682,-8.2601403],[123.1273395,-8.2601902],[123.1280397,-8.2601476],[123.1282572,-8.2601236],[123.1287084,-8.2600738],[123.1299764,-8.2596096],[123.1302301,-8.2595167],[123.1306195,-8.2593406],[123.1309758,-8.2591016],[123.1315776,-8.2585389],[123.1318005,-8.2582688],[123.1321109,-8.2577611],[123.1326733,-8.2572277],[123.1329706,-8.2568533],[123.1331685,-8.2565884],[123.1338072,-8.2559514],[123.1341629,-8.2556548],[123.1344531,-8.2554702],[123.134618,-8.2553653],[123.1349502,-8.2552145],[123.1352534,-8.2551752],[123.1355021,-8.255202],[123.1363653,-8.2552463],[123.1368213,-8.2553664],[123.1369936,-8.2554486],[123.1370718,-8.2554702],[123.1373235,-8.2555396],[123.1373468,-8.2555461],[123.1373714,-8.2555529],[123.137437,-8.255571],[123.137437,-8.255571],[123.1377917,-8.2556689],[123.1381166,-8.2557256],[123.1385914,-8.2557397],[123.1388513,-8.2556952],[123.1390676,-8.2556201],[123.1395514,-8.2555858],[123.1399762,-8.2555725],[123.1401818,-8.2555656],[123.1404764,-8.2559555],[123.1407294,-8.2564523],[123.1412524,-8.257511],[123.1416928,-8.2580215],[123.1422819,-8.2584936],[123.1425882,-8.2587374],[123.1430535,-8.2592707],[123.1433049,-8.2595952],[123.143475,-8.2598886],[123.1435947,-8.2600658],[123.1440539,-8.2603858],[123.1450622,-8.2611104],[123.1456446,-8.2616415],[123.1460537,-8.2619744],[123.1476623,-8.2633039],[123.1479415,-8.2635117],[123.1482371,-8.2637322],[123.1482497,-8.2637416],[123.1484611,-8.2639006],[123.1492817,-8.2645278],[123.1494248,-8.2646463],[123.1495715,-8.2648631],[123.1496355,-8.2649991],[123.149789,-8.2651101],[123.1499749,-8.2651036],[123.1501711,-8.2650679],[123.1502462,-8.2650994],[123.1503045,-8.2652479],[123.1503164,-8.265395],[123.1504347,-8.2655998],[123.1505369,-8.2657079],[123.1506489,-8.2658263],[123.1508435,-8.2661456],[123.1509093,-8.2663291],[123.1509496,-8.2667107],[123.1510016,-8.266851],[123.1510789,-8.2669818],[123.1513186,-8.2673094],[123.1514205,-8.2674706],[123.1516981,-8.2685002],[123.1518141,-8.2690774],[123.1519744,-8.2706726],[123.1520521,-8.2709914],[123.152155,-8.2714806],[123.1521549,-8.2714828],[123.152146,-8.2716909],[123.1521332,-8.2718515],[123.152133,-8.2718543],[123.152142,-8.2718805],[123.152209,-8.2720764],[123.1522177,-8.2720859],[123.1525289,-8.2724254],[123.1528682,-8.2727096],[123.1529887,-8.2728105],[123.1530817,-8.273084],[123.1531611,-8.2733181],[123.1532673,-8.2736313],[123.1532983,-8.2737484],[123.1532116,-8.2738485],[123.1531125,-8.2739209],[123.1530651,-8.2740359],[123.1530812,-8.2742226],[123.1531701,-8.2743708],[123.1533396,-8.2745163],[123.1533451,-8.274521],[123.1536181,-8.2746352],[123.153851,-8.2747371],[123.1541999,-8.2750681],[123.1543614,-8.2753112],[123.1544106,-8.2755521],[123.1543842,-8.2760935],[123.1543802,-8.2761754],[123.1543759,-8.2764951],[123.1544158,-8.2767094],[123.1545381,-8.2768476],[123.1547081,-8.2770036],[123.1548264,-8.277192],[123.1548521,-8.2773197],[123.1548234,-8.2773796],[123.1547811,-8.277468],[123.1546593,-8.277622],[123.1546398,-8.2776861],[123.1545643,-8.2779347],[123.1545479,-8.2781479],[123.1547677,-8.2786426],[123.1548605,-8.2787438],[123.1552715,-8.2788514],[123.1556752,-8.2789546],[123.1558809,-8.2790452],[123.1560936,-8.2793238],[123.1561985,-8.2795049],[123.1562286,-8.2796539],[123.15623,-8.279857],[123.1562689,-8.2799143],[123.156319,-8.2799882],[123.156479,-8.2801056],[123.1567797,-8.2802426],[123.1576728,-8.2808112],[123.1580046,-8.2809744],[123.1588124,-8.2813657],[123.1588441,-8.281381],[123.1589921,-8.2814343],[123.1595059,-8.2818162],[123.1596714,-8.2818467],[123.1600251,-8.2817036],[123.1601957,-8.281565],[123.1603121,-8.2813926],[123.1603719,-8.2813354],[123.1605098,-8.2813367],[123.1606359,-8.2814071],[123.1609157,-8.2818342],[123.1610904,-8.2820585],[123.1614487,-8.2823032],[123.1616067,-8.2823775],[123.1619929,-8.282559],[123.1624646,-8.2828496],[123.1626209,-8.2829459],[123.1627503,-8.2830605],[123.1629144,-8.2833296],[123.1629988,-8.2834176],[123.1632769,-8.2834879],[123.1635753,-8.2835611],[123.1635799,-8.283563],[123.1639197,-8.2837025],[123.1640517,-8.2837181],[123.1642125,-8.2836845],[123.1643431,-8.2836986],[123.164539,-8.2838071],[123.1647766,-8.2839458],[123.1650696,-8.284324],[123.1652022,-8.284481],[123.1659379,-8.284851],[123.1662741,-8.2850109],[123.1666019,-8.2852197],[123.1668448,-8.2853804],[123.1672241,-8.2855349],[123.1675672,-8.2855989],[123.1677948,-8.2856547],[123.1680106,-8.2857682],[123.1681437,-8.285902],[123.168441,-8.2862696],[123.1686019,-8.28643],[123.1688118,-8.2865499],[123.1691462,-8.2866289],[123.1698964,-8.2868289],[123.1701871,-8.2869451],[123.1708161,-8.2871965],[123.1715258,-8.2875122],[123.1716644,-8.2875737],[123.1719895,-8.287718],[123.1721651,-8.2879143],[123.1722574,-8.2880176],[123.1725556,-8.2883509],[123.1726621,-8.28847],[123.1729702,-8.288701],[123.1733319,-8.2889252],[123.1735829,-8.2892931],[123.1739159,-8.2897812],[123.1741362,-8.2900839],[123.1743359,-8.2902433],[123.1746934,-8.2904193],[123.1752369,-8.2905394],[123.1755029,-8.2905908],[123.1756067,-8.2906155],[123.1758964,-8.2906974],[123.1761217,-8.2908746],[123.1762389,-8.2910039],[123.1763596,-8.2910886],[123.1766061,-8.2913117],[123.1769595,-8.2915724],[123.1771015,-8.2916986],[123.1772343,-8.2920724],[123.1772385,-8.2920843],[123.1773699,-8.2928902],[123.1774301,-8.2932004],[123.1775364,-8.2936208],[123.1776185,-8.2939754],[123.1777003,-8.2941395],[123.1778126,-8.2942237],[123.1780476,-8.2942246],[123.1782642,-8.2942009],[123.1784876,-8.294368],[123.1786651,-8.2945007],[123.1789851,-8.2947229],[123.1791762,-8.2949074],[123.179519,-8.2956141],[123.179596,-8.2957855],[123.1795949,-8.295859],[123.1794651,-8.2959911],[123.1794265,-8.2961274],[123.1792958,-8.296589],[123.1793109,-8.2969324],[123.1793332,-8.2970098],[123.1795315,-8.297105],[123.1803097,-8.2973798],[123.1808212,-8.2975219],[123.1810502,-8.2975892],[123.1814348,-8.2977957],[123.1814784,-8.2978245],[123.1815605,-8.2979567],[123.1816594,-8.2983829],[123.1816784,-8.2987902],[123.1816321,-8.2993404],[123.1816317,-8.2993417],[123.1815328,-8.299672],[123.1812791,-8.3001198],[123.1806049,-8.3011045],[123.1804906,-8.301304],[123.180301,-8.3016518],[123.1801252,-8.3020626],[123.1800506,-8.3023293],[123.1800396,-8.3025513],[123.1800288,-8.3025977],[123.1800098,-8.3026825],[123.1799144,-8.3031072],[123.1797221,-8.3033897],[123.1796343,-8.3034953],[123.1794606,-8.3035523],[123.1803821,-8.3055426],[123.1818368,-8.3079024],[123.1828076,-8.3093606],[123.1831331,-8.3095334],[123.1831856,-8.3095793],[123.1844736,-8.310706],[123.1858313,-8.3113644],[123.1867749,-8.3118274],[123.1876898,-8.3120584],[123.1883646,-8.3122288],[123.1885063,-8.3122786],[123.1893641,-8.3125795],[123.1894251,-8.3126009],[123.1899502,-8.3127119],[123.1903768,-8.3129007],[123.1908358,-8.3133518],[123.1913179,-8.3139589],[123.1917606,-8.3142788],[123.1924114,-8.3148437],[123.1926688,-8.3150863],[123.1929409,-8.3153429],[123.192941,-8.3153492],[123.1935594,-8.3158774],[123.1940572,-8.3163712],[123.1951837,-8.3170798],[123.195605,-8.3173063],[123.1974044,-8.3186981],[123.1974058,-8.3186988],[123.1982586,-8.3191134],[123.1985659,-8.3193117],[123.1994097,-8.3200342],[123.1998804,-8.3202218],[123.2008674,-8.3206647],[123.2015353,-8.3209347],[123.2019452,-8.3212054],[123.2030726,-8.3219452],[123.204017,-8.3222076],[123.2045516,-8.3224374],[123.2045453,-8.3224375],[123.2055524,-8.322692],[123.2067392,-8.3228769],[123.2067842,-8.3228839],[123.2073699,-8.3229118],[123.2079806,-8.3229327],[123.2082823,-8.3229245],[123.2087855,-8.323155],[123.2088061,-8.323165],[123.2088652,-8.3231935],[123.208861,-8.3230982],[123.2088033,-8.3226304],[123.2087859,-8.3220363],[123.2086496,-8.3208197],[123.2084941,-8.3200168],[123.2083501,-8.3198207],[123.208209,-8.3195118],[123.2078634,-8.3190837],[123.2072427,-8.3180628],[123.2070699,-8.3177423],[123.2069313,-8.3170891],[123.2069002,-8.3166707],[123.2068977,-8.3165339],[123.20689,-8.3161076],[123.2069391,-8.3149983],[123.2069624,-8.3149351],[123.206962,-8.314935],[123.2069564,-8.3149031],[123.2069404,-8.3148114],[123.2069124,-8.3146505],[123.2068752,-8.3144373],[123.2068575,-8.3143358],[123.2068109,-8.314068],[123.2067913,-8.3139556],[123.2067832,-8.3139093],[123.2067433,-8.3136807],[123.206737,-8.3136441],[123.2066813,-8.3133247],[123.206662,-8.3132141],[123.2064254,-8.311857],[123.2063071,-8.3111784],[123.205799,-8.308264],[123.2041134,-8.2985951]]]]}},
{"type":"Feature","properties":{"OBJECTID":80327.0,"NAMOBJ":"Adolaba","KDCBPS":"530611","WADMKC":"Kelubagolit","WADMKK":"Flores Timur","WADMPR":"Nusa Tenggara Timur","Penduduk":13561,"luas_km2":47.215},"geometry":{"type":"MultiPolygon","coordinates":[[[[123.249918,-8.3418067],[123.2499999,-8.341854],[123.25,-8.3418521],[123.2527603,-8.3433566],[123.2527867,-8.343371],[123.2527685,-8.343339],[123.2522152,-8.3423693],[123.251638,-8.341399],[123.2510351,-8.3403979],[123.25,-8.3384903],[123.2499999,-8.3384901],[123.2499356,-8.3383749],[123.249466,-8.3378254],[123.2480718,-8.3361943],[123.2474106,-8.3350807],[123.247008,-8.3342162],[123.2467211,-8.3334359],[123.2464944,-8.332779],[123.2462927,-8.3319086],[123.2461658,-8.331011],[123.2461458,-8.3308519],[123.2460427,-8.3300319],[123.2460028,-8.3293195],[123.2459916,-8.3282996],[123.2460233,-8.3272409],[123.2460119,-8.3264275],[123.2460348,-8.3252814],[123.2460671,-8.3244605],[123.2461435,-8.3236383],[123.2461601,-8.3235694],[123.2462667,-8.3231277],[123.2463129,-8.322563],[123.2463612,-8.3218543],[123.246424,-8.3214268],[123.2466569,-8.3205875],[123.2467711,-8.3199833],[123.2468921,-8.3193977],[123.2470505,-8.3185856],[123.2470649,-8.3185343],[123.2472553,-8.3178598],[123.2474441,-8.3172284],[123.2476613,-8.3167088],[123.2478682,-8.3158389],[123.2480934,-8.3153754],[123.2482155,-8.3148273],[123.2484556,-8.3142319],[123.2484886,-8.3140996],[123.2485343,-8.3139167],[123.2487194,-8.3135858],[123.249089,-8.3126924],[123.2493256,-8.312191],[123.2495893,-8.3117577],[123.2499999,-8.3112154],[123.2506444,-8.3102465],[123.2511742,-8.3094051],[123.2516577,-8.3087708],[123.2520177,-8.3079076],[123.2521914,-8.3061667],[123.2522141,-8.3047349],[123.252241,-8.3031967],[123.2520194,-8.3019641],[123.2519548,-8.3010395],[123.2516393,-8.3002955],[123.2513309,-8.2997841],[123.250987,-8.2994423],[123.2507721,-8.2991431],[123.2504284,-8.2989296],[123.25,-8.2986744],[123.2499999,-8.2986743],[123.2496675,-8.2983962],[123.2494368,-8.2982032],[123.2488746,-8.2977328],[123.2476107,-8.2970624],[123.2470067,-8.2966106],[123.246926,-8.296554],[123.2467757,-8.2964484],[123.2464027,-8.2961588],[123.2460866,-8.2958802],[123.2458219,-8.2956438],[123.2455153,-8.2952584],[123.2450866,-8.2943571],[123.2448781,-8.2938937],[123.2447522,-8.2934592],[123.2447387,-8.2931509],[123.244733,-8.2930216],[123.2447977,-8.2924439],[123.2448489,-8.2920481],[123.2448608,-8.2909586],[123.2449091,-8.2904627],[123.2449573,-8.2899668],[123.2449851,-8.2892024],[123.2450523,-8.2887122],[123.2450917,-8.2879161],[123.2451036,-8.2872523],[123.2450887,-8.2867457],[123.2451078,-8.286113],[123.2451967,-8.2855033],[123.245237,-8.2847384],[123.2452708,-8.2841804],[123.245428,-8.2835436],[123.245581,-8.2829758],[123.245795,-8.2823499],[123.2460353,-8.2817608],[123.2462969,-8.2812524],[123.246498,-8.2808271],[123.2466897,-8.2802958],[123.2468844,-8.2798644],[123.2470973,-8.2794138],[123.247284,-8.2789264],[123.2474611,-8.2785394],[123.247718,-8.2780875],[123.2479249,-8.2776433],[123.2481942,-8.2771848],[123.2484909,-8.276594],[123.2492056,-8.2749097],[123.2493326,-8.2746001],[123.2494456,-8.274375],[123.2495726,-8.2741216],[123.2497139,-8.2739387],[123.2499999,-8.2738433],[123.2499999,-8.273844],[123.25,-8.2738504],[123.2516197,-8.273456],[123.2522858,-8.2731808],[123.2531428,-8.2727144],[123.2536348,-8.2721925],[123.2540191,-8.2712914],[123.254398,-8.269784],[123.2545349,-8.2677687],[123.2546911,-8.2660969],[123.254691,-8.2644592],[123.2548505,-8.2629623],[123.2553491,-8.2608276],[123.255598,-8.2597353],[123.2559816,-8.2588029],[123.2563086,-8.2578591],[123.2567482,-8.2569006],[123.257378,-8.2557135],[123.2580813,-8.2544375],[123.2588418,-8.2531979],[123.2594005,-8.2522309],[123.2600627,-8.2510994],[123.2604328,-8.2500015],[123.2604332,-8.2500004],[123.2604332,-8.25],[123.2604455,-8.2495846],[123.2604931,-8.248936],[123.2605638,-8.2483317],[123.2606106,-8.2476353],[123.2607134,-8.2468294],[123.2611397,-8.244576],[123.2612918,-8.243645],[123.2615934,-8.2422361],[123.2619336,-8.2408361],[123.2622205,-8.2395552],[123.2623946,-8.2390337],[123.2618656,-8.2386377],[123.2614253,-8.2383203],[123.2607736,-8.2379968],[123.2604397,-8.2378803],[123.2602395,-8.2378604],[123.2600101,-8.2379215],[123.2597095,-8.2380963],[123.2593438,-8.238438],[123.2590152,-8.2388852],[123.2588168,-8.2391626],[123.2585257,-8.2394291],[123.2581327,-8.2396804],[123.2575934,-8.2399613],[123.2573713,-8.2400912],[123.2570317,-8.2401495],[123.2567616,-8.2401441],[123.2564188,-8.2401112],[123.25619,-8.2401536],[123.2559315,-8.2404007],[123.2558961,-8.2404307],[123.2558235,-8.2403059],[123.2557281,-8.2401704],[123.2554976,-8.239257],[123.2553662,-8.2378163],[123.2552503,-8.2369965],[123.2552335,-8.2367717],[123.2553469,-8.236238],[123.2555173,-8.2359766],[123.2556609,-8.2357489],[123.2557194,-8.2355607],[123.2556831,-8.2353041],[123.2555581,-8.2350325],[123.2553244,-8.234573],[123.2552821,-8.2344933],[123.2551809,-8.2343582],[123.2549886,-8.2340801],[123.2547915,-8.2338671],[123.2544399,-8.2334861],[123.2542201,-8.2331525],[123.2541618,-8.2330645],[123.2540814,-8.232943],[123.253847,-8.2326866],[123.2537682,-8.2326005],[123.2536264,-8.2324523],[123.2533506,-8.2323213],[123.2531373,-8.2322664],[123.2527405,-8.2321227],[123.25243,-8.2318868],[123.2522879,-8.231731],[123.2517675,-8.2313056],[123.2513576,-8.2309526],[123.2508312,-8.2304092],[123.2503217,-8.2300721],[123.25,-8.2299246],[123.2499999,-8.2299246],[123.2497013,-8.2297878],[123.2490921,-8.229539],[123.2480345,-8.229091],[123.247642,-8.2288958],[123.2472089,-8.2287511],[123.246913,-8.2287101],[123.2462769,-8.2286305],[123.2457658,-8.228404],[123.2450614,-8.227848],[123.2449741,-8.2277314],[123.2448484,-8.2272992],[123.2445594,-8.2265606],[123.2444821,-8.2264157],[123.2444399,-8.2263367],[123.2442929,-8.2261561],[123.2439953,-8.2259013],[123.2436087,-8.2256898],[123.2433007,-8.2255958],[123.2431205,-8.2256189],[123.2426767,-8.2258543],[123.2425152,-8.2259734],[123.2423978,-8.2261028],[123.2421274,-8.2268373],[123.2420791,-8.2270731],[123.2421142,-8.22744],[123.2421296,-8.2275883],[123.2419606,-8.2278134],[123.2418202,-8.2279464],[123.2406327,-8.2281216],[123.2406086,-8.2281268],[123.2402675,-8.2281998],[123.2398903,-8.2282814],[123.239338,-8.2282584],[123.2384765,-8.2280743],[123.2375901,-8.2278642],[123.2372662,-8.2277937],[123.2364106,-8.2280518],[123.2359022,-8.2280584],[123.2353093,-8.2280872],[123.2348715,-8.2280591],[123.2347077,-8.2280546],[123.2345784,-8.2281143],[123.2344101,-8.2283716],[123.2342814,-8.2285626],[123.2341612,-8.2286907],[123.2341189,-8.2287099],[123.234026,-8.2287522],[123.2334004,-8.2286889],[123.2327845,-8.2285444],[123.2324502,-8.2284916],[123.2319294,-8.2284854],[123.231711,-8.2285685],[123.2315662,-8.2287003],[123.2314613,-8.2288742],[123.2314613,-8.2288743],[123.2313824,-8.2293021],[123.231271,-8.2298664],[123.2312588,-8.2299391],[123.2311714,-8.2304576],[123.2311269,-8.2306526],[123.2310551,-8.2307288],[123.2308083,-8.2309064],[123.2306116,-8.2311091],[123.2305065,-8.2312173],[123.2302169,-8.2314997],[123.2297306,-8.2317345],[123.2293452,-8.2318722],[123.2289734,-8.231937],[123.2282364,-8.232047],[123.2278808,-8.2321866],[123.2276672,-8.2323502],[123.2274304,-8.2326476],[123.2271642,-8.2331921],[123.2270368,-8.2344351],[123.2270715,-8.2351136],[123.2270913,-8.2355401],[123.2271863,-8.2362011],[123.2274886,-8.2372512],[123.2276893,-8.2379967],[123.2278941,-8.2392842],[123.2279152,-8.239561],[123.2279095,-8.2396026],[123.2279041,-8.239642],[123.2278795,-8.2398225],[123.227706,-8.2402144],[123.2272991,-8.2407539],[123.2269031,-8.2411286],[123.2265986,-8.2413783],[123.2257444,-8.2419144],[123.2260624,-8.2424777],[123.2264177,-8.2432121],[123.226752,-8.2439065],[123.22701,-8.2445625],[123.2271518,-8.2451598],[123.2273404,-8.2459558],[123.2276366,-8.2469713],[123.2278477,-8.2474959],[123.228307,-8.2484821],[123.2285633,-8.2490349],[123.2287506,-8.2493458],[123.2289051,-8.2494593],[123.2288196,-8.2495716],[123.2285243,-8.2499872],[123.2285186,-8.25],[123.2285184,-8.2500006],[123.2285174,-8.2500028],[123.2284148,-8.2502351],[123.2282514,-8.2504179],[123.2281377,-8.250571],[123.227865,-8.250953],[123.2277079,-8.2510978],[123.2276714,-8.2511314],[123.227279,-8.2515896],[123.2271955,-8.2518007],[123.22703,-8.2520537],[123.2267474,-8.2524113],[123.2266867,-8.2526426],[123.2265061,-8.2535871],[123.2264724,-8.2537634],[123.2264966,-8.2542028],[123.2266558,-8.2544171],[123.2267943,-8.2546488],[123.2269362,-8.2550066],[123.2269423,-8.2550219],[123.2270568,-8.2552715],[123.2270775,-8.25545],[123.227024,-8.2557468],[123.2269021,-8.2559195],[123.2266486,-8.2560716],[123.2262421,-8.2563039],[123.2262401,-8.2563069],[123.2261451,-8.2564505],[123.2260593,-8.2566996],[123.2257255,-8.2575945],[123.2256108,-8.2577151],[123.2254591,-8.2579165],[123.2253497,-8.25815],[123.2253415,-8.2583846],[123.2253772,-8.2584707],[123.2242553,-8.2592872],[123.2225444,-8.2602947],[123.2210547,-8.2613459],[123.2200252,-8.2620206],[123.2190784,-8.2627304],[123.2181077,-8.2634848],[123.2175821,-8.2642012],[123.2170295,-8.2648557],[123.2165789,-8.2653445],[123.216231,-8.2656927],[123.2160053,-8.2659246],[123.2157925,-8.2660471],[123.2155357,-8.2661949],[123.2149621,-8.2663493],[123.2144407,-8.266352],[123.2137707,-8.2666469],[123.2130112,-8.2671009],[123.2124514,-8.2675116],[123.212061,-8.267911],[123.2117873,-8.2682194],[123.2114853,-8.2688479],[123.2113127,-8.2693966],[123.2113219,-8.2696628],[123.2112067,-8.269972],[123.2108689,-8.2709225],[123.2108444,-8.2709501],[123.2105829,-8.2712675],[123.210414,-8.2714725],[123.2101892,-8.2719097],[123.2100086,-8.2724083],[123.2099722,-8.2726826],[123.2099622,-8.2727728],[123.2098609,-8.2736869],[123.2096835,-8.2743074],[123.2094883,-8.2746004],[123.2093412,-8.2748334],[123.2093322,-8.2749763],[123.2093448,-8.2751814],[123.2095098,-8.2761835],[123.2095114,-8.2762599],[123.2095221,-8.2763548],[123.2095843,-8.2769115],[123.2096565,-8.2773015],[123.2096835,-8.2776081],[123.2096286,-8.2777818],[123.2094609,-8.2781176],[123.2093487,-8.2783421],[123.2093653,-8.2789283],[123.2094439,-8.2803735],[123.2094386,-8.2804064],[123.2092435,-8.2813343],[123.20901,-8.2816839],[123.2088585,-8.2818422],[123.2088277,-8.2818744],[123.2088054,-8.2818976],[123.2083712,-8.2823513],[123.2079109,-8.2827143],[123.2074521,-8.2830855],[123.207302,-8.2833127],[123.2070565,-8.2840203],[123.2069463,-8.2842918],[123.2067264,-8.2847113],[123.2067072,-8.2849889],[123.206734,-8.28522],[123.2067434,-8.2854467],[123.2066685,-8.2856423],[123.2064517,-8.2859227],[123.2063388,-8.2860817],[123.2061969,-8.2862813],[123.2061112,-8.2864109],[123.2060545,-8.2865884],[123.2059171,-8.2872025],[123.2058886,-8.2876617],[123.2058917,-8.2882704],[123.2059666,-8.2886791],[123.2058765,-8.2888975],[123.2056579,-8.2891674],[123.2053871,-8.2894275],[123.2052025,-8.2894856],[123.2046616,-8.2895664],[123.204197,-8.2896575],[123.204042,-8.2897478],[123.2039071,-8.2898265],[123.2036547,-8.2900813],[123.2035454,-8.2903188],[123.2034151,-8.290517],[123.2033847,-8.2905637],[123.2033623,-8.2906463],[123.2033559,-8.2909665],[123.2034286,-8.2913289],[123.2035639,-8.2916203],[123.2038584,-8.2921984],[123.2038934,-8.292529],[123.2040289,-8.293037],[123.2042873,-8.2938129],[123.2042671,-8.2940279],[123.2042156,-8.2942724],[123.2041995,-8.2943489],[123.2041985,-8.2943536],[123.2040512,-8.2947123],[123.2040493,-8.2947209],[123.2040773,-8.2947779],[123.2042365,-8.2950441],[123.2046825,-8.2956275],[123.2047185,-8.2958285],[123.2047007,-8.2961459],[123.2046231,-8.2963415],[123.2044477,-8.2965791],[123.2040498,-8.2970081],[123.2038604,-8.2971439],[123.2039271,-8.2975266],[123.2041134,-8.2985951],[123.205799,-8.308264],[123.2063071,-8.3111784],[123.2064254,-8.311857],[123.206662,-8.3132141],[123.2066813,-8.3133247],[123.206737,-8.3136441],[123.2067433,-8.3136807],[123.2067832,-8.3139093],[123.2067913,-8.3139556],[123.2068109,-8.314068],[123.2068575,-8.3143358],[123.2068752,-8.3144373],[123.2069124,-8.3146505],[123.2069404,-8.3148114],[123.2069564,-8.3149031],[123.206962,-8.314935],[123.2069624,-8.3149351],[123.2069391,-8.3149983],[123.20689,-8.3161076],[123.2068977,-8.3165339],[123.2069002,-8.3166707],[123.2069313,-8.3170891],[123.2070699,-8.3177423],[123.2072427,-8.3180628],[123.2078634,-8.3190837],[123.208209,-8.3195118],[123.2083501,-8.3198207],[123.2084941,-8.3200168],[123.2086496,-8.3208197],[123.2087859,-8.3220363],[123.2088033,-8.3226304],[123.208861,-8.3230982],[123.2088652,-8.3231935],[123.2089576,-8.3232381],[123.2093911,-8.3236773],[123.209793,-8.3241111],[123.2100917,-8.3244537],[123.210098,-8.3244536],[123.2104612,-8.3248509],[123.2110824,-8.3252536],[123.2117068,-8.3255436],[123.2119871,-8.3256737],[123.2125538,-8.3256958],[123.2132645,-8.3256952],[123.2138738,-8.3256661],[123.2143548,-8.3255464],[123.2147436,-8.3255045],[123.2152691,-8.325628],[123.2159049,-8.3258737],[123.2165007,-8.3262709],[123.2170865,-8.3265306],[123.2176404,-8.3267723],[123.2176551,-8.3267845],[123.2179687,-8.3270452],[123.2179689,-8.3270515],[123.2186493,-8.3273211],[123.2189947,-8.3275309],[123.2194559,-8.3278315],[123.219926,-8.3280004],[123.2202393,-8.328186],[123.2209179,-8.3283999],[123.2214829,-8.328578],[123.2227063,-8.3289205],[123.2231629,-8.3290583],[123.224055,-8.3292469],[123.2244729,-8.3293483],[123.2247239,-8.3295544],[123.2249079,-8.329612],[123.2249081,-8.3296183],[123.2271318,-8.3306538],[123.2274739,-8.3308855],[123.22867,-8.3316955],[123.2299036,-8.3324073],[123.23061,-8.3329299],[123.2306549,-8.3329631],[123.2306421,-8.3329572],[123.2309633,-8.333199],[123.2321084,-8.3336688],[123.2326866,-8.3338785],[123.2334952,-8.3340068],[123.234416,-8.3340944],[123.2357896,-8.3341821],[123.2366544,-8.3342962],[123.2370008,-8.3343118],[123.2379428,-8.3344865],[123.2385636,-8.3348704],[123.2388588,-8.3350284],[123.2391043,-8.3351597],[123.2391317,-8.3351744],[123.2403726,-8.3356917],[123.2406525,-8.3360349],[123.2413499,-8.3366924],[123.2417546,-8.3369945],[123.2417612,-8.3370069],[123.2424038,-8.3372712],[123.2428933,-8.3374582],[123.243506,-8.3377797],[123.2441003,-8.3381205],[123.2445043,-8.3383977],[123.2451425,-8.338731],[123.2453479,-8.3388662],[123.2456358,-8.3390558],[123.2456467,-8.3390635],[123.2461041,-8.3393875],[123.2468951,-8.3400174],[123.2477337,-8.3405457],[123.2481443,-8.3407827],[123.2495037,-8.3415675],[123.2495329,-8.3415844],[123.249918,-8.3418067]]]]}},
{"type":"Feature","properties":{"OBJECTID":80357.0,"NAMOBJ":"Aransina","KDCBPS":"530605","WADMKC":"Tanjung Bunga","WADMKK":"Flores Timur","WADMPR":"Nusa Tenggara Timur","Penduduk":14990,"luas_km2":248.324},"geometry":{"type":"MultiPolygon","coordinates":[[[[122.8203307,-8.1911464],[122.820651,-8.1911022],[122.8209111,-8.1911692],[122.8210668,-8.19121],[122.8213146,-8.1912171],[122.8214771,-8.1912461],[122.821684,-8.1913832],[122.8217807,-8.1915454],[122.8216512,-8.1917947],[122.8215412,-8.1920073],[122.8215101,-8.1921887],[122.8215197,-8.1927472],[122.8217011,-8.1931127],[122.8218653,-8.1936331],[122.8219634,-8.1940554],[122.8220692,-8.1943145],[122.8222248,-8.1944896],[122.8226243,-8.1948074],[122.8228176,-8.1948629],[122.8230013,-8.1948239],[122.8233888,-8.1946974],[122.8238631,-8.1944848],[122.8244589,-8.194149],[122.8248557,-8.1940302],[122.8251735,-8.1939218],[122.8256159,-8.1937634],[122.8261018,-8.1936971],[122.8269034,-8.1935772],[122.8279627,-8.193395],[122.8283758,-8.1933387],[122.8285152,-8.1932494],[122.828554,-8.1932304],[122.8287531,-8.1931562],[122.8289826,-8.1931798],[122.8298087,-8.1933514],[122.8300478,-8.1933997],[122.8308343,-8.1934524],[122.8312405,-8.1933999],[122.8319983,-8.193348],[122.8324258,-8.1933147],[122.832753,-8.1932248],[122.8333357,-8.192972],[122.8336786,-8.192711],[122.834425,-8.1921382],[122.8346875,-8.1919279],[122.8347773,-8.1917645],[122.8349074,-8.1915355],[122.8350848,-8.1911984],[122.8354965,-8.1905567],[122.8358176,-8.1901616],[122.8360111,-8.1898597],[122.8361328,-8.1897142],[122.8365418,-8.1893649],[122.8367974,-8.1892067],[122.8374632,-8.1887289],[122.8377809,-8.1883629],[122.8379134,-8.1882013],[122.8380323,-8.1881708],[122.8381569,-8.1881994],[122.838204,-8.1882803],[122.8383772,-8.1885498],[122.8384713,-8.1886074],[122.8386556,-8.1885985],[122.8390567,-8.1886094],[122.8392304,-8.1885846],[122.8396739,-8.1884679],[122.840137,-8.1881978],[122.8403564,-8.1879828],[122.8405211,-8.1878192],[122.8407652,-8.1876853],[122.8408977,-8.1876905],[122.8411602,-8.187935],[122.8412622,-8.1879799],[122.8413954,-8.1879555],[122.841616,-8.1878066],[122.8419532,-8.1874574],[122.8420776,-8.1871061],[122.8420346,-8.1870231],[122.8418264,-8.1868354],[122.8416054,-8.1867591],[122.8415644,-8.1866676],[122.8417253,-8.1864837],[122.8419181,-8.1864305],[122.843083,-8.1861354],[122.8442538,-8.1856053],[122.8446493,-8.1854151],[122.8453875,-8.1849394],[122.8457556,-8.1844943],[122.845888,-8.1842196],[122.8461003,-8.1835855],[122.8464283,-8.1830746],[122.8466414,-8.1827556],[122.8466803,-8.1825645],[122.8468982,-8.1815713],[122.8469521,-8.1814295],[122.8470676,-8.1813373],[122.8471437,-8.1813461],[122.8472716,-8.1814193],[122.8477074,-8.1818075],[122.8478447,-8.1819575],[122.8479871,-8.1821768],[122.8481544,-8.1825271],[122.8481917,-8.182834],[122.848152,-8.1830968],[122.8480081,-8.1840459],[122.8474956,-8.1854766],[122.8474214,-8.1860083],[122.8474872,-8.1862316],[122.8476444,-8.186613],[122.8480455,-8.1869654],[122.8483229,-8.1872215],[122.8484266,-8.1873676],[122.8489211,-8.1878698],[122.8499098,-8.1887067],[122.8501907,-8.1888441],[122.8504178,-8.1888594],[122.850672,-8.1888009],[122.8508716,-8.1886676],[122.8512976,-8.1883751],[122.8515375,-8.1883109],[122.8518584,-8.1881671],[122.8526786,-8.1877826],[122.8534168,-8.1876814],[122.8538878,-8.1876489],[122.8545164,-8.1876182],[122.8551226,-8.1878259],[122.8554219,-8.1879591],[122.8557064,-8.1879892],[122.8557399,-8.1878793],[122.8557797,-8.1875921],[122.8559404,-8.1872869],[122.8561591,-8.1871303],[122.8565895,-8.1869877],[122.8569589,-8.1868532],[122.8571782,-8.1866338],[122.8574171,-8.1864241],[122.8577687,-8.1862275],[122.8581883,-8.186084],[122.8584287,-8.1861654],[122.8587261,-8.1862198],[122.8589239,-8.1861774],[122.8592172,-8.1857989],[122.8594456,-8.1854606],[122.8596363,-8.1852194],[122.8598395,-8.1849294],[122.8604761,-8.1839996],[122.8608354,-8.1834982],[122.860983,-8.1833281],[122.8617381,-8.182706],[122.8619238,-8.1826479],[122.8624133,-8.1824732],[122.8625251,-8.1823569],[122.8626309,-8.1820417],[122.8626441,-8.1818031],[122.8625811,-8.1814565],[122.8623021,-8.1808028],[122.8622735,-8.180514],[122.8623175,-8.1803048],[122.8624338,-8.1801451],[122.8626052,-8.1798691],[122.8627394,-8.1796968],[122.8629003,-8.1794034],[122.8628918,-8.1793355],[122.8629986,-8.1790604],[122.8633717,-8.1786879],[122.8637624,-8.1783574],[122.8638532,-8.1783261],[122.8638955,-8.1782584],[122.8640148,-8.1781424],[122.8642828,-8.1779507],[122.8644526,-8.1777571],[122.8646078,-8.1774784],[122.8647372,-8.1772396],[122.8649094,-8.1770272],[122.8650138,-8.1769765],[122.8654248,-8.1768357],[122.865928,-8.1763534],[122.866115,-8.1761676],[122.8662425,-8.1761879],[122.86663,-8.1763044],[122.8669739,-8.1764439],[122.8675069,-8.1766914],[122.8684351,-8.1770336],[122.8687583,-8.1772572],[122.8690682,-8.1775116],[122.8692243,-8.1776837],[122.8694245,-8.1780722],[122.8698934,-8.1792228],[122.8702057,-8.1796197],[122.8702414,-8.1796371],[122.8706533,-8.1798494],[122.8715243,-8.180144],[122.8719024,-8.1801574],[122.8720267,-8.1800914],[122.8720672,-8.1801131],[122.872229,-8.1801644],[122.8725212,-8.180215],[122.8733326,-8.1801833],[122.87393,-8.1800061],[122.8750001,-8.1794683],[122.8750103,-8.1794631],[122.8753211,-8.179307],[122.8759653,-8.1786994],[122.8763296,-8.1786386],[122.8764383,-8.1786558],[122.8766487,-8.1787302],[122.8767167,-8.1788285],[122.8768349,-8.1789591],[122.8768555,-8.179061],[122.8769156,-8.1790924],[122.8775945,-8.179183],[122.8779625,-8.1792897],[122.8785274,-8.1795806],[122.8799478,-8.1802973],[122.8802129,-8.1803197],[122.8807141,-8.180305],[122.880815,-8.1803235],[122.8810726,-8.1803708],[122.8815027,-8.1805405],[122.8818943,-8.1807098],[122.8820651,-8.1807231],[122.8823304,-8.1805559],[122.8824175,-8.1804359],[122.8824049,-8.1803147],[122.8823848,-8.1800738],[122.8824385,-8.1797856],[122.8825333,-8.1796086],[122.8827793,-8.17935],[122.8829045,-8.1792098],[122.8829344,-8.1790638],[122.8829382,-8.1785],[122.8830468,-8.1782006],[122.8831953,-8.1775676],[122.8835496,-8.1769852],[122.8839286,-8.1766292],[122.884554,-8.1761647],[122.8851648,-8.175849],[122.885431,-8.1756853],[122.8854786,-8.1757131],[122.8857102,-8.17582],[122.8859324,-8.1757654],[122.8862212,-8.1756279],[122.8863411,-8.1754896],[122.8865428,-8.175319],[122.8866616,-8.1753],[122.8874017,-8.1753819],[122.8877512,-8.1754205],[122.8881313,-8.1755899],[122.8885883,-8.1755814],[122.8887371,-8.1755266],[122.889389,-8.1750389],[122.8895047,-8.1749843],[122.8896995,-8.1751262],[122.8900081,-8.1751132],[122.8904472,-8.1751387],[122.8909237,-8.1752503],[122.8909221,-8.175303],[122.8909559,-8.1755964],[122.8909493,-8.175818],[122.8909567,-8.1762993],[122.8910084,-8.1763866],[122.8912145,-8.1764852],[122.8915932,-8.1766086],[122.8920885,-8.1767754],[122.892178,-8.1769394],[122.8924051,-8.1772114],[122.8925807,-8.1772415],[122.8929749,-8.1772612],[122.893221,-8.1771798],[122.8934142,-8.1771155],[122.8939128,-8.1773606],[122.8943196,-8.1773618],[122.8947712,-8.1773143],[122.8953573,-8.177559],[122.8954606,-8.1776899],[122.895651,-8.1779052],[122.8958135,-8.1779734],[122.8959118,-8.1780475],[122.8959551,-8.1781597],[122.8960732,-8.1786644],[122.8961374,-8.1787698],[122.8963215,-8.178833],[122.8971715,-8.1790429],[122.8972907,-8.1790429],[122.8975299,-8.1790428],[122.897639,-8.1789992],[122.8977904,-8.1789349],[122.898054,-8.1789613],[122.8984676,-8.1789869],[122.8986524,-8.1789306],[122.8988278,-8.1787696],[122.8990032,-8.1784766],[122.8991931,-8.1779208],[122.8993386,-8.1771283],[122.8993648,-8.1769443],[122.8995463,-8.1767496],[122.8996856,-8.1765353],[122.9001255,-8.1759974],[122.9002945,-8.1758723],[122.9005674,-8.1758451],[122.9007672,-8.1758921],[122.9008967,-8.1759965],[122.9011904,-8.1763093],[122.9014189,-8.1766482],[122.9014523,-8.1768449],[122.9014939,-8.1773157],[122.9014733,-8.1780123],[122.9013817,-8.1783846],[122.9011608,-8.1793216],[122.9013321,-8.1797752],[122.9014442,-8.1798648],[122.9017247,-8.1799355],[122.9021352,-8.1799992],[122.9023206,-8.1800833],[122.9025498,-8.1802832],[122.9029294,-8.1806207],[122.9034933,-8.1810268],[122.903816,-8.1813303],[122.9041684,-8.1817146],[122.9045489,-8.1821103],[122.9059355,-8.1831026],[122.9062772,-8.1834046],[122.9067129,-8.1837896],[122.9073646,-8.1844393],[122.9076304,-8.1846245],[122.908915,-8.1855911],[122.9091526,-8.1857271],[122.9094926,-8.186013],[122.9101175,-8.1865257],[122.910942,-8.1872575],[122.9114014,-8.1879684],[122.9116328,-8.1881525],[122.9118707,-8.1883066],[122.9122182,-8.1884813],[122.9123665,-8.188458],[122.9124743,-8.1883667],[122.912654,-8.188137],[122.9127147,-8.1881043],[122.9128835,-8.1881229],[122.9130219,-8.1881993],[122.9132906,-8.1883991],[122.9133976,-8.1884349],[122.9137416,-8.1885064],[122.9138819,-8.1885908],[122.914062,-8.1887962],[122.9143921,-8.1891188],[122.9145389,-8.1893011],[122.9144991,-8.189561],[122.9144217,-8.1902319],[122.9145721,-8.1904544],[122.9147225,-8.1906465],[122.9149268,-8.1909859],[122.9151074,-8.1911552],[122.9156137,-8.1916202],[122.915782,-8.191596],[122.9159482,-8.1915105],[122.9164553,-8.1912125],[122.9164281,-8.1916978],[122.9165298,-8.1918177],[122.9170711,-8.1923199],[122.9172499,-8.1925062],[122.917316,-8.1928453],[122.917517,-8.193075],[122.9183707,-8.1938989],[122.9186708,-8.1940016],[122.9188789,-8.1939909],[122.9192954,-8.1939207],[122.919755,-8.1942692],[122.9199251,-8.1944204],[122.9203831,-8.1948981],[122.9206269,-8.1950221],[122.9209034,-8.1950936],[122.9219553,-8.1951664],[122.9225431,-8.1951381],[122.9229454,-8.1950442],[122.9231006,-8.1949417],[122.9232237,-8.1947808],[122.9234351,-8.1938288],[122.9234469,-8.1935869],[122.9235283,-8.1933549],[122.9236571,-8.1931908],[122.923737,-8.193414],[122.92414,-8.1943896],[122.9244875,-8.1945672],[122.9247726,-8.194632],[122.924895,-8.1945608],[122.9252049,-8.1942574],[122.925387,-8.1932815],[122.925395,-8.1920369],[122.9254474,-8.1920386],[122.9254938,-8.1921039],[122.9255846,-8.1923034],[122.9257296,-8.1924139],[122.9260624,-8.192611],[122.9262351,-8.1927607],[122.9264737,-8.1930821],[122.926788,-8.1934714],[122.9270545,-8.1937323],[122.9272801,-8.1938664],[122.9284141,-8.194367],[122.9290994,-8.1943048],[122.9295084,-8.1941916],[122.9302752,-8.1939096],[122.9304835,-8.1938168],[122.9305668,-8.1938337],[122.9307262,-8.1940526],[122.9308705,-8.1943355],[122.930966,-8.1947228],[122.9310647,-8.1947823],[122.9312719,-8.1947632],[122.9314501,-8.1947731],[122.931548,-8.1949608],[122.9317084,-8.195246],[122.9318701,-8.1953062],[122.9322154,-8.1951339],[122.9328062,-8.1946515],[122.9331218,-8.1945346],[122.9335101,-8.1944359],[122.9340715,-8.1941908],[122.9344541,-8.1939943],[122.9348434,-8.1937851],[122.9350243,-8.1937207],[122.9352178,-8.1937234],[122.9354218,-8.1937572],[122.9356613,-8.1937177],[122.9357378,-8.1936364],[122.935825,-8.1934847],[122.9359988,-8.1932964],[122.9362308,-8.1931239],[122.9366233,-8.193],[122.9366586,-8.1929888],[122.937189,-8.1928433],[122.9372856,-8.1926962],[122.9374139,-8.1925709],[122.937535,-8.19253],[122.9376997,-8.1925507],[122.9384891,-8.1928452],[122.9389438,-8.1932309],[122.9391868,-8.1935821],[122.9392067,-8.1940962],[122.9392117,-8.194224],[122.9391083,-8.1944736],[122.9386857,-8.1945891],[122.9386443,-8.1946702],[122.9386013,-8.195087],[122.9385773,-8.1952884],[122.9385068,-8.195394],[122.9384243,-8.1956181],[122.9383987,-8.1959091],[122.9384307,-8.1960934],[122.9384688,-8.196414],[122.9384535,-8.1966584],[122.9385105,-8.1969242],[122.93863,-8.1970817],[122.9390561,-8.1975494],[122.9388346,-8.1976617],[122.9385016,-8.1979352],[122.9385433,-8.1981503],[122.9386324,-8.1981735],[122.9387947,-8.1981512],[122.9392548,-8.1981043],[122.9394838,-8.1981429],[122.9396588,-8.1982528],[122.9396904,-8.1983449],[122.9397696,-8.198997],[122.9397449,-8.1994027],[122.939713,-8.1995708],[122.940008,-8.1997212],[122.9405245,-8.1999856],[122.9424818,-8.2009741],[122.9426257,-8.2010181],[122.9427356,-8.2010267],[122.9428713,-8.2010225],[122.9429984,-8.2009967],[122.9431384,-8.2009432],[122.9432677,-8.2008746],[122.9437733,-8.2002722],[122.9448011,-8.1990468],[122.9451307,-8.1986548],[122.9454702,-8.1983404],[122.9458597,-8.1980158],[122.9462872,-8.1977698],[122.9466161,-8.1975515],[122.9467668,-8.1974515],[122.947183,-8.1972419],[122.9476376,-8.1970356],[122.9479843,-8.1968598],[122.9482362,-8.1968121],[122.9485174,-8.196773],[122.9486197,-8.1967629],[122.9487099,-8.1967622],[122.9492699,-8.1967578],[122.9506068,-8.1967473],[122.9519915,-8.1967365],[122.952167,-8.1967483],[122.9529711,-8.1968051],[122.953686,-8.1968524],[122.9544501,-8.196836],[122.9550647,-8.1967534],[122.9556794,-8.1966377],[122.9561777,-8.196555],[122.9565598,-8.1964063],[122.9568761,-8.1963824],[122.9568086,-8.1961852],[122.9571288,-8.1957781],[122.9576017,-8.1953301],[122.9577423,-8.1952206],[122.957795,-8.1951797],[122.9580242,-8.1949384],[122.9586418,-8.194381],[122.9587232,-8.1943068],[122.9589735,-8.1940785],[122.9590812,-8.1940237],[122.9591381,-8.1939948],[122.9594304,-8.1939407],[122.9595921,-8.1939108],[122.9595939,-8.1939107],[122.9596251,-8.1939092],[122.9597764,-8.1939015],[122.9597776,-8.193902],[122.9597966,-8.1939093],[122.960116,-8.1940314],[122.9602862,-8.1941211],[122.960439,-8.1942015],[122.9606921,-8.1942793],[122.9606927,-8.1942795],[122.9610767,-8.1943587],[122.961258,-8.1943961],[122.9612593,-8.1943963],[122.9613792,-8.19453],[122.9615012,-8.1946661],[122.9616901,-8.1948406],[122.9619404,-8.194967],[122.9619447,-8.1949692],[122.9619455,-8.1949696],[122.9622634,-8.1950372],[122.962504,-8.1950058],[122.9626244,-8.1949184],[122.9627307,-8.1947521],[122.9635184,-8.1943378],[122.9638174,-8.1941517],[122.964303,-8.1937144],[122.9643031,-8.1937143],[122.9644079,-8.1936199],[122.9646112,-8.1933895],[122.964758,-8.1932127],[122.9648619,-8.1930874],[122.9650069,-8.1929448],[122.965153,-8.1928169],[122.9652084,-8.1927684],[122.9653619,-8.1925919],[122.9657807,-8.1922918],[122.965962,-8.1921634],[122.9662142,-8.1918351],[122.9663369,-8.1915739],[122.9664877,-8.1912528],[122.9666472,-8.1908257],[122.9672965,-8.1898519],[122.9674096,-8.1895949],[122.9674105,-8.1895016],[122.9674021,-8.1893848],[122.967398,-8.1893274],[122.9680914,-8.1881772],[122.9681766,-8.1879935],[122.9682563,-8.1878216],[122.9683311,-8.1875351],[122.9683304,-8.1874846],[122.9683281,-8.1873262],[122.9683356,-8.1871282],[122.9683391,-8.187036],[122.9682866,-8.1868895],[122.968232,-8.1867891],[122.9682486,-8.1867246],[122.9682486,-8.1867246],[122.9682759,-8.1866186],[122.9683952,-8.1864558],[122.9684519,-8.1864277],[122.9685986,-8.1864628],[122.9685996,-8.1864631],[122.9686948,-8.1864187],[122.9687338,-8.1864005],[122.9687956,-8.1862097],[122.9686901,-8.1855862],[122.9686475,-8.1853347],[122.9686258,-8.1852064],[122.9684302,-8.1851735],[122.9682517,-8.1851378],[122.9676807,-8.1846524],[122.9680233,-8.1842455],[122.9681191,-8.184006],[122.9681661,-8.1838886],[122.968271,-8.1832966],[122.9687446,-8.1831455],[122.9687462,-8.183145],[122.9687819,-8.1829913],[122.968785,-8.1829283],[122.968789,-8.1828465],[122.9686536,-8.1824873],[122.9685453,-8.1823008],[122.968506,-8.1822439],[122.9684035,-8.1820953],[122.9683719,-8.1820222],[122.9683548,-8.1819827],[122.9683547,-8.1819825],[122.9691372,-8.181838],[122.9691518,-8.1818377],[122.9692821,-8.1818346],[122.9692826,-8.1818343],[122.9693154,-8.1818113],[122.969386,-8.1817619],[122.9694367,-8.1810224],[122.9694363,-8.1810157],[122.9694363,-8.1810157],[122.9694265,-8.1808636],[122.9694431,-8.180751],[122.9694906,-8.180663],[122.9695289,-8.1805918],[122.9695892,-8.1802149],[122.9695893,-8.1802145],[122.96956,-8.1800601],[122.9695493,-8.1800282],[122.969525,-8.1799563],[122.9695784,-8.1798513],[122.969982,-8.1795407],[122.9701632,-8.1794012],[122.9701947,-8.1793662],[122.9702573,-8.1792965],[122.9703007,-8.1791619],[122.9703234,-8.1790914],[122.9703306,-8.1789064],[122.9702947,-8.1787419],[122.9702832,-8.1786894],[122.9702199,-8.1785567],[122.970258,-8.1782011],[122.9702649,-8.1781378],[122.9702743,-8.1780498],[122.9702941,-8.1778654],[122.9702984,-8.1776216],[122.9703031,-8.177357],[122.9703184,-8.1764874],[122.9704636,-8.1762317],[122.9705922,-8.1759978],[122.9706668,-8.1758619],[122.9708801,-8.1755131],[122.9713072,-8.1748104],[122.9713683,-8.1745771],[122.9714641,-8.1742113],[122.9714632,-8.1741082],[122.9714618,-8.1739335],[122.9712837,-8.172762],[122.9712752,-8.1727056],[122.971283,-8.1726948],[122.9713766,-8.1725647],[122.9715254,-8.1723514],[122.9716026,-8.1722408],[122.9716621,-8.1720091],[122.9716619,-8.1714971],[122.9716253,-8.1711587],[122.9716191,-8.1711014],[122.9716209,-8.1710767],[122.9716209,-8.1710766],[122.9716379,-8.1708494],[122.9716908,-8.1705695],[122.9717199,-8.1704159],[122.9717292,-8.1698102],[122.9715656,-8.1695804],[122.971542,-8.1695345],[122.9714881,-8.16943],[122.9714873,-8.169395],[122.9714843,-8.1692683],[122.9715126,-8.1691289],[122.9715465,-8.1689627],[122.9715866,-8.1686681],[122.9715691,-8.1685901],[122.9715376,-8.1684494],[122.9714995,-8.1682405],[122.9715831,-8.167825],[122.9717661,-8.1671481],[122.9718565,-8.1667973],[122.9718992,-8.1665298],[122.9719527,-8.1661953],[122.9719628,-8.1659794],[122.9719801,-8.1656109],[122.9720641,-8.1653198],[122.9720835,-8.1652524],[122.97222,-8.1649109],[122.9722558,-8.1646586],[122.9722125,-8.1643619],[122.972197,-8.164256],[122.972197,-8.164256],[122.9721631,-8.1640235],[122.9720019,-8.1627767],[122.9719777,-8.1626344],[122.9719524,-8.1624856],[122.971944,-8.1621306],[122.971944,-8.1621306],[122.97194,-8.1619643],[122.9719551,-8.1619286],[122.9720194,-8.1617765],[122.9721589,-8.1616023],[122.9722156,-8.1615615],[122.9723387,-8.1614729],[122.9725652,-8.161273],[122.9729923,-8.160884],[122.9730447,-8.1608239],[122.973144,-8.1607099],[122.9731517,-8.160656],[122.9731604,-8.1605946],[122.9731513,-8.1605663],[122.9731108,-8.1604417],[122.9729309,-8.1601773],[122.9728037,-8.1599904],[122.9727089,-8.1598886],[122.9725923,-8.1597634],[122.9725809,-8.1596253],[122.9725802,-8.1596169],[122.9725779,-8.1596088],[122.9725322,-8.1594443],[122.9724652,-8.1594519],[122.9725311,-8.1589513],[122.9725462,-8.1587576],[122.9724486,-8.1584744],[122.9723184,-8.1582419],[122.9721475,-8.1579369],[122.9721364,-8.1578728],[122.972128,-8.1578247],[122.9722636,-8.1576495],[122.972476,-8.157375],[122.9726575,-8.1571378],[122.9727499,-8.1568785],[122.9727544,-8.1567025],[122.9727551,-8.1566739],[122.9727573,-8.1566478],[122.9727641,-8.1565687],[122.9727862,-8.1565223],[122.972957,-8.1561845],[122.9730417,-8.1559836],[122.9730454,-8.155975],[122.9730457,-8.1559717],[122.9730457,-8.1559717],[122.9731014,-8.1554208],[122.9731223,-8.1551019],[122.9731244,-8.1550597],[122.9731339,-8.154865],[122.9730906,-8.1546402],[122.9730424,-8.1541014],[122.9730171,-8.1537847],[122.973015,-8.1537587],[122.9729902,-8.1536439],[122.9729226,-8.1533321],[122.9727829,-8.1529439],[122.9725281,-8.1522361],[122.9724641,-8.1521417],[122.9723327,-8.151948],[122.9722103,-8.1518097],[122.9720948,-8.1516793],[122.9720571,-8.1515121],[122.9720607,-8.1514313],[122.9720609,-8.1514266],[122.9720611,-8.1514265],[122.9721669,-8.1513597],[122.9729376,-8.1508727],[122.9730892,-8.1507771],[122.9730893,-8.150777],[122.9731601,-8.1507324],[122.9732239,-8.1506605],[122.9735387,-8.1503065],[122.9735651,-8.1502522],[122.9735727,-8.1502366],[122.9735042,-8.1501201],[122.9735042,-8.1501201],[122.9734721,-8.1500655],[122.973202,-8.1500325],[122.9731948,-8.1500335],[122.9727422,-8.1500963],[122.972065,-8.1501442],[122.9720459,-8.1501455],[122.9720456,-8.1501455],[122.9720043,-8.1501148],[122.972143,-8.1497878],[122.9722233,-8.1495985],[122.9723115,-8.1494422],[122.9724467,-8.1492028],[122.9728419,-8.1488378],[122.9728782,-8.1488042],[122.972899,-8.1487835],[122.9730885,-8.1485947],[122.9731672,-8.1484719],[122.973207,-8.1484097],[122.9732604,-8.148247],[122.973214,-8.1479319],[122.9731502,-8.1474982],[122.9728281,-8.1471052],[122.9727692,-8.146957],[122.9725862,-8.1464753],[122.9722748,-8.1459114],[122.9722748,-8.1459113],[122.9722935,-8.1458107],[122.9724599,-8.1449159],[122.9724517,-8.1444878],[122.9724498,-8.1443875],[122.972478,-8.1443021],[122.9725913,-8.1442597],[122.9726498,-8.1442378],[122.972762,-8.1442115],[122.9728748,-8.1441851],[122.9731497,-8.1439906],[122.9732163,-8.1439179],[122.9732921,-8.1438351],[122.973438,-8.1435588],[122.9735727,-8.1428189],[122.9736493,-8.1422307],[122.9736257,-8.1419513],[122.9734828,-8.1415613],[122.9733831,-8.1412987],[122.9733708,-8.1412082],[122.9733556,-8.1410967],[122.9733076,-8.1408511],[122.9733076,-8.140851],[122.9732468,-8.1405398],[122.9731816,-8.1402447],[122.9731507,-8.1401043],[122.9731643,-8.1396776],[122.9731849,-8.1390285],[122.973178,-8.1388462],[122.9732139,-8.1387342],[122.9732345,-8.1386699],[122.9733049,-8.1385439],[122.973375,-8.1384183],[122.9734375,-8.1378323],[122.9733848,-8.1375905],[122.9732389,-8.1374637],[122.9731067,-8.137397],[122.9730365,-8.1373616],[122.9728767,-8.1372075],[122.9726199,-8.1369598],[122.9725499,-8.1368633],[122.9724786,-8.1367652],[122.9724808,-8.1366648],[122.9724824,-8.1365913],[122.9725903,-8.1363495],[122.9726927,-8.1361199],[122.9728911,-8.1357698],[122.9729614,-8.1354938],[122.9728984,-8.1348426],[122.9728687,-8.134758],[122.9728266,-8.1346384],[122.972514,-8.1344281],[122.9724728,-8.1344004],[122.9722954,-8.1342042],[122.9721827,-8.1340071],[122.9721509,-8.1337946],[122.9721347,-8.133522],[122.9721234,-8.1333313],[122.9721994,-8.1329336],[122.9721551,-8.1328692],[122.9719967,-8.1326386],[122.9718909,-8.1325539],[122.9718334,-8.1325079],[122.9717024,-8.1324247],[122.9716789,-8.1324098],[122.9715324,-8.1322811],[122.9713279,-8.1322298],[122.9713278,-8.1322298],[122.9710696,-8.1322287],[122.9710596,-8.1322322],[122.9709563,-8.1322682],[122.970758,-8.132378],[122.9705409,-8.1323302],[122.9703432,-8.1321801],[122.970191,-8.1319917],[122.9701358,-8.1319007],[122.9700113,-8.1316954],[122.969865,-8.1315491],[122.9696114,-8.1312045],[122.9693509,-8.1308506],[122.9693512,-8.1308495],[122.9694416,-8.1304404],[122.969451,-8.130398],[122.9694722,-8.1300605],[122.969479,-8.1298812],[122.9694845,-8.129732],[122.9694163,-8.1296124],[122.9692099,-8.1294632],[122.9687236,-8.1292214],[122.9685227,-8.1291215],[122.9683833,-8.1290521],[122.9682018,-8.12913],[122.9678877,-8.1292728],[122.9677449,-8.1293085],[122.9676235,-8.1292942],[122.9669597,-8.1291015],[122.9666211,-8.1289393],[122.9664529,-8.1288588],[122.9663672,-8.1286946],[122.9664572,-8.1283135],[122.9664558,-8.1283133],[122.9664314,-8.1283096],[122.9660403,-8.1282496],[122.9659482,-8.1282355],[122.9653219,-8.1282003],[122.9649986,-8.1282295],[122.9649273,-8.128236],[122.9649267,-8.128236],[122.9647376,-8.1283024],[122.9645529,-8.1283673],[122.9644993,-8.1283861],[122.9644991,-8.1283862],[122.9644842,-8.1283924],[122.9641687,-8.1285237],[122.9638281,-8.1285406],[122.9634658,-8.1284124],[122.9632556,-8.1283231],[122.9626674,-8.1282008],[122.9623883,-8.1281924],[122.9623882,-8.1281924],[122.9623881,-8.1281924],[122.962388,-8.1281924],[122.9621991,-8.1281668],[122.9619267,-8.1280066],[122.9616989,-8.127831],[122.9614772,-8.1275404],[122.9608222,-8.1267875],[122.9605919,-8.1265328],[122.9600235,-8.1260151],[122.9598113,-8.1258089],[122.9595257,-8.1253533],[122.9593434,-8.1250306],[122.9593416,-8.1250276],[122.9593257,-8.1250021],[122.959175,-8.1247607],[122.9589231,-8.1243056],[122.9586456,-8.1239207],[122.9582754,-8.1233633],[122.9579553,-8.122988],[122.9576046,-8.1226054],[122.9573633,-8.1223664],[122.9567588,-8.1219911],[122.956553,-8.1219132],[122.9562852,-8.1217386],[122.9562264,-8.1217002],[122.956019,-8.121444],[122.9559636,-8.1213964],[122.9551432,-8.1207471],[122.9550118,-8.1206262],[122.9543486,-8.1204266],[122.9540366,-8.1203422],[122.9528718,-8.1199203],[122.952363,-8.1197349],[122.9518499,-8.1196555],[122.9510701,-8.1195032],[122.9508139,-8.1193074],[122.9503656,-8.1190174],[122.9503063,-8.1189791],[122.9495351,-8.1186985],[122.949239,-8.1186128],[122.9486748,-8.11855],[122.9479797,-8.1184094],[122.9478761,-8.1183885],[122.9477555,-8.1182572],[122.9475871,-8.1179453],[122.9472382,-8.1175209],[122.947066,-8.1173134],[122.9468981,-8.1170743],[122.9466637,-8.1168092],[122.9465417,-8.1166712],[122.9464044,-8.1165708],[122.9457246,-8.1165327],[122.9452899,-8.1164133],[122.9450743,-8.1163628],[122.9448088,-8.1164067],[122.9443138,-8.1166569],[122.9441264,-8.1167795],[122.9434978,-8.1165564],[122.9433397,-8.1164169],[122.9430317,-8.1161449],[122.9427733,-8.1159575],[122.9424602,-8.1158267],[122.9417953,-8.1157903],[122.9417933,-8.1157902],[122.9413797,-8.1154331],[122.9410852,-8.1151041],[122.9410915,-8.1150672],[122.9412185,-8.1143186],[122.9412543,-8.1141078],[122.941292,-8.1137029],[122.9412907,-8.1136789],[122.9412834,-8.1135357],[122.9412514,-8.1134315],[122.9412237,-8.1133409],[122.9411474,-8.113138],[122.9410083,-8.1127684],[122.9409279,-8.1126491],[122.940828,-8.1125011],[122.940653,-8.1123491],[122.9403502,-8.112086],[122.9395335,-8.1116402],[122.9393707,-8.1115764],[122.9392652,-8.1115351],[122.9390883,-8.1115104],[122.9390872,-8.1115103],[122.9386111,-8.1114835],[122.9377519,-8.1106161],[122.9377065,-8.1105703],[122.9375339,-8.1104192],[122.9373321,-8.1102636],[122.9373092,-8.110246],[122.9371173,-8.1100974],[122.9370981,-8.1100892],[122.936756,-8.1099417],[122.9366302,-8.1098998],[122.9365518,-8.1098737],[122.9364342,-8.1097766],[122.9362444,-8.10962],[122.9356015,-8.1088972],[122.9354423,-8.1087449],[122.9354061,-8.1087114],[122.9353456,-8.1086554],[122.9349059,-8.1085474],[122.9348452,-8.1085311],[122.9346551,-8.10848],[122.934558,-8.1084329],[122.934493,-8.1084014],[122.9344416,-8.1083607],[122.9343062,-8.1082535],[122.9342254,-8.1081827],[122.9341317,-8.1081006],[122.9331173,-8.1078343],[122.9328956,-8.1077089],[122.932742,-8.1076221],[122.9318946,-8.1072141],[122.9314874,-8.1071279],[122.930923,-8.1070084],[122.9302144,-8.106947],[122.9298469,-8.1069152],[122.9292116,-8.1069466],[122.9291223,-8.1069511],[122.9291106,-8.1069516],[122.9291104,-8.1069516],[122.9286668,-8.1068493],[122.9284385,-8.1067967],[122.9283815,-8.1067713],[122.928305,-8.1067372],[122.9282805,-8.1067262],[122.9282793,-8.1067217],[122.9282181,-8.1064897],[122.9281526,-8.1061447],[122.9280634,-8.1059127],[122.9279325,-8.1057045],[122.9277422,-8.1055736],[122.9274229,-8.105414],[122.9272306,-8.1053178],[122.9269748,-8.1052761],[122.9265167,-8.105526],[122.9261484,-8.1055839],[122.9260173,-8.1055219],[122.9259682,-8.1054987],[122.9257723,-8.1053684],[122.9254893,-8.105148],[122.9253973,-8.1050975],[122.9252577,-8.1050208],[122.9251986,-8.1049751],[122.9251225,-8.104916],[122.9247952,-8.1047555],[122.9245484,-8.1046345],[122.9243517,-8.1045926],[122.9242177,-8.1045641],[122.9233496,-8.1047015],[122.9229748,-8.1047607],[122.9228191,-8.1047773],[122.9225931,-8.1048015],[122.9225679,-8.1047975],[122.9224417,-8.1047778],[122.9221878,-8.1047382],[122.9213862,-8.1043554],[122.920878,-8.1039964],[122.9201598,-8.1036295],[122.9199167,-8.1034649],[122.9197091,-8.1033243],[122.9197049,-8.103321],[122.9196885,-8.1033079],[122.9192396,-8.1030016],[122.9190356,-8.1028624],[122.9189123,-8.1028031],[122.9188403,-8.1027684],[122.9188391,-8.1027682],[122.9187796,-8.1027584],[122.9184837,-8.1027095],[122.9180475,-8.1026164],[122.9180249,-8.1026094],[122.9180202,-8.1026079],[122.9171056,-8.1022451],[122.9166418,-8.1020611],[122.916047,-8.1016726],[122.9160038,-8.1016431],[122.915678,-8.1014202],[122.9155154,-8.1012782],[122.9155049,-8.1012691],[122.915472,-8.1012404],[122.9152596,-8.1010551],[122.9151578,-8.1009544],[122.9146155,-8.100418],[122.914356,-8.1001659],[122.9139884,-8.0998715],[122.9134235,-8.0996615],[122.9131968,-8.0995476],[122.912831,-8.0993637],[122.9124819,-8.0990791],[122.9121505,-8.0988089],[122.9117894,-8.0985146],[122.911749,-8.0984868],[122.911419,-8.0982599],[122.9111154,-8.0981197],[122.9109755,-8.0980736],[122.9107388,-8.0979955],[122.9101318,-8.0976414],[122.9100421,-8.097589],[122.9099857,-8.097556],[122.9094605,-8.0972095],[122.9091127,-8.0969801],[122.9089214,-8.0968098],[122.9088544,-8.0967359],[122.9087435,-8.0966139],[122.9085913,-8.0964476],[122.908331,-8.0958989],[122.9082879,-8.0958312],[122.9082067,-8.0957037],[122.9081295,-8.0956687],[122.9081033,-8.0956568],[122.9078537,-8.0957539],[122.9077669,-8.0957664],[122.907697,-8.0957227],[122.9076689,-8.0956449],[122.907662,-8.0956258],[122.9076251,-8.0955996],[122.9075831,-8.0955395],[122.9075617,-8.095509],[122.9074247,-8.0952844],[122.9074181,-8.0952743],[122.9073198,-8.0951256],[122.9072222,-8.0949915],[122.9069919,-8.0948777],[122.9069909,-8.0948777],[122.9069186,-8.0948739],[122.9068707,-8.0948714],[122.9068701,-8.0948716],[122.9068031,-8.0948959],[122.9067443,-8.0949171],[122.9066299,-8.0949352],[122.9066072,-8.0949388],[122.9065729,-8.0949442],[122.9065728,-8.0949437],[122.9065429,-8.0948231],[122.906549,-8.0947178],[122.9064739,-8.0946826],[122.906333,-8.0946809],[122.9063263,-8.0946808],[122.9063256,-8.0946808],[122.9062899,-8.0947054],[122.9062137,-8.0947578],[122.9061406,-8.0948132],[122.9060113,-8.0949112],[122.9058758,-8.0949354],[122.9057186,-8.0949634],[122.9057174,-8.0949628],[122.9056419,-8.0949246],[122.9055698,-8.0948881],[122.9054993,-8.0948011],[122.9054353,-8.0947221],[122.9052845,-8.0946029],[122.9052818,-8.0946032],[122.9052068,-8.0946119],[122.9051488,-8.0946186],[122.9050364,-8.0946146],[122.905034,-8.0946146],[122.9049608,-8.0945669],[122.9049011,-8.094528],[122.9048244,-8.0944778],[122.9046823,-8.094385],[122.9043719,-8.094184],[122.9038763,-8.0939304],[122.9034611,-8.0939526],[122.9034595,-8.0939521],[122.9032676,-8.0938937],[122.9032019,-8.0938677],[122.9030664,-8.0938142],[122.9028239,-8.0936677],[122.902776,-8.0936256],[122.902528,-8.0934071],[122.901743,-8.0927886],[122.9015709,-8.0926247],[122.9008062,-8.0918343],[122.9005198,-8.0918192],[122.9003615,-8.0918594],[122.9002758,-8.0918791],[122.9002972,-8.0918132],[122.9004217,-8.0917281],[122.9004594,-8.091645],[122.9004289,-8.091502],[122.9003145,-8.0914776],[122.9000887,-8.0915136],[122.8999618,-8.0915712],[122.899708,-8.0916578],[122.8994944,-8.0916874],[122.8994188,-8.0916979],[122.899273,-8.0916738],[122.8992058,-8.0914928],[122.8990534,-8.0911608],[122.8987796,-8.0907702],[122.8982964,-8.0904089],[122.8981704,-8.0903062],[122.8981103,-8.0902573],[122.8980131,-8.090152],[122.8978981,-8.0899228],[122.8973393,-8.0893282],[122.8967353,-8.088853],[122.896503,-8.0885686],[122.8963286,-8.0880178],[122.8962225,-8.087907],[122.8960727,-8.0878384],[122.8958187,-8.0877826],[122.8954957,-8.0879116],[122.8954118,-8.0879186],[122.895261,-8.0878608],[122.8951737,-8.087755],[122.8950792,-8.087711],[122.8948912,-8.0877489],[122.8942072,-8.0878981],[122.8939347,-8.0877699],[122.893858,-8.0876566],[122.8937509,-8.0875594],[122.893703,-8.0875896],[122.8933122,-8.0877858],[122.8932361,-8.0877306],[122.8931313,-8.0876805],[122.8930248,-8.0877212],[122.8928286,-8.0877667],[122.8925769,-8.0876573],[122.8924728,-8.0875367],[122.8923671,-8.0874713],[122.892115,-8.0873956],[122.8914998,-8.0871964],[122.8913325,-8.0870807],[122.8910793,-8.0869059],[122.8905381,-8.0863831],[122.890417,-8.086134],[122.8903505,-8.085754],[122.8903877,-8.0854739],[122.890387,-8.0853749],[122.8903286,-8.0852796],[122.8902816,-8.0852193],[122.8902365,-8.0850545],[122.8901635,-8.0849825],[122.8897008,-8.0844312],[122.8896248,-8.0843407],[122.8895015,-8.0839733],[122.889396,-8.0836248],[122.8892327,-8.0834754],[122.8891362,-8.0834453],[122.8889128,-8.0833607],[122.8887853,-8.0833318],[122.8884159,-8.0832787],[122.8878114,-8.0830309],[122.8877746,-8.0829518],[122.8876848,-8.0827935],[122.8876478,-8.0826192],[122.8876327,-8.0824734],[122.8876476,-8.0821831],[122.8876553,-8.0819639],[122.8875857,-8.0813106],[122.8873305,-8.0809468],[122.8871554,-8.0808379],[122.8869339,-8.0807496],[122.8867487,-8.0806173],[122.8866657,-8.0805579],[122.886594,-8.0804359],[122.8860893,-8.0794504],[122.8860613,-8.0791868],[122.8861596,-8.0786448],[122.8861169,-8.0785189],[122.8859312,-8.0782835],[122.8858464,-8.0781419],[122.8855636,-8.0779173],[122.8858177,-8.0774051],[122.8857772,-8.0771367],[122.8856344,-8.0769432],[122.8853317,-8.0765945],[122.8852669,-8.07652],[122.8854501,-8.0762271],[122.8853913,-8.076174],[122.885321,-8.0761736],[122.8851035,-8.0762317],[122.8848122,-8.0764347],[122.8846479,-8.0764011],[122.8844783,-8.0763931],[122.884047,-8.0763761],[122.8838283,-8.076253],[122.8832761,-8.0758462],[122.8824528,-8.0748779],[122.882463,-8.0748085],[122.8824879,-8.0747196],[122.8825594,-8.0745066],[122.8826146,-8.0742399],[122.8825205,-8.074091],[122.8823848,-8.0739674],[122.8821377,-8.0737575],[122.8818047,-8.0736502],[122.8814891,-8.0735536],[122.8811973,-8.07345],[122.8807285,-8.0732694],[122.8805824,-8.0732327],[122.8803601,-8.0731768],[122.8800664,-8.0729928],[122.8799574,-8.0729036],[122.8795281,-8.0728427],[122.8792309,-8.0727243],[122.8791563,-8.0726075],[122.8790141,-8.0724548],[122.87881,-8.0723918],[122.878448,-8.0723206],[122.8781832,-8.0722008],[122.8779733,-8.072114],[122.8778269,-8.0720473],[122.8775776,-8.0719338],[122.8770076,-8.0714082],[122.8768379,-8.0712516],[122.8766988,-8.0712089],[122.8765091,-8.0710742],[122.8762446,-8.071059],[122.8760182,-8.0710005],[122.8755649,-8.0708061],[122.8751706,-8.0705705],[122.8750103,-8.070482],[122.8750001,-8.0704763],[122.8742677,-8.0700717],[122.8738489,-8.0699176],[122.8736011,-8.0698139],[122.8735149,-8.0697764],[122.8732919,-8.0696793],[122.8725675,-8.0693639],[122.8718081,-8.0689686],[122.871207,-8.0687287],[122.8699524,-8.0683145],[122.8698179,-8.0681749],[122.8698341,-8.0680416],[122.8697864,-8.0675921],[122.8697653,-8.067437],[122.8696784,-8.0673137],[122.8694165,-8.0671822],[122.8691527,-8.0670219],[122.8688041,-8.0667558],[122.8685974,-8.0666018],[122.8685014,-8.0662049],[122.8685932,-8.0658946],[122.8686405,-8.0657348],[122.8685561,-8.065519],[122.8684567,-8.0654734],[122.8682042,-8.0654039],[122.8680305,-8.065181],[122.8680455,-8.0651336],[122.8680462,-8.0650588],[122.8678611,-8.0645857],[122.8674136,-8.0639792],[122.8673574,-8.063847],[122.8672629,-8.063696],[122.8671466,-8.0636057],[122.8670574,-8.0636169],[122.8669484,-8.0636198],[122.8669152,-8.063599],[122.8668162,-8.0635368],[122.8665904,-8.0633576],[122.866179,-8.0634218],[122.86615,-8.0634211],[122.8659893,-8.0634162],[122.8658261,-8.0634509],[122.865714,-8.0635423],[122.8650032,-8.0642971],[122.8647488,-8.0643945],[122.8643213,-8.0644911],[122.864096,-8.0646032],[122.8639904,-8.0647332],[122.863851,-8.0649604],[122.8637941,-8.065094],[122.8636594,-8.0655817],[122.8634365,-8.0658456],[122.863188,-8.0660034],[122.8627026,-8.0662242],[122.8618512,-8.0666115],[122.8616941,-8.066817],[122.8616018,-8.066923],[122.8614429,-8.0670552],[122.8612151,-8.0671576],[122.8608131,-8.0673615],[122.8604233,-8.067594],[122.8601734,-8.067837],[122.8595385,-8.0683437],[122.8588845,-8.0687559],[122.8586453,-8.0688353],[122.858356,-8.0688483],[122.8580418,-8.069109],[122.8578106,-8.0691963],[122.857519,-8.0695354],[122.857361,-8.0697745],[122.8572328,-8.0699345],[122.8570782,-8.0700678],[122.8566047,-8.0703392],[122.8562532,-8.0704475],[122.8559091,-8.0705158],[122.855786,-8.0706113],[122.8556659,-8.0708445],[122.8556226,-8.0710856],[122.8555714,-8.0712767],[122.8554536,-8.0715138],[122.8550137,-8.0721343],[122.8547769,-8.0723194],[122.8541308,-8.0727215],[122.8536747,-8.0729599],[122.8531805,-8.0732681],[122.8525847,-8.0737292],[122.8521497,-8.0739862],[122.8513556,-8.0747232],[122.8507351,-8.074992],[122.8503304,-8.0750624],[122.8499382,-8.0749669],[122.8494444,-8.0748401],[122.8492823,-8.0747806],[122.8487608,-8.074492],[122.8485874,-8.0743882],[122.8484841,-8.0742341],[122.8484179,-8.074044],[122.8483391,-8.0738258],[122.8481761,-8.0734553],[122.847992,-8.0732292],[122.8479126,-8.0729089],[122.847878,-8.0725669],[122.8475611,-8.0715375],[122.8474171,-8.0713649],[122.847089,-8.0710591],[122.8466816,-8.0707995],[122.8459729,-8.0706933],[122.845696,-8.0706568],[122.8454486,-8.0705736],[122.8448052,-8.0703063],[122.8444982,-8.0701855],[122.8442595,-8.0702092],[122.8441773,-8.070342],[122.8441035,-8.0705241],[122.8439704,-8.0708733],[122.8438574,-8.0710918],[122.8436608,-8.071431],[122.8426487,-8.0727124],[122.8422216,-8.072988],[122.8420798,-8.073132],[122.8420501,-8.0732297],[122.8420461,-8.0735475],[122.8421647,-8.0741322],[122.8423515,-8.0745332],[122.8425473,-8.0747157],[122.8428609,-8.0749438],[122.8431264,-8.0751038],[122.8439456,-8.0755822],[122.8441471,-8.0756936],[122.8443319,-8.0757661],[122.844526,-8.0757886],[122.8450415,-8.0758566],[122.8452475,-8.075974],[122.8456598,-8.0761807],[122.8458997,-8.0763233],[122.8460616,-8.0764559],[122.8461654,-8.0766392],[122.846204,-8.0768893],[122.8462098,-8.0771015],[122.8461743,-8.0778693],[122.8459073,-8.0786697],[122.845777,-8.0789614],[122.8457177,-8.0791121],[122.8454129,-8.0795834],[122.8450656,-8.0799711],[122.8447869,-8.0801988],[122.844601,-8.0802861],[122.8443362,-8.080379],[122.8440537,-8.0804434],[122.843793,-8.0804268],[122.8435017,-8.0803773],[122.8433494,-8.080414],[122.8432054,-8.0805337],[122.8430571,-8.0806709],[122.8429146,-8.0807878],[122.8423945,-8.0812531],[122.8417935,-8.0814606],[122.8416229,-8.0815046],[122.8415095,-8.0814662],[122.8406252,-8.081066],[122.8404847,-8.0810925],[122.8402636,-8.0812927],[122.8401379,-8.0813546],[122.8394693,-8.0815392],[122.83935,-8.0815961],[122.8390177,-8.081846],[122.8388205,-8.0821666],[122.8387751,-8.0823724],[122.8388095,-8.0828484],[122.8387952,-8.0830449],[122.8387846,-8.0830821],[122.8387396,-8.0832399],[122.8385777,-8.0834399],[122.8383418,-8.0836255],[122.8382692,-8.0836883],[122.8377035,-8.0840961],[122.8368943,-8.0847667],[122.8367234,-8.0850229],[122.8364647,-8.0855752],[122.8362781,-8.0858933],[122.8361915,-8.0860442],[122.8361303,-8.0862441],[122.8360164,-8.0865587],[122.8359463,-8.0867777],[122.8358319,-8.0871544],[122.8357814,-8.087524],[122.8357657,-8.0876388],[122.8357356,-8.0878924],[122.8356045,-8.0881184],[122.8354806,-8.08826],[122.8352744,-8.0883483],[122.835161,-8.0884085],[122.8351214,-8.0888625],[122.8351242,-8.0890515],[122.8349732,-8.0894058],[122.8348692,-8.0897121],[122.8348083,-8.0900793],[122.8346788,-8.0908576],[122.8342752,-8.0915599],[122.8329405,-8.0925459],[122.8327354,-8.0926896],[122.8325377,-8.0928715],[122.8324005,-8.0930022],[122.8322412,-8.0932766],[122.832066,-8.0936926],[122.8319478,-8.0938867],[122.8317461,-8.0941955],[122.8315603,-8.0947584],[122.8314135,-8.0954319],[122.8312513,-8.0959801],[122.8311181,-8.0961149],[122.8309848,-8.0962497],[122.8307242,-8.0964219],[122.8303992,-8.0965268],[122.8303838,-8.0965318],[122.8303836,-8.0965318],[122.829613,-8.0966043],[122.8290101,-8.0965581],[122.8285923,-8.0964668],[122.8279408,-8.0963062],[122.8278285,-8.0962785],[122.8269462,-8.0964167],[122.8261549,-8.0964737],[122.8259037,-8.0964917],[122.8252762,-8.0966021],[122.8240433,-8.0966901],[122.8239537,-8.0967015],[122.8234508,-8.0967655],[122.8224412,-8.0968059],[122.8219427,-8.0967592],[122.8216652,-8.0967331],[122.8210607,-8.0966108],[122.8210176,-8.0966075],[122.8209885,-8.0966053],[122.8208837,-8.0965596],[122.8208062,-8.0964062],[122.8205321,-8.0961818],[122.8203446,-8.0960283],[122.8200766,-8.0958759],[122.8200672,-8.0958724],[122.8198839,-8.0958027],[122.8195588,-8.0958939],[122.8194203,-8.0959388],[122.8192253,-8.0959212],[122.8188996,-8.0958916],[122.8188979,-8.0958915],[122.8185632,-8.0958119],[122.818361,-8.0956959],[122.8180881,-8.0955393],[122.8179133,-8.0954995],[122.8178862,-8.0954934],[122.8178846,-8.095493],[122.8176567,-8.0955487],[122.8174889,-8.0956965],[122.8171433,-8.0962204],[122.8169934,-8.0964229],[122.8169628,-8.0964467],[122.8168369,-8.0965449],[122.8165623,-8.0965968],[122.8165603,-8.0965965],[122.8162779,-8.096548],[122.8158462,-8.096474],[122.8156491,-8.0964391],[122.8155955,-8.0964095],[122.8155085,-8.0963614],[122.8153589,-8.0960574],[122.8152293,-8.0957939],[122.8151853,-8.0957179],[122.8151129,-8.0955928],[122.8149951,-8.0954255],[122.8147904,-8.0952669],[122.8145928,-8.0951835],[122.814591,-8.0951836],[122.814551,-8.0951867],[122.8144503,-8.0951944],[122.814345,-8.0952811],[122.8143073,-8.0953787],[122.8143599,-8.0955568],[122.8145426,-8.0957635],[122.814578,-8.0959479],[122.8145831,-8.0959748],[122.8145468,-8.0962334],[122.8145037,-8.0964369],[122.8144826,-8.0965366],[122.8144264,-8.0965949],[122.8142806,-8.0967463],[122.8139448,-8.0969529],[122.8138949,-8.0969984],[122.8138087,-8.0970769],[122.8137454,-8.0971912],[122.8136934,-8.0972852],[122.8136474,-8.0973793],[122.8135952,-8.0974861],[122.8134955,-8.0976071],[122.8134701,-8.0976378],[122.8132828,-8.0977673],[122.8130946,-8.0978973],[122.812542,-8.0982776],[122.8121034,-8.0985982],[122.8113705,-8.0990293],[122.8113364,-8.0990507],[122.8111904,-8.0991424],[122.8108391,-8.0993249],[122.8100823,-8.0997178],[122.810082,-8.0997178],[122.8090124,-8.0998884],[122.8089149,-8.0999311],[122.8088401,-8.0999638],[122.8086769,-8.1000966],[122.8085623,-8.1001899],[122.8084708,-8.1002633],[122.8083136,-8.1003895],[122.8081646,-8.1004662],[122.8079272,-8.1005885],[122.806243,-8.1005294],[122.8062423,-8.1005294],[122.805734,-8.1003666],[122.8057251,-8.1003637],[122.8057241,-8.1003634],[122.8056107,-8.1002429],[122.8055313,-8.1000893],[122.8054627,-8.1000249],[122.8053997,-8.0999657],[122.8052527,-8.0999382],[122.8050907,-8.0999844],[122.8049591,-8.1000897],[122.8047247,-8.1003472],[122.8039681,-8.1007662],[122.8038658,-8.1008071],[122.8037967,-8.1008347],[122.8035311,-8.1009321],[122.8032782,-8.1010259],[122.8031096,-8.1010683],[122.8029756,-8.101102],[122.8027325,-8.1011525],[122.8026117,-8.1011776],[122.8024987,-8.1012279],[122.8024248,-8.1013798],[122.8024146,-8.1014959],[122.8024729,-8.1015763],[122.8026339,-8.1017982],[122.8028788,-8.102037],[122.802883,-8.1020404],[122.8033097,-8.1023794],[122.8036064,-8.1026249],[122.8036849,-8.1027085],[122.8037102,-8.1027356],[122.8037464,-8.1030073],[122.8037163,-8.1031907],[122.8036764,-8.1034344],[122.8034621,-8.1040889],[122.8030477,-8.1047664],[122.802978,-8.1048804],[122.8026883,-8.10522],[122.802665,-8.1052405],[122.8023403,-8.1055269],[122.8021647,-8.1056345],[122.8019766,-8.1057499],[122.8017037,-8.1058598],[122.801703,-8.1058601],[122.8014018,-8.1058767],[122.8010432,-8.1058965],[122.800746,-8.1059275],[122.8001745,-8.1062283],[122.7997764,-8.1065062],[122.7984173,-8.1074533],[122.7982544,-8.1075791],[122.7979722,-8.1078765],[122.7976649,-8.1080367],[122.7973084,-8.1082391],[122.7972248,-8.108311],[122.7972238,-8.1086988],[122.7971989,-8.1088614],[122.7970778,-8.1089936],[122.7959824,-8.1091861],[122.7955378,-8.1092224],[122.7953147,-8.1092055],[122.7952339,-8.1091263],[122.79511,-8.1089378],[122.7949952,-8.1086662],[122.7948822,-8.1080932],[122.7948235,-8.1077963],[122.7946614,-8.107722],[122.7943203,-8.1076544],[122.7940509,-8.1075417],[122.7938315,-8.1073905],[122.7936318,-8.107229],[122.7931752,-8.1068255],[122.7929623,-8.1067116],[122.7927313,-8.106675],[122.7922655,-8.1066456],[122.7919213,-8.1065376],[122.7909339,-8.106017],[122.7906792,-8.1058847],[122.790518,-8.1057499],[122.7903697,-8.1055229],[122.7902707,-8.1052611],[122.7901026,-8.1046169],[122.7899312,-8.1042661],[122.7897729,-8.1038825],[122.789736,-8.103741],[122.7895845,-8.1035493],[122.7894783,-8.10349],[122.789358,-8.1035222],[122.789016,-8.1039702],[122.7887127,-8.1046307],[122.788454,-8.1050205],[122.7881302,-8.105393],[122.7873449,-8.1060801],[122.786914,-8.10643],[122.7865503,-8.1067161],[122.7861263,-8.1070439],[122.7853339,-8.1074555],[122.7850667,-8.1075405],[122.7844767,-8.1076444],[122.7840902,-8.1077278],[122.7835652,-8.1076762],[122.7831369,-8.1076868],[122.7828206,-8.1077628],[122.782661,-8.1078625],[122.7824076,-8.1081742],[122.7819715,-8.1090117],[122.7816065,-8.1098862],[122.7807362,-8.1119808],[122.7805586,-8.113853],[122.7805246,-8.1142467],[122.7805576,-8.1147892],[122.78065,-8.1155177],[122.7806781,-8.1157126],[122.7807362,-8.1160572],[122.7807714,-8.1163215],[122.7808045,-8.116584],[122.7810386,-8.1172026],[122.7811459,-8.1175515],[122.7811815,-8.1177297],[122.7812971,-8.1183573],[122.7813642,-8.1187208],[122.7813886,-8.1188536],[122.7814655,-8.119166],[122.7815015,-8.1192852],[122.7815144,-8.1193279],[122.7814509,-8.1196973],[122.7814017,-8.119975],[122.781351,-8.1202612],[122.7813429,-8.1202823],[122.7811654,-8.1207466],[122.7811511,-8.1209965],[122.7810729,-8.1211326],[122.7810723,-8.1211345],[122.7808061,-8.1218988],[122.7808169,-8.122054],[122.7808226,-8.122136],[122.7808354,-8.1223199],[122.7808546,-8.122575],[122.7806212,-8.1233935],[122.7804428,-8.1246816],[122.780431,-8.1250004],[122.78043,-8.1250276],[122.7804091,-8.1255939],[122.780427,-8.1259298],[122.7803852,-8.1261247],[122.7803028,-8.1263755],[122.7802682,-8.1271213],[122.7800838,-8.1283359],[122.7800457,-8.1285417],[122.7799523,-8.1286882],[122.779594,-8.1289176],[122.7792738,-8.129063],[122.7791748,-8.12914],[122.7790868,-8.1294486],[122.7790766,-8.1298565],[122.7793073,-8.1304516],[122.7793684,-8.1305997],[122.7792237,-8.131187],[122.779092,-8.1314066],[122.7788304,-8.1318467],[122.7787024,-8.1322175],[122.7786815,-8.1323875],[122.7789543,-8.1327115],[122.7788788,-8.1333786],[122.7785856,-8.134737],[122.7785215,-8.1350065],[122.7784012,-8.1352867],[122.7783049,-8.1355581],[122.7782696,-8.1359063],[122.7782722,-8.1362026],[122.7783582,-8.1363846],[122.7787068,-8.1366189],[122.7793146,-8.1369075],[122.7798751,-8.1371528],[122.7800605,-8.1372193],[122.7802301,-8.1373161],[122.7803417,-8.1373635],[122.7805153,-8.1374781],[122.7806826,-8.1375954],[122.7807657,-8.1377509],[122.7808336,-8.1380098],[122.7811155,-8.1388531],[122.78127,-8.1391756],[122.7813725,-8.139314],[122.7815427,-8.1394463],[122.7817753,-8.1395596],[122.7819468,-8.1397116],[122.7822046,-8.1401424],[122.7823759,-8.1404879],[122.7824864,-8.1407536],[122.7825396,-8.1409666],[122.7826099,-8.1411995],[122.7826477,-8.1415264],[122.782647,-8.1418609],[122.7826985,-8.1422631],[122.7827357,-8.1428805],[122.7827539,-8.1431651],[122.7828453,-8.1433899],[122.7831972,-8.1439384],[122.7835698,-8.1443568],[122.7841844,-8.144767],[122.7844369,-8.1453633],[122.7846527,-8.1460959],[122.7847203,-8.1463578],[122.7848722,-8.146891],[122.7849854,-8.147282],[122.7849732,-8.1478521],[122.7849661,-8.1483763],[122.7849986,-8.1485874],[122.785074,-8.1487749],[122.7852575,-8.1490288],[122.7853137,-8.1491265],[122.7851792,-8.149404],[122.7850598,-8.14967],[122.7850053,-8.1499867],[122.7849231,-8.1503359],[122.7848357,-8.15051],[122.7844686,-8.1509299],[122.784331,-8.151031],[122.7840423,-8.1511295],[122.783517,-8.1511966],[122.7831546,-8.1512902],[122.7825616,-8.151659],[122.7824337,-8.1517958],[122.782231,-8.1522877],[122.7821329,-8.1526934],[122.7819799,-8.1530893],[122.7818888,-8.1533606],[122.7818964,-8.1536097],[122.7820806,-8.154001],[122.782168,-8.1541984],[122.7821134,-8.1545001],[122.7820254,-8.1547051],[122.7819753,-8.154871],[122.7820715,-8.1550324],[122.7821414,-8.155144],[122.7818086,-8.1562328],[122.7816741,-8.1566727],[122.7815801,-8.1569426],[122.7813154,-8.1572627],[122.7807736,-8.1578714],[122.7805831,-8.1581746],[122.7804228,-8.1586698],[122.7802846,-8.1588411],[122.7799122,-8.1590983],[122.779341,-8.1595209],[122.7792951,-8.159555],[122.7792578,-8.1595964],[122.7791059,-8.1598244],[122.7787616,-8.1604324],[122.7784243,-8.1611069],[122.7781077,-8.1617332],[122.7776973,-8.1622979],[122.7770803,-8.1629661],[122.776216,-8.1640989],[122.7755407,-8.1647676],[122.7749628,-8.1653639],[122.7741072,-8.1661782],[122.7739131,-8.1663524],[122.7735292,-8.1667225],[122.7733961,-8.1669747],[122.7730255,-8.1677755],[122.7727844,-8.1680031],[122.7720155,-8.1684719],[122.7717238,-8.1686759],[122.7715067,-8.1689247],[122.7713309,-8.1692146],[122.7712066,-8.1693619],[122.7703894,-8.1700641],[122.7703166,-8.1701986],[122.7703063,-8.1703654],[122.7702225,-8.1705213],[122.7698684,-8.1709052],[122.7696177,-8.1709664],[122.7695501,-8.171017],[122.769255,-8.1712717],[122.7690008,-8.17155],[122.768856,-8.1716555],[122.768528,-8.1717773],[122.7682595,-8.1718966],[122.7681264,-8.1720198],[122.7677677,-8.1723537],[122.7673923,-8.1727209],[122.7671136,-8.1731865],[122.7669829,-8.1732288],[122.7666189,-8.1733668],[122.7664309,-8.1735026],[122.7662595,-8.173581],[122.7660601,-8.173598],[122.7658673,-8.1736356],[122.765769,-8.1737505],[122.7654989,-8.174124],[122.7653746,-8.1742472],[122.7650199,-8.1745835],[122.7645645,-8.1750922],[122.7643295,-8.1754678],[122.7639121,-8.1762139],[122.7630679,-8.1770708],[122.7620435,-8.177834],[122.7618433,-8.1780849],[122.7617227,-8.1783011],[122.7615647,-8.1786614],[122.7614396,-8.178975],[122.7613776,-8.1792605],[122.7613743,-8.1794299],[122.7614111,-8.1796726],[122.7615156,-8.1803067],[122.7615917,-8.1808551],[122.7617124,-8.181479],[122.7618211,-8.1821627],[122.7619025,-8.1834767],[122.7617988,-8.1841538],[122.7616835,-8.1845211],[122.761409,-8.185023],[122.761017,-8.1855698],[122.7607812,-8.1859297],[122.7603645,-8.1867712],[122.7602718,-8.1871105],[122.7600852,-8.1879332],[122.7599858,-8.1883831],[122.7598144,-8.1898497],[122.7598168,-8.1905611],[122.759887,-8.1910958],[122.7600439,-8.1914793],[122.7602746,-8.1919311],[122.7604445,-8.1922497],[122.7604885,-8.1925436],[122.7604392,-8.1926422],[122.7603275,-8.1927075],[122.7600183,-8.1928232],[122.7598818,-8.193012],[122.7598125,-8.1932069],[122.759599,-8.1939602],[122.7594568,-8.1942311],[122.7592861,-8.1943402],[122.7591186,-8.1943425],[122.7589785,-8.1942638],[122.7587421,-8.1941237],[122.7586481,-8.1941619],[122.7585316,-8.1942781],[122.7584469,-8.1944684],[122.7584108,-8.194805],[122.7582151,-8.1949249],[122.7579199,-8.1951489],[122.7571512,-8.1955222],[122.7567637,-8.1956512],[122.7563128,-8.1956246],[122.7562062,-8.1957199],[122.7560267,-8.1958739],[122.7553701,-8.1960808],[122.7550933,-8.1960845],[122.7549777,-8.196025],[122.7547973,-8.1959189],[122.7546355,-8.1959096],[122.7545043,-8.1959616],[122.7543855,-8.1960939],[122.753861,-8.1966481],[122.7531258,-8.1969763],[122.7526462,-8.197118],[122.751339,-8.197448],[122.7511326,-8.197569],[122.7503771,-8.1981823],[122.7501045,-8.1985099],[122.7500101,-8.1986466],[122.7500001,-8.198661],[122.7498631,-8.1988593],[122.7497227,-8.1990897],[122.7495179,-8.1996346],[122.7492007,-8.1999655],[122.7490078,-8.200234],[122.7489309,-8.2004618],[122.7489361,-8.2007011],[122.7489364,-8.2013121],[122.74887,-8.2014674],[122.7479502,-8.202441],[122.7474851,-8.2030984],[122.7469977,-8.2035804],[122.746691,-8.2039421],[122.7460651,-8.2044583],[122.745482,-8.2049999],[122.7454429,-8.2050345],[122.7447127,-8.2057171],[122.744448,-8.2058415],[122.7441525,-8.2060317],[122.7439057,-8.2062633],[122.743466,-8.206718],[122.7429704,-8.2071659],[122.7424247,-8.2076103],[122.7421433,-8.2077612],[122.7419062,-8.2077869],[122.7415838,-8.2077279],[122.7414163,-8.207597],[122.7411751,-8.2074487],[122.7410285,-8.2074174],[122.7408628,-8.2074456],[122.7404106,-8.2076788],[122.7402179,-8.2078895],[122.7400018,-8.2081105],[122.7394948,-8.2086728],[122.7393168,-8.2090073],[122.7387696,-8.2098781],[122.7383376,-8.2103507],[122.7378844,-8.2107111],[122.7377391,-8.2108337],[122.7373317,-8.2111906],[122.7365033,-8.2118628],[122.7360538,-8.2123551],[122.7354332,-8.2127971],[122.7351636,-8.2129674],[122.7347352,-8.2132993],[122.7331336,-8.2147171],[122.7327217,-8.2150651],[122.7322345,-8.215565],[122.7318959,-8.2159918],[122.7316711,-8.2162457],[122.7313112,-8.2165887],[122.7312335,-8.2167635],[122.7309374,-8.2176121],[122.7301427,-8.2195844],[122.7300194,-8.2203528],[122.7301583,-8.2218371],[122.7304841,-8.2236915],[122.7305526,-8.2240038],[122.7306663,-8.2244577],[122.7308213,-8.2247599],[122.731038,-8.2251049],[122.731242,-8.2253936],[122.7315732,-8.2259236],[122.7319134,-8.22657],[122.7322826,-8.2269458],[122.7325104,-8.2270729],[122.7327679,-8.2271335],[122.7331799,-8.2272655],[122.7334294,-8.2274285],[122.7340311,-8.2279605],[122.7343234,-8.2279424],[122.7345539,-8.2279135],[122.7351821,-8.2279129],[122.7356068,-8.2279176],[122.7360994,-8.2279508],[122.7364238,-8.2280255],[122.7366143,-8.2281366],[122.7367876,-8.2282977],[122.7370728,-8.2285444],[122.7373729,-8.2285569],[122.7375491,-8.2284864],[122.7377672,-8.2283282],[122.7380951,-8.2281054],[122.7382934,-8.2280581],[122.7387572,-8.2280422],[122.7396678,-8.2280738],[122.7400045,-8.2281498],[122.7403758,-8.2282941],[122.7405723,-8.2284361],[122.7406904,-8.2285622],[122.7410689,-8.2288111],[122.7413271,-8.2289],[122.7416866,-8.2289461],[122.7418845,-8.2289192],[122.7420031,-8.2288747],[122.7422431,-8.2287935],[122.7426447,-8.2287022],[122.7429503,-8.2285982],[122.744345,-8.2278371],[122.7445594,-8.2277016],[122.744742,-8.2274296],[122.7449588,-8.2271803],[122.7449744,-8.2271625],[122.7449943,-8.2271434],[122.745123,-8.2268841],[122.7451249,-8.2268804],[122.7453319,-8.226752],[122.746599,-8.2262166],[122.7474199,-8.2261666],[122.7478839,-8.2261952],[122.7484121,-8.2261737],[122.7491473,-8.2260871],[122.7492778,-8.2260395],[122.7496228,-8.2260167],[122.749638,-8.2260191],[122.7500001,-8.2260769],[122.7500101,-8.2260785],[122.7501151,-8.2260953],[122.7507431,-8.2263958],[122.751034,-8.2266239],[122.7513416,-8.2269381],[122.7516097,-8.2271916],[122.7516663,-8.2273877],[122.7518254,-8.2277893],[122.75194,-8.2278295],[122.7525964,-8.2280836],[122.7530147,-8.228296],[122.7533011,-8.228508],[122.754032,-8.2291827],[122.754348,-8.2294058],[122.7551973,-8.229894],[122.7556154,-8.2300691],[122.7558526,-8.2300671],[122.7560026,-8.2300171],[122.7561927,-8.2298801],[122.756509,-8.2295655],[122.7574778,-8.2285459],[122.7580769,-8.2279336],[122.7583449,-8.2275883],[122.7585696,-8.2272375],[122.7592102,-8.2262964],[122.759636,-8.2258716],[122.7598307,-8.2257747],[122.7608585,-8.2253907],[122.7617352,-8.2250592],[122.7620379,-8.2249829],[122.7623671,-8.2249541],[122.762613,-8.2250137],[122.7636759,-8.2254352],[122.7645721,-8.2257116],[122.7658241,-8.2260098],[122.7667846,-8.2263657],[122.7669147,-8.2264911],[122.7671412,-8.2267222],[122.7673721,-8.2270042],[122.7683413,-8.2283766],[122.7684169,-8.2285458],[122.7684885,-8.2288813],[122.7685076,-8.2292113],[122.768583,-8.2293668],[122.7686514,-8.2295361],[122.768615,-8.2298363],[122.7685156,-8.2301371],[122.7684115,-8.230623],[122.7684273,-8.2308628],[122.7684847,-8.2310031],[122.7686848,-8.2311697],[122.769232,-8.231517],[122.7697319,-8.2318147],[122.7702264,-8.2320035],[122.7707223,-8.2321251],[122.7710333,-8.2321106],[122.7712219,-8.2320049],[122.771408,-8.2318084],[122.771598,-8.2316338],[122.7719434,-8.2315543],[122.7725961,-8.2314546],[122.7732363,-8.2314161],[122.7734069,-8.2314865],[122.7735907,-8.2315497],[122.7743258,-8.2313613],[122.7749362,-8.2312507],[122.7752054,-8.2312104],[122.7756233,-8.231247],[122.776195,-8.231368],[122.7765388,-8.2315134],[122.7768678,-8.2316427],[122.7770986,-8.2317601],[122.7779397,-8.2324199],[122.7781593,-8.2325635],[122.7782789,-8.2325869],[122.7786647,-8.2325965],[122.779158,-8.2329264],[122.7795742,-8.2333334],[122.7797843,-8.2336365],[122.7799404,-8.2338837],[122.7803017,-8.2344092],[122.7804548,-8.2345797],[122.7812939,-8.2354226],[122.7815379,-8.2355561],[122.7817742,-8.2356049],[122.7821152,-8.2356225],[122.7823786,-8.2355408],[122.7829869,-8.2350923],[122.7839916,-8.2343484],[122.7841545,-8.2343706],[122.7847986,-8.2345163],[122.7848488,-8.2345388],[122.7856752,-8.2348915],[122.7862223,-8.2350759],[122.7870412,-8.2353452],[122.7871575,-8.2355429],[122.7872693,-8.2355954],[122.7874802,-8.2355766],[122.7877894,-8.2355171],[122.7879504,-8.2354191],[122.7881579,-8.2352061],[122.7882613,-8.234995],[122.7883223,-8.2348164],[122.7883609,-8.234673],[122.7884618,-8.2343352],[122.7886592,-8.2337574],[122.7891758,-8.2315584],[122.7892204,-8.2312755],[122.7892647,-8.2308114],[122.7893608,-8.2305685],[122.7895915,-8.2300711],[122.7897209,-8.2297663],[122.789744,-8.229728],[122.7903862,-8.2286358],[122.7908694,-8.2279122],[122.7912237,-8.22744],[122.7915636,-8.2270242],[122.7923962,-8.2259049],[122.7927492,-8.2255483],[122.7930529,-8.225352],[122.7935594,-8.2251742],[122.7942071,-8.2250479],[122.7945879,-8.2250437],[122.7951655,-8.2250954],[122.7954745,-8.2250481],[122.7957635,-8.2249432],[122.7960888,-8.2246777],[122.7963486,-8.2244934],[122.7966152,-8.2242951],[122.7968551,-8.2240836],[122.797225,-8.2235603],[122.7974146,-8.2230754],[122.797694,-8.222097],[122.7977524,-8.2218306],[122.797734,-8.2215574],[122.7977024,-8.2209042],[122.7977631,-8.2193767],[122.7976413,-8.2186745],[122.7974364,-8.218162],[122.7973295,-8.2179932],[122.7972326,-8.2179479],[122.7968957,-8.21785],[122.7969104,-8.2177906],[122.7970075,-8.217692],[122.7971131,-8.2176337],[122.7972202,-8.2175502],[122.7972434,-8.2174385],[122.7971669,-8.2167223],[122.797039,-8.2155478],[122.7970503,-8.2149038],[122.7971787,-8.2142679],[122.7976646,-8.2125009],[122.7977264,-8.2120713],[122.797765,-8.2118227],[122.7983406,-8.2107827],[122.7984286,-8.2103118],[122.7984415,-8.2101235],[122.7985393,-8.2098934],[122.7987661,-8.2094776],[122.7994527,-8.2082657],[122.7994367,-8.2081403],[122.799447,-8.2078786],[122.7994315,-8.207706],[122.799383,-8.2075306],[122.7994563,-8.2074952],[122.7996644,-8.2075005],[122.8001551,-8.2074671],[122.8003435,-8.2073776],[122.8004961,-8.2072106],[122.8015218,-8.2059078],[122.8023574,-8.2052677],[122.8025299,-8.2050469],[122.8027935,-8.2047793],[122.8029972,-8.2046293],[122.8032452,-8.2042816],[122.8032193,-8.2041864],[122.8031707,-8.2039858],[122.8032131,-8.2037511],[122.8032903,-8.2035706],[122.8033428,-8.2033986],[122.8033687,-8.2032752],[122.8034906,-8.2031455],[122.8036001,-8.2031165],[122.8039582,-8.20311],[122.8041086,-8.2030037],[122.8043135,-8.2029015],[122.8047045,-8.2027283],[122.8049737,-8.2025016],[122.8055307,-8.2018184],[122.8061596,-8.2010406],[122.8065239,-8.20059],[122.8067783,-8.2004866],[122.8074185,-8.2003346],[122.8076216,-8.2002647],[122.8078659,-8.200053],[122.8080268,-8.1998029],[122.808206,-8.1994185],[122.8083616,-8.1990359],[122.8085362,-8.1987941],[122.8087948,-8.1984976],[122.809091,-8.1982634],[122.8094227,-8.1980991],[122.8096704,-8.1980578],[122.8099214,-8.1979764],[122.8103131,-8.1977914],[122.8108653,-8.1973813],[122.8112229,-8.1972638],[122.8118954,-8.1970056],[122.8126552,-8.1965375],[122.8129448,-8.1963072],[122.814279,-8.1959172],[122.8151043,-8.1958014],[122.8154174,-8.1956959],[122.8158242,-8.1956024],[122.8162161,-8.1955005],[122.8170031,-8.1952865],[122.8184982,-8.1951056],[122.8192987,-8.194826],[122.8196429,-8.1945908],[122.8198376,-8.1943484],[122.8198883,-8.1941431],[122.8198541,-8.1937738],[122.8198312,-8.193597],[122.8198389,-8.1930222],[122.8201121,-8.1913682],[122.8202047,-8.1912205],[122.8203307,-8.1911464]]],[[[123.0216054,-8.1498922],[123.0218965,-8.150278],[123.0222626,-8.1506349],[123.0224357,-8.1507387],[123.022655,-8.1507138],[123.0226989,-8.1506867],[123.0226941,-8.1504989],[123.0225909,-8.1500944],[123.0225547,-8.1500196],[123.0225757,-8.1499432],[123.0224673,-8.1497591],[123.0219507,-8.1495183],[123.0218014,-8.1495176],[123.021625,-8.1495791],[123.0215716,-8.1496739],[123.0216054,-8.1498922]]]]}},
{"type":"Feature","properties":{"OBJECTID":80681.0,"NAMOBJ":"Halakodanuan","KDCBPS":"530604","WADMKC":"Ile Mandiri","WADMKK":"Flores Timur","WADMPR":"Nusa Tenggara Timur","Penduduk":12409,"luas_km2":69.644},"geometry":{"type":"MultiPolygon","coordinates":[[[[122.9159689,-8.3277104],[122.9163255,-8.3276952],[122.916383,-8.3276927],[122.9166821,-8.32768],[122.9170164,-8.3277134],[122.9170387,-8.3277156],[122.9178136,-8.3278973],[122.9181265,-8.3280347],[122.9183169,-8.3281459],[122.9184826,-8.3282426],[122.9186852,-8.3283024],[122.9189296,-8.3283063],[122.9193513,-8.3283183],[122.9194684,-8.3283295],[122.9199581,-8.3283765],[122.9201879,-8.3283808],[122.9207272,-8.3283803],[122.9209633,-8.3284451],[122.9212086,-8.3284774],[122.9213855,-8.3284406],[122.9216085,-8.3283402],[122.9226015,-8.3278604],[122.9228867,-8.3277876],[122.9229041,-8.3277213],[122.9229313,-8.3274968],[122.9230172,-8.327423],[122.92323,-8.3274009],[122.9235509,-8.3274057],[122.9239357,-8.3274114],[122.9245908,-8.327293],[122.9249353,-8.3272307],[122.9252199,-8.3272282],[122.9252749,-8.3272277],[122.925527,-8.3272621],[122.9268947,-8.3274506],[122.9272134,-8.3274738],[122.9279829,-8.3276206],[122.9291145,-8.3280489],[122.9293139,-8.3282045],[122.9295978,-8.3285954],[122.9296583,-8.3288833],[122.929843,-8.3294388],[122.9299921,-8.3297915],[122.9301395,-8.3302148],[122.9303267,-8.3300457],[122.9303754,-8.3300275],[122.9304215,-8.3300323],[122.9307483,-8.3299872],[122.9311294,-8.3296438],[122.9312926,-8.3294201],[122.9313405,-8.3293544],[122.9320711,-8.3284538],[122.932123,-8.3283656],[122.9322481,-8.3281528],[122.9323741,-8.3278929],[122.9325519,-8.3276612],[122.9330737,-8.3272727],[122.9332549,-8.3271527],[122.9337106,-8.3270534],[122.9340648,-8.3270192],[122.9342256,-8.3269807],[122.9343912,-8.3268305],[122.9344429,-8.3267555],[122.9349699,-8.3262872],[122.9351262,-8.3261585],[122.935229,-8.3260927],[122.935684,-8.3257161],[122.9359252,-8.3255011],[122.9361053,-8.3252906],[122.9363078,-8.3250812],[122.936476,-8.3249119],[122.9368206,-8.3246085],[122.9370877,-8.3244421],[122.9373229,-8.3243138],[122.9378647,-8.3240964],[122.9388167,-8.3238142],[122.9392324,-8.3236835],[122.9398246,-8.3236228],[122.9400186,-8.3236589],[122.9403445,-8.3238521],[122.9406361,-8.3240145],[122.9409991,-8.3242093],[122.941171,-8.3243053],[122.9412713,-8.3243135],[122.941531,-8.3241412],[122.9417863,-8.3239094],[122.9418212,-8.3238697],[122.9421454,-8.3234248],[122.9423917,-8.3229134],[122.9425552,-8.3224478],[122.9425667,-8.3224217],[122.9426112,-8.322329],[122.9427726,-8.3222134],[122.9430573,-8.3220167],[122.9432879,-8.3219078],[122.9433335,-8.3218854],[122.9436684,-8.3218073],[122.9442141,-8.3217407],[122.9444543,-8.3216731],[122.9444866,-8.3216566],[122.9446747,-8.3215347],[122.9451985,-8.3211369],[122.9455424,-8.3208646],[122.945747,-8.3207267],[122.9458468,-8.3206411],[122.9458861,-8.3205981],[122.9462122,-8.3203933],[122.9466007,-8.3201848],[122.9466791,-8.3201401],[122.9468978,-8.3200398],[122.9472327,-8.3198524],[122.9472794,-8.319832],[122.9475248,-8.3197272],[122.947875,-8.3194231],[122.9480574,-8.3192839],[122.9484882,-8.3190149],[122.9485126,-8.3190003],[122.9489087,-8.3186913],[122.9489598,-8.3186491],[122.9491228,-8.3185302],[122.9501426,-8.3183414],[122.95118,-8.3182008],[122.9529406,-8.3179623],[122.9548569,-8.3177821],[122.9571595,-8.3176443],[122.958349,-8.3175602],[122.9593339,-8.3170904],[122.9605941,-8.3164385],[122.9619202,-8.3160027],[122.9630891,-8.3157175],[122.9646985,-8.315317],[122.9673718,-8.3145312],[122.967738,-8.3143925],[122.9687091,-8.3140247],[122.9699844,-8.3134716],[122.9705477,-8.3132395],[122.9713875,-8.3128934],[122.972976,-8.3122757],[122.9745148,-8.311592],[122.9757034,-8.3110409],[122.9769012,-8.3104735],[122.9775874,-8.3100419],[122.9782736,-8.3096102],[122.9791561,-8.3088917],[122.9793517,-8.3087015],[122.9793925,-8.308693],[122.9794936,-8.3086213],[122.979516,-8.3086005],[122.9795561,-8.308573],[122.9795886,-8.3084828],[122.9796594,-8.3083875],[122.9796993,-8.3083413],[122.9799885,-8.3080786],[122.9800227,-8.3080329],[122.9800321,-8.3079843],[122.9801466,-8.3077708],[122.9801873,-8.3077335],[122.9802411,-8.307694],[122.9802734,-8.3076728],[122.9803491,-8.3076135],[122.9804146,-8.307541],[122.9804531,-8.3074814],[122.9806918,-8.3071186],[122.9808728,-8.3068041],[122.9809446,-8.3067263],[122.981105,-8.3065698],[122.98116,-8.3065376],[122.9812137,-8.3065288],[122.9812868,-8.3065259],[122.9813753,-8.3065223],[122.9815144,-8.3065117],[122.9818459,-8.3064672],[122.9821415,-8.3064024],[122.9822522,-8.3063683],[122.982704,-8.3062018],[122.9827346,-8.3061586],[122.9829297,-8.3059686],[122.9830222,-8.3058376],[122.9831363,-8.3056273],[122.9832706,-8.305484],[122.983423,-8.3053291],[122.9835316,-8.3051752],[122.9836667,-8.3050228],[122.9837527,-8.3049007],[122.9840838,-8.3044836],[122.9842873,-8.3042505],[122.984409,-8.3041112],[122.984531,-8.3040214],[122.9846326,-8.303941],[122.98492,-8.303668],[122.9852022,-8.3033329],[122.9853361,-8.3031732],[122.9854842,-8.3029602],[122.985497,-8.3028849],[122.9855841,-8.3026529],[122.985676,-8.3025261],[122.9859469,-8.3021525],[122.9860055,-8.3021001],[122.9860976,-8.3020177],[122.986241,-8.3019409],[122.9864605,-8.30188],[122.9872107,-8.3017442],[122.9876005,-8.3017269],[122.9884155,-8.3017962],[122.9892659,-8.3024372],[122.9900685,-8.3031421],[122.9907569,-8.3038597],[122.9914201,-8.3045511],[122.9916176,-8.3041788],[122.9916594,-8.3040999],[122.9925667,-8.3023706],[122.9932582,-8.3010556],[122.9936272,-8.3001901],[122.9940303,-8.2991288],[122.9944042,-8.2983368],[122.994894,-8.2974206],[122.9951725,-8.2968876],[122.9953742,-8.2965015],[122.995779,-8.2958423],[122.9959936,-8.2954929],[122.9968029,-8.2946432],[122.9975602,-8.2939129],[122.9986311,-8.2939625],[122.9986854,-8.293965],[123.0,-8.2938829],[123.0001812,-8.2938526],[123.0003884,-8.2938023],[123.0006207,-8.2937894],[123.0009032,-8.293789],[123.0010551,-8.2937786],[123.0012736,-8.2937635],[123.0017256,-8.2936878],[123.0022028,-8.2937059],[123.0026674,-8.293724],[123.0029563,-8.2937549],[123.0037286,-8.2937538],[123.004055,-8.2937221],[123.0041931,-8.2937031],[123.0043752,-8.2936841],[123.0045446,-8.2936151],[123.0046199,-8.2935587],[123.0047579,-8.2934897],[123.0048896,-8.2933644],[123.0051341,-8.2930951],[123.0052532,-8.2929887],[123.0053722,-8.2927634],[123.005485,-8.2926068],[123.0057232,-8.2923188],[123.0057794,-8.2921374],[123.0059298,-8.2919183],[123.0060866,-8.2917617],[123.0062809,-8.291555],[123.0064753,-8.2913984],[123.0068516,-8.2910977],[123.0071149,-8.2908221],[123.0073093,-8.2905967],[123.0075033,-8.2901649],[123.0077287,-8.2897518],[123.007785,-8.2895704],[123.007973,-8.2893512],[123.0082049,-8.2890257],[123.0085311,-8.2888438],[123.008713,-8.2887185],[123.0090582,-8.2885929],[123.0094786,-8.2884422],[123.0098438,-8.2884546],[123.0100123,-8.2884602],[123.0106213,-8.2883968],[123.0112554,-8.2883522],[123.0115503,-8.2882704],[123.0118452,-8.2880949],[123.011889,-8.2880135],[123.0120143,-8.2878132],[123.0121144,-8.2875942],[123.0122584,-8.2872563],[123.0123709,-8.2869059],[123.0124269,-8.2865743],[123.0125896,-8.2861989],[123.0128904,-8.2857919],[123.0131726,-8.2855288],[123.0132729,-8.2854724],[123.0135302,-8.2853345],[123.0139505,-8.2850837],[123.0142642,-8.2849519],[123.0144837,-8.2847702],[123.0145401,-8.2847013],[123.0147093,-8.2844947],[123.0147719,-8.284357],[123.0148844,-8.2839754],[123.014978,-8.2835437],[123.0150591,-8.2832371],[123.015084,-8.283087],[123.0152093,-8.282893],[123.0153221,-8.2827615],[123.0154224,-8.2826362],[123.0155981,-8.2825297],[123.0157484,-8.2823106],[123.0158863,-8.282104],[123.0160554,-8.2818035],[123.0161677,-8.2813156],[123.0161979,-8.2805087],[123.0162933,-8.2796065],[123.0162934,-8.2796058],[123.0160752,-8.2794179],[123.0157931,-8.2791786],[123.0154995,-8.2789465],[123.0151878,-8.2787323],[123.0147347,-8.278581],[123.0144381,-8.2785051],[123.0136896,-8.2778091],[123.0120875,-8.2768949],[123.0117431,-8.2767099],[123.0114417,-8.2764824],[123.0111665,-8.2762746],[123.0110378,-8.2762055],[123.0110247,-8.2761985],[123.0111592,-8.2751236],[123.0083623,-8.274696],[123.0077375,-8.2746005],[123.0077451,-8.2744908],[123.0077651,-8.2743599],[123.0077856,-8.2742263],[123.0077661,-8.2741758],[123.0076522,-8.2740927],[123.0076175,-8.2736824],[123.007633,-8.27347],[123.0076371,-8.2734118],[123.0074886,-8.2732772],[123.0072596,-8.2731628],[123.0069729,-8.2730964],[123.0063372,-8.2733379],[123.0061904,-8.2733365],[123.0058561,-8.2732664],[123.0056611,-8.2732325],[123.0054254,-8.2730687],[123.005301,-8.2729997],[123.0049375,-8.2729776],[123.0044524,-8.2729878],[123.0041727,-8.2729077],[123.004017,-8.2728155],[123.0039033,-8.2726122],[123.0039033,-8.2726122],[123.0034766,-8.2720957],[123.0032445,-8.2718241],[123.0030789,-8.2716084],[123.0028974,-8.2714913],[123.0025688,-8.2715491],[123.0024759,-8.2715535],[123.0021156,-8.2712427],[123.0018547,-8.2710094],[123.0017283,-8.2709369],[123.0015458,-8.2706161],[123.0014816,-8.2705259],[123.001357,-8.2704752],[123.0013498,-8.2704754],[123.0011112,-8.2704832],[123.0010736,-8.270487],[123.0008088,-8.2704907],[123.0006378,-8.2704931],[123.0005441,-8.2704944],[123.0005031,-8.2704949],[123.0003378,-8.2704586],[123.0003367,-8.2704584],[123.000221,-8.2704329],[123.0001441,-8.2704161],[123.0,-8.2703844],[123.0,-8.2703844],[122.9999496,-8.2703744],[122.9999488,-8.2703742],[122.999937,-8.2703719],[122.9998131,-8.270324],[122.9996241,-8.2702509],[122.9988518,-8.269959],[122.9984213,-8.2698072],[122.9981151,-8.2697356],[122.9977276,-8.2696432],[122.9976225,-8.2695562],[122.9973391,-8.2692583],[122.9965292,-8.2684975],[122.9964757,-8.2683334],[122.9963468,-8.2679886],[122.9961318,-8.267273],[122.9961369,-8.2670535],[122.996144,-8.2667466],[122.9961165,-8.2666101],[122.9960197,-8.2663559],[122.9959621,-8.2660753],[122.9958331,-8.2659068],[122.9957867,-8.2658737],[122.9954459,-8.26563],[122.9953452,-8.2655724],[122.9944653,-8.2649774],[122.9943461,-8.2649003],[122.9940897,-8.2643669],[122.993994,-8.2642018],[122.9933638,-8.2636272],[122.9930921,-8.2633768],[122.9928501,-8.2630444],[122.9925462,-8.262524],[122.9922212,-8.2619349],[122.9920759,-8.2616645],[122.9918319,-8.2607061],[122.9918465,-8.2599009],[122.991846,-8.2597143],[122.9917079,-8.2593433],[122.9916314,-8.258938],[122.9915744,-8.2587615],[122.9913714,-8.2584937],[122.9912538,-8.25835],[122.9909197,-8.2575823],[122.9908472,-8.2574155],[122.9907546,-8.2572505],[122.9906221,-8.2570345],[122.9905245,-8.2564396],[122.9904603,-8.2562036],[122.9904098,-8.256129],[122.990284,-8.2559663],[122.9900714,-8.2556137],[122.9899964,-8.2553608],[122.9899523,-8.2550578],[122.9898536,-8.2545153],[122.9898295,-8.2543449],[122.989807,-8.2541857],[122.9897384,-8.2539367],[122.9896602,-8.2538065],[122.9894658,-8.2535781],[122.9888294,-8.2532071],[122.9885237,-8.2529083],[122.9883566,-8.2526801],[122.9882497,-8.2525185],[122.9881022,-8.2524387],[122.9878868,-8.2524589],[122.9877303,-8.2525392],[122.9874882,-8.2527221],[122.9865835,-8.2528604],[122.9862426,-8.2527796],[122.9858864,-8.2526129],[122.9851187,-8.2523585],[122.9847091,-8.2522228],[122.9836255,-8.2516638],[122.9830848,-8.2512461],[122.9829562,-8.2510836],[122.9829099,-8.2508923],[122.9828794,-8.2505787],[122.9826969,-8.250028],[122.9826868,-8.2499976],[122.982542,-8.2497482],[122.9824834,-8.2493362],[122.9823999,-8.2488247],[122.9824235,-8.2480369],[122.9824275,-8.2477562],[122.9821824,-8.2474059],[122.9820356,-8.2470373],[122.9819868,-8.2469366],[122.981897,-8.2468312],[122.9817094,-8.2467945],[122.9815777,-8.2465481],[122.98154,-8.2464267],[122.9815409,-8.2462994],[122.9815772,-8.2461719],[122.9815815,-8.245942],[122.9814933,-8.2457621],[122.9814384,-8.2456609],[122.9814802,-8.2453719],[122.9814828,-8.2451737],[122.9814307,-8.2449256],[122.9812349,-8.2446699],[122.9811939,-8.2445801],[122.9813786,-8.2443334],[122.9818254,-8.2437935],[122.9819771,-8.2435847],[122.9820628,-8.243241],[122.982147,-8.2430276],[122.9823074,-8.2427634],[122.9824445,-8.2425597],[122.9824486,-8.2425466],[122.9824999,-8.2423823],[122.9825069,-8.2422672],[122.9825122,-8.2421805],[122.9825387,-8.2421366],[122.9825684,-8.2420875],[122.9827686,-8.2420439],[122.9828416,-8.242028],[122.9832216,-8.2419406],[122.9832532,-8.241926],[122.9833177,-8.2418963],[122.9833778,-8.2418058],[122.983309,-8.2415815],[122.9831934,-8.2414525],[122.9831222,-8.2413731],[122.9828234,-8.2411125],[122.9827372,-8.2409903],[122.9827348,-8.2409869],[122.9826978,-8.2408287],[122.9827208,-8.2406696],[122.9827956,-8.240561],[122.9829454,-8.2403436],[122.9829934,-8.2402773],[122.9830432,-8.2402086],[122.9830712,-8.2400389],[122.9830576,-8.2398886],[122.9832469,-8.2397177],[122.9834634,-8.2395224],[122.9836687,-8.239344],[122.9838365,-8.2391983],[122.984145,-8.2388591],[122.9841841,-8.238816],[122.9842394,-8.2387408],[122.9844829,-8.2384095],[122.9845193,-8.238185],[122.9845791,-8.2378172],[122.9846243,-8.2374656],[122.9846269,-8.2374457],[122.9846282,-8.2374394],[122.9846553,-8.2373067],[122.9845403,-8.2369889],[122.9843629,-8.236499],[122.9843302,-8.2363515],[122.9842953,-8.2361942],[122.984288,-8.2361097],[122.9843038,-8.2358108],[122.9843063,-8.2356277],[122.9843065,-8.2356197],[122.9843055,-8.2356177],[122.9842422,-8.2354854],[122.9841538,-8.235146],[122.984151,-8.235136],[122.9841024,-8.2349598],[122.983502,-8.2343264],[122.9833289,-8.2341439],[122.9830073,-8.233439],[122.9829604,-8.2328021],[122.9829062,-8.2324914],[122.9828882,-8.2323881],[122.9828445,-8.2322194],[122.9827907,-8.2321639],[122.9827639,-8.2321362],[122.9825229,-8.2320826],[122.9822339,-8.2320183],[122.982018,-8.2318293],[122.9819221,-8.2317129],[122.9818714,-8.2316143],[122.9818477,-8.231568],[122.9818934,-8.2313841],[122.9819629,-8.2311543],[122.9819641,-8.2310055],[122.9819673,-8.2306115],[122.9819497,-8.2305628],[122.98193,-8.2305082],[122.9817034,-8.2302755],[122.9815176,-8.2300848],[122.9811492,-8.2296091],[122.981135,-8.2295872],[122.9811062,-8.2295427],[122.980833,-8.2294163],[122.9806017,-8.2293093],[122.9803821,-8.2290744],[122.980191,-8.2288699],[122.9800484,-8.2286249],[122.9800344,-8.2286009],[122.9798915,-8.2282781],[122.9798891,-8.2282729],[122.9798826,-8.2282637],[122.9796942,-8.2279983],[122.9795382,-8.2276295],[122.9795245,-8.2275717],[122.9794606,-8.2273018],[122.9794309,-8.2270943],[122.9795202,-8.2270616],[122.979522,-8.2270615],[122.9796566,-8.2270607],[122.9796572,-8.2270603],[122.9797439,-8.2270055],[122.97976,-8.2269953],[122.9798075,-8.2269032],[122.9792429,-8.2257361],[122.9791644,-8.225516],[122.979131,-8.2254162],[122.9788872,-8.2246869],[122.9787814,-8.2243234],[122.9786596,-8.2240438],[122.9784642,-8.2235953],[122.9784381,-8.223502],[122.9784063,-8.2233887],[122.9782016,-8.2226705],[122.9780473,-8.2220051],[122.978012,-8.2218075],[122.9780127,-8.2217948],[122.9780374,-8.2213536],[122.9780593,-8.2208611],[122.9780786,-8.2204261],[122.977944,-8.2203483],[122.9774825,-8.2205752],[122.9772193,-8.2207505],[122.9770142,-8.2208636],[122.9768367,-8.2210572],[122.9767405,-8.2212895],[122.9766707,-8.2215576],[122.9765362,-8.2218215],[122.9762101,-8.2221507],[122.9758341,-8.2224013],[122.9754933,-8.2225683],[122.9754609,-8.2225842],[122.9746164,-8.2229409],[122.9739441,-8.2233253],[122.9739049,-8.2233502],[122.9739274,-8.2234991],[122.9739537,-8.2236737],[122.9739615,-8.2237701],[122.9735753,-8.2240732],[122.9729639,-8.2244803],[122.9727096,-8.2245792],[122.9723282,-8.2246707],[122.9722019,-8.2247193],[122.9717667,-8.2248733],[122.971306,-8.2251425],[122.971265,-8.2251704],[122.9707961,-8.2253822],[122.9703539,-8.2255207],[122.9703113,-8.225534],[122.9699411,-8.2256259],[122.969778,-8.2256607],[122.9697422,-8.2256684],[122.969645,-8.2257063],[122.9694403,-8.2258187],[122.9691041,-8.2260765],[122.9688969,-8.2262276],[122.9688704,-8.2262464],[122.9686176,-8.2264557],[122.9684252,-8.2267322],[122.9683887,-8.2267896],[122.9682805,-8.2268939],[122.9682422,-8.2269182],[122.9671642,-8.2275963],[122.9664664,-8.22796],[122.9652536,-8.228456],[122.96326,-8.2293322],[122.9623135,-8.2298965],[122.9615488,-8.2304234],[122.9610171,-8.2308698],[122.9606192,-8.2313215],[122.9602224,-8.2317935],[122.9599194,-8.232195],[122.9594412,-8.2327244],[122.95921,-8.2330101],[122.9590757,-8.2331761],[122.958777,-8.2335198],[122.9583164,-8.2340037],[122.9579259,-8.2342996],[122.9574615,-8.2346813],[122.9569601,-8.2350165],[122.9566442,-8.2352456],[122.9562134,-8.2354917],[122.9557448,-8.2357585],[122.9551604,-8.2359334],[122.9545957,-8.2361205],[122.9540407,-8.2363105],[122.9538507,-8.2363675],[122.9536287,-8.2364342],[122.9531673,-8.2365729],[122.9524148,-8.2367188],[122.9517042,-8.2368665],[122.95153,-8.2369096],[122.9511887,-8.2369941],[122.9503805,-8.2371965],[122.9496717,-8.2373953],[122.949235,-8.2375402],[122.9486886,-8.237732],[122.9482347,-8.237908],[122.9480402,-8.237999],[122.9471617,-8.2383614],[122.9470786,-8.2383957],[122.9468165,-8.2385202],[122.9463559,-8.238739],[122.9458938,-8.2390086],[122.9450166,-8.2395241],[122.9414547,-8.2416764],[122.9407213,-8.2419911],[122.9403322,-8.2422107],[122.9396676,-8.242409],[122.9394691,-8.2424419],[122.9389698,-8.2425247],[122.9387108,-8.242585],[122.9367459,-8.2430422],[122.9359881,-8.2434795],[122.935137,-8.2441729],[122.9342739,-8.2450619],[122.9336576,-8.2459418],[122.9329384,-8.2471614],[122.932691,-8.2480702],[122.9325254,-8.2492474],[122.9325253,-8.2496712],[122.9325104,-8.2500027],[122.9325106,-8.250028],[122.9325206,-8.2513772],[122.9325389,-8.2538276],[122.9325481,-8.2546411],[122.9325506,-8.25486],[122.9325679,-8.2563618],[122.9325685,-8.2564369],[122.9326326,-8.257086],[122.9327277,-8.2580503],[122.9329051,-8.2598485],[122.9329876,-8.2608924],[122.9330307,-8.2614386],[122.9332674,-8.2629717],[122.9336416,-8.2646202],[122.9338177,-8.2657453],[122.9338207,-8.2659764],[122.9338446,-8.2678014],[122.9337073,-8.2691739],[122.9335742,-8.2703469],[122.9334726,-8.2712576],[122.9331797,-8.2720829],[122.9330911,-8.2721882],[122.9329139,-8.272399],[122.9319766,-8.2734146],[122.9314496,-8.2743955],[122.9310382,-8.2750955],[122.9304211,-8.2759555],[122.9303594,-8.2760414],[122.9295855,-8.2771398],[122.9295192,-8.2772339],[122.9291256,-8.2777225],[122.9286182,-8.2785781],[122.9282017,-8.2793326],[122.9279877,-8.2801018],[122.9278906,-8.2810699],[122.9277596,-8.2822435],[122.9277548,-8.2824849],[122.9277573,-8.2831423],[122.9278987,-8.2842938],[122.9282471,-8.2856518],[122.9285333,-8.2865314],[122.9285626,-8.2874071],[122.9286076,-8.2881409],[122.9285278,-8.2884365],[122.9276349,-8.2911411],[122.9268469,-8.2933752],[122.9263673,-8.2947759],[122.9252795,-8.2966527],[122.92478,-8.2974928],[122.9234371,-8.2998351],[122.923249,-8.3002306],[122.9227532,-8.3012736],[122.9227183,-8.3013279],[122.9223376,-8.3019201],[122.9220147,-8.3024223],[122.9215021,-8.3033804],[122.9209946,-8.3043289],[122.9195117,-8.3067959],[122.9190227,-8.3075993],[122.9186699,-8.308179],[122.9185764,-8.3083327],[122.9176797,-8.3103037],[122.9170361,-8.3118213],[122.9170117,-8.3118849],[122.916523,-8.313164],[122.9152553,-8.3154687],[122.9151291,-8.3158008],[122.9148099,-8.3166588],[122.9142796,-8.3180715],[122.9139638,-8.3191724],[122.9139298,-8.319261],[122.9135056,-8.320366],[122.9132334,-8.3213714],[122.9130651,-8.3219365],[122.9127817,-8.3228832],[122.9124486,-8.3242437],[122.9124483,-8.3242448],[122.911897,-8.3259702],[122.9117038,-8.3269357],[122.9116395,-8.3283708],[122.9116311,-8.3285567],[122.9115746,-8.3298224],[122.9115055,-8.3313679],[122.9116833,-8.3314629],[122.9118772,-8.3315316],[122.9123,-8.3316657],[122.9130869,-8.3319015],[122.9132386,-8.3319791],[122.9133338,-8.3320285],[122.913992,-8.3322351],[122.914063,-8.3319793],[122.9141063,-8.3318231],[122.9140034,-8.3315033],[122.9137755,-8.3311074],[122.9135705,-8.3304445],[122.9134586,-8.3299548],[122.9135005,-8.3296141],[122.9136741,-8.3292082],[122.9136529,-8.3290398],[122.9136114,-8.3288022],[122.9137599,-8.3285099],[122.9139211,-8.328383],[122.9141956,-8.3282602],[122.914471,-8.3281213],[122.9146071,-8.3280395],[122.9151911,-8.3278226],[122.9159689,-8.3277104]]]]}},
{"type":"Feature","properties":{"OBJECTID":80472.0,"NAMOBJ":"Bliko","KDCBPS":"530609","WADMKC":"Wotan Ulumando","WADMKK":"Flores Timur","WADMPR":"Nusa Tenggara Timur","Penduduk":10777,"luas_km2":83.69},"geometry":{"type":"MultiPolygon","coordinates":[[[[123.0006072,-8.4099358],[123.0007012,-8.4100618],[123.0011175,-8.4104294],[123.0012056,-8.4105072],[123.0012308,-8.4105195],[123.0016835,-8.4107409],[123.0023029,-8.4110095],[123.0030497,-8.4114244],[123.0037007,-8.411786],[123.0037634,-8.4118346],[123.0041014,-8.4120969],[123.0045405,-8.4124257],[123.0045776,-8.4124534],[123.004919,-8.4125095],[123.005015,-8.4125276],[123.0055996,-8.4126379],[123.0059779,-8.412679],[123.0059794,-8.4126785],[123.0061488,-8.412627],[123.0062425,-8.4125986],[123.0065242,-8.4124578],[123.0066206,-8.4123573],[123.0066602,-8.412316],[123.0067452,-8.4122108],[123.0068749,-8.4120502],[123.0070831,-8.4119119],[123.0073058,-8.4118339],[123.0074064,-8.4117986],[123.007918,-8.4116972],[123.0083824,-8.4116145],[123.0091772,-8.4113691],[123.0095109,-8.411234],[123.0105189,-8.4106274],[123.0109142,-8.4102371],[123.0114592,-8.4098564],[123.0121426,-8.4093018],[123.0123766,-8.4090833],[123.0125997,-8.4088752],[123.0131864,-8.4084192],[123.0136601,-8.4078749],[123.0140841,-8.4072792],[123.014164,-8.4071946],[123.0144945,-8.4068447],[123.0148249,-8.4064966],[123.0151921,-8.4061098],[123.0161972,-8.4048265],[123.0166034,-8.4041757],[123.0168236,-8.4039601],[123.0169678,-8.4038502],[123.0174538,-8.4034796],[123.0189184,-8.4024647],[123.0191282,-8.4024336],[123.0191425,-8.4024315],[123.0191448,-8.4024311],[123.0198555,-8.4023954],[123.0198559,-8.4023954],[123.0201036,-8.4024357],[123.0203151,-8.4025805],[123.0205903,-8.4028735],[123.0207434,-8.4029802],[123.0208301,-8.4029848],[123.0209289,-8.4029899],[123.0214457,-8.4030293],[123.0215468,-8.4030513],[123.0220798,-8.4031671],[123.0220805,-8.4031672],[123.0221165,-8.4032003],[123.0222006,-8.4032777],[123.0222419,-8.4033235],[123.0223654,-8.4034607],[123.02282,-8.4038615],[123.0230037,-8.4040178],[123.0230178,-8.4040298],[123.0230179,-8.4040299],[123.0232214,-8.404066],[123.0232221,-8.4040658],[123.0233963,-8.4040148],[123.0236935,-8.4038325],[123.0237194,-8.4038166],[123.0237501,-8.4037966],[123.0239404,-8.4036727],[123.0239709,-8.4036529],[123.0244054,-8.40337],[123.0244099,-8.4033563],[123.0244706,-8.4031716],[123.0245168,-8.4029523],[123.0245492,-8.4027987],[123.0245931,-8.4027149],[123.0246456,-8.4026145],[123.0246737,-8.4025607],[123.0246873,-8.4025348],[123.0248329,-8.4023971],[123.0248448,-8.4023857],[123.0248739,-8.4023582],[123.0252294,-8.4021202],[123.0252763,-8.4020889],[123.0253347,-8.402061],[123.0256611,-8.4019056],[123.0268708,-8.4012856],[123.0269929,-8.401223],[123.0269934,-8.4012227],[123.0270631,-8.4010421],[123.027211,-8.4006948],[123.0272215,-8.4006703],[123.0272267,-8.4006615],[123.0274543,-8.400283],[123.0275396,-8.4002075],[123.0276148,-8.4001409],[123.0278349,-8.3999916],[123.0279018,-8.3999462],[123.028115,-8.3998561],[123.0281935,-8.3998795],[123.0282609,-8.3998997],[123.0287554,-8.4001198],[123.0287556,-8.4001199],[123.0290955,-8.4001629],[123.0295228,-8.4001923],[123.0296176,-8.4001989],[123.0296182,-8.4001989],[123.0297734,-8.4001476],[123.0299234,-8.4000986],[123.0300692,-8.400051],[123.0300697,-8.4000509],[123.0303235,-8.4000404],[123.0303897,-8.4000377],[123.0306269,-8.3999892],[123.0306938,-8.3999755],[123.0315533,-8.3997169],[123.0318039,-8.399703],[123.0318489,-8.3997005],[123.0321175,-8.3996787],[123.0326792,-8.3996598],[123.0328427,-8.3996543],[123.0328431,-8.3996544],[123.0329683,-8.3996823],[123.0331191,-8.3997159],[123.0333927,-8.3998346],[123.0341997,-8.4001847],[123.0341997,-8.4001847],[123.0351789,-8.4006094],[123.0356002,-8.4004241],[123.0356581,-8.4003691],[123.0358011,-8.4002332],[123.0359603,-8.4000777],[123.0359885,-8.4000502],[123.0360999,-8.3999999],[123.0361546,-8.3999751],[123.0361551,-8.3999751],[123.0364128,-8.399939],[123.0367131,-8.3999891],[123.0371019,-8.4001223],[123.0372721,-8.4002208],[123.0385662,-8.4010028],[123.0389304,-8.4010372],[123.0391056,-8.4010042],[123.0393267,-8.4008292],[123.0395418,-8.400571],[123.0396484,-8.4003536],[123.0396883,-8.4002541],[123.0398084,-8.3999544],[123.0398462,-8.3999348],[123.0400614,-8.3998232],[123.0401395,-8.3998606],[123.0403231,-8.3998712],[123.0405537,-8.3998891],[123.0405664,-8.3998933],[123.0408934,-8.4000019],[123.0412473,-8.4002095],[123.0414736,-8.4003952],[123.0416366,-8.400529],[123.0416401,-8.4005514],[123.0416418,-8.4005628],[123.0416718,-8.4007583],[123.0417652,-8.4011462],[123.0418942,-8.4012736],[123.0422699,-8.4014609],[123.0424132,-8.4014331],[123.0427902,-8.4012301],[123.043287,-8.4009338],[123.0436968,-8.4008248],[123.0442747,-8.4005512],[123.0445203,-8.4002977],[123.0446995,-8.3999814],[123.0450136,-8.3994913],[123.0451903,-8.3993364],[123.0452302,-8.3993433],[123.0453002,-8.3993553],[123.0461988,-8.3997522],[123.0465907,-8.4001589],[123.0466421,-8.4003769],[123.04661,-8.4009609],[123.0466218,-8.4011369],[123.0467234,-8.4013191],[123.0470855,-8.4016915],[123.0472638,-8.4017007],[123.0478973,-8.4016052],[123.0483935,-8.4014527],[123.0485919,-8.4014108],[123.0487633,-8.401273],[123.048942,-8.4011824],[123.0491427,-8.4011695],[123.0494638,-8.4011529],[123.0497009,-8.4010776],[123.0499346,-8.4009253],[123.050916,-8.4003572],[123.0509544,-8.4003349],[123.0511792,-8.4001788],[123.0514582,-8.3999016],[123.051614,-8.3996446],[123.0518602,-8.399183],[123.0519588,-8.3990268],[123.0522819,-8.3987385],[123.0526195,-8.3985486],[123.0527766,-8.398422],[123.0529823,-8.3982897],[123.0531751,-8.3982835],[123.0534472,-8.3983319],[123.0536453,-8.3984145],[123.0540489,-8.3985727],[123.0543183,-8.3987081],[123.0546515,-8.3988813],[123.0552447,-8.399208],[123.0556922,-8.3996018],[123.0558818,-8.3998166],[123.0559725,-8.4000613],[123.0558449,-8.4002254],[123.0555646,-8.4005371],[123.0555305,-8.4006866],[123.0555324,-8.4009881],[123.0555554,-8.4013696],[123.0555616,-8.4014709],[123.0555737,-8.4016665],[123.0557108,-8.402109],[123.0560228,-8.4026915],[123.0564053,-8.4033315],[123.0565746,-8.4034948],[123.0568339,-8.4036304],[123.0570479,-8.4036722],[123.0573375,-8.4036528],[123.0579094,-8.4036271],[123.0579678,-8.4037318],[123.0580962,-8.4040013],[123.0583036,-8.4042594],[123.058419,-8.4043149],[123.0586939,-8.404304],[123.0588527,-8.4042364],[123.0589426,-8.4041981],[123.0590807,-8.4040453],[123.0591669,-8.4038367],[123.0591669,-8.4038366],[123.0591857,-8.4036199],[123.0592312,-8.403219],[123.0594601,-8.4028654],[123.0597898,-8.4023768],[123.0600099,-8.4020868],[123.0602194,-8.4018108],[123.0603289,-8.4016665],[123.0605805,-8.4016884],[123.0608414,-8.4017719],[123.060885,-8.4019319],[123.0609603,-8.4020764],[123.0611174,-8.4022459],[123.0612727,-8.4023067],[123.061461,-8.4023181],[123.0616674,-8.4022296],[123.0618258,-8.402195],[123.0618796,-8.4022265],[123.0618906,-8.4025785],[123.0618535,-8.4027126],[123.0618239,-8.4029395],[123.0617996,-8.4032386],[123.0617426,-8.4035365],[123.0617642,-8.4037996],[123.0619434,-8.4043453],[123.061983,-8.4045834],[123.0618732,-8.4046739],[123.0616421,-8.4047676],[123.0609232,-8.4050028],[123.0605055,-8.4057629],[123.0604923,-8.4060014],[123.0605797,-8.4062207],[123.0607843,-8.4064264],[123.0609587,-8.406633],[123.0609744,-8.4067696],[123.0610143,-8.4069919],[123.061133,-8.4072558],[123.0613438,-8.4075357],[123.0616296,-8.4077447],[123.0625857,-8.4083723],[123.0628074,-8.4085874],[123.0632641,-8.4090307],[123.0634989,-8.4094158],[123.0636796,-8.409811],[123.0637758,-8.4100214],[123.0638307,-8.4101417],[123.0639151,-8.4109333],[123.0638633,-8.4111431],[123.0638632,-8.4113196],[123.0639571,-8.4115549],[123.0641321,-8.4117221],[123.0645545,-8.4118678],[123.0647269,-8.4118653],[123.0649084,-8.4118032],[123.0650762,-8.4117601],[123.0652082,-8.4118188],[123.0654688,-8.4119194],[123.0661695,-8.4120626],[123.0663922,-8.4119997],[123.0665639,-8.4118678],[123.0667999,-8.4117045],[123.0674593,-8.4114647],[123.0676791,-8.4114796],[123.0680967,-8.4116628],[123.0688612,-8.4116485],[123.0690408,-8.4116515],[123.069722,-8.4116998],[123.0699719,-8.4116407],[123.0703446,-8.4115108],[123.0707833,-8.4113479],[123.0710462,-8.4111826],[123.0713902,-8.410845],[123.0718635,-8.4103398],[123.0722146,-8.4099602],[123.0722719,-8.4097634],[123.0723289,-8.4093301],[123.0724268,-8.4085719],[123.0724958,-8.4080379],[123.0726439,-8.4077772],[123.0728795,-8.4074878],[123.0731357,-8.4071735],[123.0734931,-8.4068108],[123.073639,-8.4067658],[123.0740944,-8.4067152],[123.0741782,-8.4067058],[123.074233,-8.406694],[123.0744201,-8.4066536],[123.0747026,-8.4064888],[123.0748118,-8.4063641],[123.0752968,-8.4058262],[123.0753357,-8.4058165],[123.0759449,-8.4056387],[123.076094,-8.4055263],[123.0763006,-8.4053016],[123.0765073,-8.4050012],[123.0771714,-8.4040358],[123.077178,-8.4037983],[123.0771867,-8.4034807],[123.077141,-8.403046],[123.0772632,-8.4028741],[123.0782877,-8.4022588],[123.078564,-8.4020928],[123.0788559,-8.4020023],[123.0789505,-8.4019729],[123.0794227,-8.4019162],[123.0797139,-8.4019964],[123.0798609,-8.4020368],[123.0800222,-8.4021619],[123.0802212,-8.4024054],[123.0802539,-8.4025389],[123.0803178,-8.4027101],[123.0804252,-8.402812],[123.0806176,-8.4030563],[123.0807222,-8.4031993],[123.0808821,-8.403418],[123.0810597,-8.4034208],[123.0818959,-8.403399],[123.0833484,-8.4037555],[123.0834645,-8.403784],[123.0839668,-8.4039715],[123.0845129,-8.4041554],[123.0850404,-8.4042656],[123.085239,-8.404225],[123.0858145,-8.4040852],[123.0862915,-8.4040194],[123.0866185,-8.4039881],[123.0875336,-8.4040227],[123.0878111,-8.4041118],[123.088334,-8.4043976],[123.0885264,-8.4044871],[123.0885277,-8.4044878],[123.0886039,-8.4045232],[123.089133,-8.4045717],[123.0891608,-8.4045619],[123.0891931,-8.4045504],[123.0896827,-8.4043769],[123.0908229,-8.4039349],[123.0912856,-8.4038028],[123.0930789,-8.4033902],[123.0938931,-8.4032191],[123.0943003,-8.4030851],[123.0948636,-8.4030117],[123.095356,-8.4030476],[123.0964407,-8.4031268],[123.0974079,-8.4030435],[123.0980874,-8.4028708],[123.0982181,-8.4028376],[123.0982658,-8.4028263],[123.0984254,-8.4027886],[123.0991046,-8.4026285],[123.0996165,-8.4025077],[123.1003601,-8.4023823],[123.1010525,-8.4023674],[123.1010522,-8.402367],[123.1009676,-8.4022657],[123.1007,-8.4019036],[123.1005712,-8.4016146],[123.1005624,-8.4015948],[123.1005052,-8.4014173],[123.1003175,-8.4010318],[123.1001961,-8.4001419],[123.1001926,-8.3997921],[123.100188,-8.3995696],[123.1001309,-8.3992244],[123.1001144,-8.3990836],[123.1000211,-8.3989091],[123.0997716,-8.3983899],[123.0996377,-8.398156],[123.0995968,-8.3980846],[123.0992858,-8.3971417],[123.0991235,-8.3962943],[123.0989386,-8.3956772],[123.0986985,-8.3951569],[123.0986461,-8.3949992],[123.0986105,-8.394892],[123.098506,-8.3939521],[123.0983478,-8.393023],[123.0979758,-8.3921609],[123.0979467,-8.3920935],[123.0978405,-8.3917485],[123.0970665,-8.3906882],[123.0970994,-8.3902656],[123.0971532,-8.3899564],[123.0972264,-8.3895601],[123.097266,-8.3892625],[123.097253,-8.387931],[123.0972766,-8.3873768],[123.0972982,-8.3870942],[123.0972937,-8.3870164],[123.0973147,-8.3861349],[123.0973238,-8.385798],[123.0973283,-8.3851589],[123.0973371,-8.3850047],[123.0973451,-8.3848652],[123.0974234,-8.3840287],[123.0974988,-8.3835171],[123.0976587,-8.3829517],[123.0977888,-8.3821347],[123.097859,-8.3818687],[123.0978834,-8.3815562],[123.0979009,-8.3814297],[123.0979039,-8.3814244],[123.0986999,-8.3801423],[123.0986276,-8.3797183],[123.0986158,-8.3791965],[123.0986357,-8.3788548],[123.0986721,-8.3781977],[123.0985664,-8.3778158],[123.0984815,-8.3775095],[123.0983817,-8.3772701],[123.0984724,-8.3770671],[123.0987371,-8.3768645],[123.0990018,-8.3768239],[123.0993536,-8.3768917],[123.0997732,-8.376941],[123.1004668,-8.3770948],[123.100578,-8.3771457],[123.1006781,-8.3771843],[123.100979,-8.3770436],[123.1010468,-8.3765665],[123.1010601,-8.3763505],[123.1010624,-8.3763127],[123.1011873,-8.3759421],[123.1012246,-8.375897],[123.1013076,-8.3756261],[123.1013889,-8.375003],[123.1013893,-8.3750006],[123.1013893,-8.375],[123.1014647,-8.374724],[123.1015369,-8.3744595],[123.1016356,-8.3741957],[123.1016487,-8.3741231],[123.1018201,-8.3739185],[123.1021025,-8.3735674],[123.1021555,-8.3732629],[123.1021598,-8.373038],[123.1021478,-8.3729627],[123.1021248,-8.3728181],[123.1021221,-8.3725518],[123.1021211,-8.3724611],[123.1021811,-8.371679],[123.1022473,-8.3713903],[123.1023143,-8.370835],[123.102418,-8.3703429],[123.1024241,-8.3703232],[123.1025308,-8.3697865],[123.1025759,-8.3695393],[123.1026294,-8.3692214],[123.1026702,-8.3691284],[123.1027106,-8.3686216],[123.1027137,-8.3685985],[123.1027492,-8.3683341],[123.1028764,-8.3672609],[123.1028902,-8.3671557],[123.1029183,-8.3669407],[123.1029773,-8.3664575],[123.1030156,-8.3662084],[123.1030741,-8.3659794],[123.1030802,-8.3659597],[123.103105,-8.3657448],[123.1030453,-8.3651751],[123.1030387,-8.364883],[123.1030056,-8.3645386],[123.1029771,-8.3643301],[123.1032938,-8.3634473],[123.1035938,-8.3625962],[123.1038502,-8.3619766],[123.1044077,-8.3611439],[123.1050659,-8.3603861],[123.105674,-8.3597722],[123.1063325,-8.359252],[123.1069661,-8.3588444],[123.1074734,-8.3580869],[123.1077926,-8.3574109],[123.1081178,-8.3566098],[123.1081905,-8.3564472],[123.1082241,-8.356372],[123.1083361,-8.3557589],[123.108612,-8.3554895],[123.1088818,-8.3553327],[123.1095974,-8.3551627],[123.1100432,-8.3551369],[123.1105265,-8.3550235],[123.1109093,-8.3548353],[123.1111349,-8.354566],[123.1114421,-8.3542465],[123.111831,-8.3539894],[123.1128356,-8.3539252],[123.1132,-8.3540121],[123.1135643,-8.3540428],[123.1142362,-8.3540729],[123.1147702,-8.3541659],[123.1152599,-8.3541025],[123.1155829,-8.3539],[123.1160001,-8.3536385],[123.1167087,-8.3530681],[123.1172477,-8.3524418],[123.1179308,-8.3516089],[123.1184251,-8.3505761],[123.1189382,-8.3494996],[123.1194829,-8.3485168],[123.1199274,-8.347728],[123.1203481,-8.34731],[123.1203319,-8.3472965],[123.1190771,-8.3462535],[123.1175905,-8.3449771],[123.1174923,-8.3448928],[123.115443,-8.3435954],[123.1136206,-8.3427979],[123.1118305,-8.3425382],[123.1099648,-8.3421724],[123.1083318,-8.3419249],[123.1063156,-8.3416906],[123.103126,-8.3418835],[123.1011162,-8.3419228],[123.0992767,-8.3419587],[123.0974825,-8.3418211],[123.0972796,-8.3418056],[123.094685,-8.3410656],[123.0935049,-8.3409387],[123.0922795,-8.3408069],[123.0903527,-8.3414416],[123.0892741,-8.3423064],[123.088547,-8.3431707],[123.0874627,-8.3444045],[123.0862525,-8.3454884],[123.0849728,-8.346341],[123.0835925,-8.3470562],[123.0822934,-8.3475586],[123.0819548,-8.347828],[123.0812261,-8.3476604],[123.0800697,-8.3471181],[123.0775872,-8.3458087],[123.0762414,-8.3446038],[123.0755492,-8.343648],[123.0750011,-8.3425419],[123.0743279,-8.3417612],[123.0739254,-8.3413303],[123.0732084,-8.3406685],[123.0723472,-8.3400632],[123.0718067,-8.3397889],[123.0711756,-8.3396519],[123.0709775,-8.3396088],[123.069533,-8.339461],[123.0680195,-8.3393758],[123.0655954,-8.3391857],[123.0640567,-8.3390693],[123.0629827,-8.3389646],[123.0616703,-8.3389229],[123.0604771,-8.3388997],[123.0588382,-8.3389273],[123.0579461,-8.3392004],[123.0569431,-8.3394189],[123.0558148,-8.3395127],[123.0546712,-8.3396038],[123.0546357,-8.3395833],[123.0544432,-8.339452],[123.0541298,-8.3393021],[123.0540978,-8.3392931],[123.0536642,-8.3391651],[123.053508,-8.3390829],[123.0533246,-8.338927],[123.052901,-8.3386211],[123.0523948,-8.3383003],[123.0523647,-8.338282],[123.052145,-8.3381909],[123.0517477,-8.3381257],[123.0509556,-8.3380561],[123.0509217,-8.3380525],[123.0507755,-8.3379986],[123.0506188,-8.3378601],[123.0503317,-8.3376283],[123.0500043,-8.3374391],[123.0498135,-8.3374056],[123.0496713,-8.3374366],[123.0487166,-8.3376334],[123.0487219,-8.3376874],[123.0485416,-8.3375473],[123.0479946,-8.3372395],[123.0472102,-8.3367797],[123.0470878,-8.3366412],[123.0470536,-8.3365189],[123.0470698,-8.336361],[123.0471775,-8.3358126],[123.0471899,-8.3352373],[123.0475203,-8.334378],[123.0475991,-8.3342041],[123.0476561,-8.3340063],[123.0476639,-8.3335706],[123.047636,-8.333122],[123.0474214,-8.3325117],[123.0474096,-8.332478],[123.0473223,-8.3321978],[123.0472072,-8.3320005],[123.0470928,-8.3319249],[123.0469062,-8.3318932],[123.046754,-8.3318632],[123.046625,-8.3317023],[123.0466275,-8.3316494],[123.0466189,-8.3314232],[123.0465254,-8.3314286],[123.0459153,-8.3308167],[123.0451487,-8.3304301],[123.0441544,-8.3301077],[123.043421,-8.3298698],[123.0422653,-8.3296776],[123.0409152,-8.3296234],[123.0390187,-8.3295512],[123.0377314,-8.3295156],[123.0363543,-8.3295744],[123.0361644,-8.3294483],[123.0359686,-8.329373],[123.0355547,-8.3293259],[123.0351459,-8.3293411],[123.0347938,-8.3293936],[123.0341694,-8.3293788],[123.0339784,-8.3292573],[123.0338562,-8.3291339],[123.0335875,-8.3288844],[123.0332213,-8.3285889],[123.033187,-8.3285652],[123.0330152,-8.3284912],[123.0322564,-8.328397],[123.03174,-8.3284357],[123.0313224,-8.3284967],[123.031216,-8.3284953],[123.0309432,-8.3284919],[123.0304497,-8.328481],[123.0302972,-8.3284207],[123.0300602,-8.328444],[123.0299072,-8.328389],[123.0297571,-8.3282729],[123.0296977,-8.328159],[123.0295481,-8.3278047],[123.0294728,-8.3274613],[123.0293631,-8.3268917],[123.0293663,-8.3266539],[123.0293087,-8.3263793],[123.0291694,-8.3260444],[123.0290952,-8.325819],[123.0290223,-8.32561],[123.0288343,-8.3253106],[123.0284648,-8.3248569],[123.0279236,-8.3243746],[123.0275736,-8.3239377],[123.0272255,-8.3234327],[123.0269672,-8.3231089],[123.0268653,-8.3230339],[123.0266314,-8.322911],[123.0264012,-8.3228166],[123.026385,-8.3228011],[123.0262784,-8.3226987],[123.0259415,-8.3223357],[123.0257253,-8.3221768],[123.0255532,-8.3219815],[123.0254211,-8.3216999],[123.02538,-8.3213208],[123.0253799,-8.3213196],[123.0249229,-8.3215053],[123.0248414,-8.3215979],[123.0247303,-8.321724],[123.0245694,-8.321921],[123.0244311,-8.32202],[123.0243515,-8.322077],[123.0239558,-8.3223638],[123.0239032,-8.3223861],[123.0237433,-8.3224539],[123.0235256,-8.3226525],[123.0234451,-8.3227259],[123.0231856,-8.3230096],[123.0231855,-8.3230097],[123.0229285,-8.3231826],[123.0226648,-8.3232743],[123.0225603,-8.3233106],[123.0218258,-8.323609],[123.0214295,-8.323862],[123.0214238,-8.3238656],[123.0210576,-8.3242097],[123.0205446,-8.3246217],[123.0201869,-8.324909],[123.0199786,-8.3250473],[123.0198787,-8.3251576],[123.0198427,-8.3252718],[123.0200237,-8.3255153],[123.020382,-8.3257677],[123.0205552,-8.3258898],[123.0208014,-8.3260468],[123.0210041,-8.3265626],[123.0210861,-8.3271405],[123.0210899,-8.3271674],[123.0210896,-8.3274092],[123.021044,-8.327651],[123.0209779,-8.3280021],[123.0208603,-8.3283026],[123.0208291,-8.3283822],[123.020496,-8.3291298],[123.0204052,-8.3293001],[123.0203535,-8.329397],[123.0201388,-8.3296018],[123.0196045,-8.329915],[123.0195172,-8.3299662],[123.0191793,-8.3302464],[123.0191003,-8.3303119],[123.0185612,-8.3307588],[123.0182847,-8.3309933],[123.0181656,-8.3310942],[123.0179709,-8.3313423],[123.0176922,-8.3316972],[123.0176694,-8.3317435],[123.0175502,-8.3319853],[123.0175705,-8.3320723],[123.0175706,-8.3320725],[123.0176134,-8.3320916],[123.0179017,-8.3322198],[123.0179242,-8.3323879],[123.0178843,-8.3328816],[123.0178832,-8.3328946],[123.017768,-8.3336209],[123.0177485,-8.3336831],[123.0176878,-8.3338776],[123.017497,-8.334227],[123.0173237,-8.3345443],[123.0172579,-8.33468],[123.0171623,-8.3348771],[123.0170985,-8.3350448],[123.0167309,-8.3352276],[123.016478,-8.3353533],[123.016186,-8.3354568],[123.0156362,-8.3356826],[123.0156362,-8.3356826],[123.0156361,-8.3356827],[123.0153206,-8.3358123],[123.015309,-8.335817],[123.0144317,-8.3361774],[123.0135578,-8.3365388],[123.0130316,-8.3366821],[123.0126787,-8.3367769],[123.0123961,-8.3368948],[123.0122861,-8.3369652],[123.012119,-8.3370721],[123.0116762,-8.3375462],[123.0116425,-8.3375836],[123.011635,-8.3375919],[123.0114343,-8.3378142],[123.0111744,-8.3379824],[123.0108516,-8.3381912],[123.0107241,-8.3383834],[123.0105869,-8.3385903],[123.0104561,-8.3387255],[123.0103184,-8.3388678],[123.010239,-8.3389884],[123.0102111,-8.3395545],[123.0102672,-8.3398833],[123.0102979,-8.3400636],[123.0104133,-8.3404411],[123.0104178,-8.3404525],[123.0104324,-8.3404903],[123.0104523,-8.3405381],[123.0104721,-8.3405857],[123.0107853,-8.3414692],[123.0109541,-8.3421966],[123.0109697,-8.3423254],[123.0109969,-8.3425502],[123.0110461,-8.3428036],[123.0110904,-8.3430315],[123.0110689,-8.3434349],[123.0110689,-8.343435],[123.0109835,-8.3436816],[123.010916,-8.3438706],[123.010859,-8.3440301],[123.0108383,-8.3442664],[123.0108331,-8.3443252],[123.0107634,-8.3446572],[123.0106581,-8.3449266],[123.0106283,-8.3450028],[123.0106022,-8.3450444],[123.0104033,-8.3453602],[123.010294,-8.3454246],[123.0101958,-8.3454825],[123.0100285,-8.3456058],[123.0099905,-8.3456556],[123.0098886,-8.3457892],[123.0098477,-8.3458428],[123.009804,-8.3459652],[123.0097963,-8.3459867],[123.0098355,-8.3460766],[123.0098575,-8.3461764],[123.0098933,-8.3463384],[123.0099011,-8.3465236],[123.0099036,-8.346583],[123.0098656,-8.3472009],[123.0098762,-8.3475123],[123.0097611,-8.3477611],[123.0096404,-8.3478812],[123.0095259,-8.3479951],[123.0092894,-8.3482969],[123.0092077,-8.3485099],[123.0092016,-8.3485646],[123.0091815,-8.3487469],[123.0091509,-8.3493384],[123.0090824,-8.349667],[123.0090292,-8.3499222],[123.008731,-8.3503163],[123.0079511,-8.3513123],[123.0078835,-8.3515061],[123.0076325,-8.3526435],[123.0076325,-8.3526435],[123.0069367,-8.3543171],[123.0066916,-8.3545326],[123.006486,-8.3547231],[123.0060737,-8.3556404],[123.0060737,-8.3556404],[123.006038,-8.3559887],[123.0060035,-8.3562199],[123.0058309,-8.3566727],[123.0056806,-8.3567844],[123.0056047,-8.3568077],[123.0055867,-8.3566644],[123.0055546,-8.3564823],[123.0050156,-8.3566037],[123.0049978,-8.3565287],[123.0051406,-8.3564752],[123.005137,-8.356361],[123.0042161,-8.3565894],[123.0042161,-8.3566715],[123.0044553,-8.3566536],[123.0044767,-8.3567357],[123.0041876,-8.3568071],[123.0041805,-8.356725],[123.0041162,-8.3567322],[123.0041055,-8.3568178],[123.0039949,-8.3568464],[123.0039856,-8.3569957],[123.0039553,-8.3570108],[123.0036535,-8.3571612],[123.0034117,-8.3573559],[123.0032413,-8.3575919],[123.0031297,-8.3578968],[123.0026904,-8.3591439],[123.0026112,-8.3597274],[123.0026215,-8.3602019],[123.0025096,-8.3606133],[123.0023243,-8.3611961],[123.0021847,-8.361487],[123.0020473,-8.361799],[123.0020425,-8.3620253],[123.0020377,-8.3622468],[123.0020706,-8.3628115],[123.0018926,-8.3638834],[123.0017287,-8.3644011],[123.0013267,-8.3653222],[123.0012189,-8.3655935],[123.0011657,-8.365751],[123.001067,-8.3658866],[123.0009356,-8.3660134],[123.0004051,-8.3664953],[123.0001455,-8.3666095],[123.0000105,-8.3667124],[123.000005,-8.3667166],[123.000003,-8.3667181],[123.0000025,-8.3667185],[123.0,-8.3667203],[123.0,-8.3667204],[122.9999715,-8.366742],[122.9999163,-8.3667841],[122.9999149,-8.3667862],[122.9999136,-8.3667884],[122.9999084,-8.3667963],[122.9998527,-8.3668825],[122.9998474,-8.3668907],[122.9997957,-8.3667818],[122.9996797,-8.3668175],[122.9996083,-8.3667075],[122.9998165,-8.3666361],[122.999757,-8.366532],[122.9994923,-8.3666331],[122.9995131,-8.3668681],[122.9993793,-8.3669484],[122.9994681,-8.3671743],[122.9995488,-8.3673797],[122.9991725,-8.3677238],[122.9991666,-8.3677347],[122.9991462,-8.3677726],[122.9990192,-8.368065],[122.9989905,-8.3681702],[122.9989067,-8.3684769],[122.9987871,-8.3688361],[122.9988009,-8.3694077],[122.9988844,-8.3697694],[122.9990401,-8.3701311],[122.9994906,-8.371107],[122.9998005,-8.3720131],[122.9999034,-8.3723771],[122.9999445,-8.3728167],[122.99995,-8.3729975],[122.9999409,-8.3730428],[122.9999147,-8.3732624],[122.9999136,-8.3732717],[122.9999046,-8.3733468],[122.999936,-8.3735172],[123.000088,-8.3738067],[123.0001023,-8.3738498],[123.0001087,-8.3738691],[123.0002348,-8.3742488],[123.0002629,-8.3745298],[123.0002403,-8.375],[123.0002403,-8.375],[123.0002403,-8.3750001],[123.0002317,-8.3751794],[123.0003296,-8.3756386],[123.0003722,-8.3758605],[123.0004012,-8.3761992],[123.0004444,-8.3769859],[123.0004534,-8.3771216],[123.0007185,-8.3773821],[123.0012575,-8.3785326],[123.0014968,-8.3791246],[123.0016128,-8.3794529],[123.0017266,-8.3797871],[123.0017632,-8.3800129],[123.0017317,-8.3802695],[123.0015953,-8.3806039],[123.0015838,-8.3806196],[123.0013036,-8.3810018],[123.0006688,-8.3816232],[123.0003814,-8.3819416],[123.0000336,-8.3824933],[123.0000042,-8.3825401],[123.0000041,-8.3825402],[123.0000012,-8.3825447],[123.0,-8.3825467],[122.9999928,-8.3825582],[122.9998689,-8.3827546],[122.9998345,-8.3829397],[122.9997183,-8.3832426],[122.9997318,-8.3833853],[122.9998278,-8.3839179],[122.9999734,-8.3841961],[122.9999844,-8.3842166],[123.0,-8.3842458],[123.0,-8.3842459],[123.0000011,-8.384248],[123.0000833,-8.3844019],[123.0002569,-8.3847597],[123.0003493,-8.3849104],[123.0004648,-8.3851937],[123.0006107,-8.3854114],[123.0008987,-8.3858004],[123.0010996,-8.3863097],[123.0013047,-8.386853],[123.0014215,-8.3871818],[123.0016707,-8.3875746],[123.0018749,-8.3881906],[123.0019284,-8.3886071],[123.0020276,-8.3894465],[123.002069,-8.3899217],[123.0019137,-8.39075],[123.001799,-8.3911313],[123.0017049,-8.3912842],[123.001454,-8.3916418],[123.0013181,-8.3918417],[123.0010278,-8.3921538],[123.0008726,-8.3923894],[123.0007133,-8.3927836],[123.0003828,-8.3931412],[123.0001294,-8.3935069],[123.0000789,-8.3935797],[123.0000022,-8.3936678],[123.0,-8.3936703],[123.0,-8.3936704],[122.9999937,-8.3936777],[122.9998763,-8.3938125],[122.9997699,-8.3940585],[122.9996182,-8.3944039],[122.9993476,-8.3946568],[122.9990709,-8.3949549],[122.9988198,-8.3952489],[122.9986588,-8.3954547],[122.9983867,-8.3960318],[122.9979372,-8.3969828],[122.99779,-8.3971734],[122.9975448,-8.3974934],[122.9973021,-8.3979678],[122.9972282,-8.3982273],[122.9971745,-8.3985313],[122.9971364,-8.3987823],[122.9969835,-8.3995085],[122.9969338,-8.3997444],[122.9969053,-8.3998747],[122.9968473,-8.40014],[122.9968309,-8.4004058],[122.9967991,-8.4009238],[122.9968884,-8.4012868],[122.996905,-8.4014413],[122.9969169,-8.4015516],[122.9969676,-8.4018502],[122.9970037,-8.4021422],[122.9970099,-8.4021923],[122.9970259,-8.4023213],[122.9971054,-8.4029629],[122.9972503,-8.4034276],[122.9978768,-8.4055688],[122.9979367,-8.4056488],[122.998035,-8.4057798],[122.9982013,-8.4059343],[122.998222,-8.4059535],[122.9988542,-8.4064466],[122.999129,-8.406869],[122.9994179,-8.4074808],[122.9994842,-8.4076206],[122.999552,-8.4077634],[122.9998583,-8.4082255],[122.9999626,-8.4083829],[122.9999861,-8.4084184],[123.0,-8.4084459],[123.0000185,-8.4084709],[123.0000244,-8.408479],[123.000177,-8.4086857],[123.0002205,-8.4087447],[123.0002937,-8.4089536],[123.0005133,-8.4095803],[123.0005518,-8.4097258],[123.0006072,-8.4099358]]]]}},
{"type":"Feature","properties":{"OBJECTID":80768.0,"NAMOBJ":"Kelurahan Amagarapati","KDCBPS":"530603","WADMKC":"Larantuka","WADMKK":"Flores Timur","WADMPR":"Nusa Tenggara Timur","Penduduk":41696,"luas_km2":58.505},"geometry":{"type":"MultiPolygon","coordinates":[[[[122.951768,-8.3507304],[122.9518999,-8.3517155],[122.9519934,-8.3518663],[122.9521674,-8.3520327],[122.9522807,-8.3520988],[122.9523856,-8.3520822],[122.9525336,-8.3519263],[122.9526653,-8.3510306],[122.9526913,-8.350757],[122.952662,-8.3505613],[122.9524132,-8.3502913],[122.9523384,-8.350246],[122.9521185,-8.3503757],[122.9519634,-8.3505305],[122.9518193,-8.3506337],[122.951768,-8.3507304]]],[[[122.8913216,-8.3206934],[122.8913122,-8.3206948],[122.8908898,-8.3207588],[122.8908125,-8.3207679],[122.8906651,-8.3207854],[122.8906646,-8.3207854],[122.8905011,-8.3207898],[122.8902844,-8.3207897],[122.8899905,-8.3207934],[122.8899133,-8.3207956],[122.8897942,-8.3207872],[122.8896387,-8.3207691],[122.8894002,-8.320753],[122.8892214,-8.3207296],[122.8890008,-8.3206992],[122.8888998,-8.3206916],[122.8883935,-8.3207002],[122.8882571,-8.3207152],[122.888018,-8.3207283],[122.8879758,-8.3207244],[122.8864395,-8.3204241],[122.8834854,-8.3194295],[122.8827823,-8.3191354],[122.8827807,-8.3191357],[122.8801053,-8.3185165],[122.8783844,-8.3193232],[122.8763872,-8.3212776],[122.8760721,-8.321586],[122.8757584,-8.3219579],[122.8743076,-8.323678],[122.8732881,-8.3255478],[122.873288,-8.325548],[122.8722888,-8.3271182],[122.8711109,-8.330152],[122.8702866,-8.3327978],[122.8698174,-8.3331019],[122.8686979,-8.33439],[122.8672611,-8.335442],[122.8661166,-8.3359604],[122.863332,-8.3368959],[122.8619842,-8.3370979],[122.8600974,-8.3369913],[122.8591227,-8.3394884],[122.8577996,-8.3418163],[122.857176,-8.3434358],[122.8560433,-8.3465356],[122.8545291,-8.3498125],[122.854128,-8.3506007],[122.8530767,-8.3526668],[122.8520375,-8.3546517],[122.8535718,-8.3569522],[122.8536501,-8.3570621],[122.8537066,-8.357128],[122.8537684,-8.3572024],[122.8538182,-8.3572708],[122.853875,-8.3573643],[122.8539062,-8.3574152],[122.8539883,-8.3575232],[122.8540654,-8.3576144],[122.8541135,-8.3576476],[122.8543389,-8.3577832],[122.8543879,-8.3578262],[122.85447,-8.3579071],[122.854549,-8.358017],[122.8545669,-8.3580594],[122.854582,-8.358109],[122.8546314,-8.3581911],[122.854688,-8.3582656],[122.8547458,-8.3583359],[122.8548931,-8.3584878],[122.8550558,-8.3586322],[122.8551372,-8.3587024],[122.8552269,-8.3588267],[122.8553523,-8.3589405],[122.8555854,-8.3591153],[122.8557164,-8.3593176],[122.8557656,-8.3593941],[122.8558987,-8.3595681],[122.8560852,-8.3597366],[122.8564032,-8.3599093],[122.8567221,-8.3600109],[122.8571555,-8.3600487],[122.8574757,-8.3601519],[122.8580072,-8.3602863],[122.8581784,-8.3603936],[122.8585066,-8.3606092],[122.8588792,-8.3609271],[122.8590272,-8.3611522],[122.8590992,-8.361332],[122.8591765,-8.3615317],[122.8593067,-8.3617904],[122.8595287,-8.3621948],[122.8596878,-8.3624807],[122.8600292,-8.3630582],[122.8602255,-8.3633285],[122.8604659,-8.3636098],[122.8606651,-8.3637923],[122.8609801,-8.364024],[122.8611688,-8.364139],[122.8612273,-8.3641907],[122.86135,-8.3642566],[122.8615111,-8.3643139],[122.8617306,-8.3644074],[122.8622252,-8.3645818],[122.8628372,-8.3647886],[122.8629369,-8.364803],[122.863174,-8.3648621],[122.863377,-8.3649868],[122.864331,-8.364776],[122.8667901,-8.3645647],[122.8682246,-8.364299],[122.8699332,-8.3639809],[122.8716037,-8.3636196],[122.8717754,-8.3635824],[122.8726272,-8.3635753],[122.8728802,-8.3639186],[122.8730707,-8.3640081],[122.8736022,-8.3642313],[122.8738024,-8.3643237],[122.8741219,-8.3645941],[122.8743096,-8.3648767],[122.8748,-8.365436],[122.8749229,-8.3655285],[122.875,-8.3656029],[122.8750103,-8.3656113],[122.8771257,-8.3673357],[122.8774319,-8.3675241],[122.8780928,-8.3679125],[122.8790083,-8.3681929],[122.8797414,-8.3685094],[122.8802519,-8.3687796],[122.880987,-8.3693231],[122.8815628,-8.369931],[122.8815948,-8.3699602],[122.8820384,-8.3703652],[122.8823827,-8.3706743],[122.8828898,-8.3710821],[122.88345,-8.3715656],[122.8838389,-8.3718957],[122.8841456,-8.3721541],[122.8843524,-8.3719215],[122.8844712,-8.3716432],[122.8846346,-8.3709542],[122.8846964,-8.3704756],[122.884751,-8.3704564],[122.8849113,-8.3704733],[122.8851101,-8.3704195],[122.8855741,-8.3701652],[122.8859249,-8.3699224],[122.8859992,-8.3697888],[122.8860675,-8.3693751],[122.8861822,-8.3691685],[122.8862561,-8.3691341],[122.886412,-8.3690627],[122.8868997,-8.3687597],[122.886933,-8.3686721],[122.8868852,-8.3685754],[122.8868017,-8.3683237],[122.886842,-8.368225],[122.8869236,-8.3682048],[122.8871068,-8.3682388],[122.8873745,-8.3682727],[122.8879265,-8.3683401],[122.8881055,-8.3683235],[122.8885417,-8.3682144],[122.8891738,-8.3679992],[122.8896869,-8.3679089],[122.8901077,-8.367946],[122.8902957,-8.3678409],[122.8905212,-8.3676555],[122.890903,-8.3673239],[122.8911115,-8.3672534],[122.8917479,-8.3671679],[122.8921269,-8.3672579],[122.892382,-8.3672978],[122.8924738,-8.3672633],[122.8926236,-8.3671168],[122.8926291,-8.3670113],[122.8925738,-8.3667974],[122.8923454,-8.3663464],[122.8922917,-8.3662404],[122.8919498,-8.3658167],[122.8915533,-8.3655775],[122.8913058,-8.3654242],[122.8911427,-8.3653232],[122.8911776,-8.3652332],[122.8912066,-8.3650706],[122.8911803,-8.3648703],[122.8910831,-8.3645814],[122.891053,-8.3644019],[122.8910674,-8.3641513],[122.8911745,-8.3640303],[122.8914053,-8.3639008],[122.8918047,-8.3638126],[122.8921414,-8.3638044],[122.892675,-8.3638021],[122.8930957,-8.3637241],[122.8933008,-8.3636187],[122.8933839,-8.3634914],[122.8933995,-8.3633651],[122.893355,-8.363189],[122.8933134,-8.3629804],[122.8933975,-8.3625953],[122.8935459,-8.3624336],[122.8937522,-8.3622495],[122.8939535,-8.3619788],[122.8940529,-8.3612133],[122.894043,-8.3607836],[122.8941168,-8.3606554],[122.8942295,-8.3605629],[122.8945172,-8.3604146],[122.8947795,-8.36025],[122.8949529,-8.3600529],[122.8950639,-8.3599115],[122.8954701,-8.3596079],[122.8956362,-8.3594293],[122.8958132,-8.3591573],[122.8959167,-8.3588932],[122.8960212,-8.3585801],[122.8962127,-8.3582757],[122.8962946,-8.358073],[122.8963117,-8.3577662],[122.8963557,-8.3573021],[122.8963771,-8.3570771],[122.8964756,-8.3569175],[122.8966879,-8.356734],[122.8969187,-8.3565554],[122.8969226,-8.356487],[122.896928,-8.3563909],[122.8968764,-8.3559467],[122.896911,-8.3555451],[122.8969724,-8.3553568],[122.8969947,-8.3551938],[122.8969599,-8.354992],[122.8969501,-8.3548633],[122.8969924,-8.3548078],[122.8970182,-8.354774],[122.8975445,-8.3543449],[122.8978691,-8.3540316],[122.8987859,-8.3537013],[122.8989126,-8.3535489],[122.8991417,-8.3530423],[122.8991788,-8.3528037],[122.8991876,-8.3527485],[122.8992192,-8.3525497],[122.8993826,-8.3519521],[122.8993331,-8.3518471],[122.8991891,-8.3515664],[122.8991851,-8.3514203],[122.8992443,-8.351266],[122.8995148,-8.3508578],[122.8997999,-8.3506981],[122.8999287,-8.3506849],[122.9003038,-8.3506944],[122.9004087,-8.3506202],[122.9007321,-8.3503292],[122.9009945,-8.3500759],[122.901266,-8.350006],[122.9014832,-8.3499367],[122.9017067,-8.3497808],[122.9019348,-8.3495497],[122.9019705,-8.3493964],[122.9020072,-8.3490644],[122.9020179,-8.3487741],[122.9019334,-8.3482423],[122.9018107,-8.3479045],[122.90183,-8.3476084],[122.902122,-8.3472212],[122.9026411,-8.3467412],[122.9030735,-8.3463824],[122.9033903,-8.3461848],[122.9037075,-8.3461119],[122.903983,-8.3461134],[122.9054338,-8.3461991],[122.9055859,-8.3461547],[122.9058517,-8.3459506],[122.9059091,-8.3457851],[122.9058923,-8.3455747],[122.9058788,-8.3454266],[122.9059197,-8.344858],[122.9060581,-8.3446867],[122.9063592,-8.3443933],[122.9065438,-8.3443482],[122.9075,-8.3440969],[122.9076973,-8.3439574],[122.9079801,-8.3437749],[122.9082147,-8.3438861],[122.908411,-8.3439667],[122.9088259,-8.3440553],[122.9090169,-8.3440435],[122.9091607,-8.3439624],[122.9093463,-8.3438897],[122.909905,-8.3436494],[122.9100476,-8.3435161],[122.9100678,-8.3434111],[122.9100445,-8.3432238],[122.9098173,-8.3426848],[122.9097186,-8.3423417],[122.9096064,-8.342221],[122.9089965,-8.341654],[122.9088635,-8.3414121],[122.9087051,-8.3409166],[122.9087023,-8.3407007],[122.908634,-8.3405343],[122.9085475,-8.3404815],[122.9083804,-8.3403679],[122.9081072,-8.3401241],[122.9080507,-8.3399862],[122.9080754,-8.3397239],[122.9081512,-8.3394143],[122.9081955,-8.3393533],[122.9083328,-8.3391067],[122.908505,-8.3387315],[122.9086798,-8.3384938],[122.9089077,-8.3383306],[122.9093538,-8.3381379],[122.9097011,-8.3379613],[122.9102506,-8.337673],[122.9106252,-8.3376247],[122.9107474,-8.33763],[122.9110843,-8.3376445],[122.9112345,-8.3377146],[122.9117266,-8.3380784],[122.9119603,-8.3381496],[122.9123777,-8.3381789],[122.9127056,-8.3381435],[122.9127961,-8.3380718],[122.9128981,-8.3378826],[122.9134149,-8.3370876],[122.9134743,-8.336939],[122.9137925,-8.336414],[122.9139006,-8.3361716],[122.9139115,-8.3361002],[122.9139143,-8.3360227],[122.9139158,-8.3359368],[122.9138734,-8.3354181],[122.913926,-8.3350005],[122.9139647,-8.3348384],[122.9140401,-8.3343951],[122.9140738,-8.3338599],[122.9140648,-8.3337679],[122.9140058,-8.3331617],[122.9138272,-8.3329341],[122.9138367,-8.3327952],[122.913992,-8.3322351],[122.9133338,-8.3320285],[122.9132386,-8.3319791],[122.9130869,-8.3319015],[122.9123,-8.3316657],[122.9118772,-8.3315316],[122.9116833,-8.3314629],[122.9115055,-8.3313679],[122.9115746,-8.3298224],[122.9116311,-8.3285567],[122.9116395,-8.3283708],[122.9117038,-8.3269357],[122.911897,-8.3259702],[122.9124483,-8.3242448],[122.9124486,-8.3242437],[122.912104,-8.3240092],[122.9120828,-8.3239948],[122.911562,-8.3237589],[122.9114444,-8.3237161],[122.9112249,-8.3237077],[122.9110233,-8.3236756],[122.9109226,-8.3236595],[122.9104859,-8.323533],[122.9103819,-8.3234915],[122.9102173,-8.3233145],[122.9100858,-8.3231851],[122.9099808,-8.323127],[122.9096092,-8.3229393],[122.9096034,-8.3229374],[122.9093526,-8.322856],[122.9092258,-8.3228036],[122.9087076,-8.3225164],[122.9086754,-8.3224975],[122.9080303,-8.3222889],[122.9077594,-8.3222329],[122.9074939,-8.3221779],[122.9071768,-8.322081],[122.9071693,-8.3220787],[122.9069028,-8.3220241],[122.9067952,-8.3220021],[122.9066388,-8.3219691],[122.9062317,-8.3218223],[122.9058731,-8.3217866],[122.9054466,-8.3217592],[122.905398,-8.3217561],[122.9049496,-8.3216431],[122.9047023,-8.321551],[122.9046185,-8.321482],[122.9042024,-8.321139],[122.9040761,-8.3210542],[122.903928,-8.3210045],[122.9034663,-8.3208497],[122.9034398,-8.3208382],[122.9030801,-8.3206821],[122.9030106,-8.3206444],[122.902812,-8.3205907],[122.9025069,-8.3205082],[122.902139,-8.3204035],[122.9018699,-8.3203028],[122.9015803,-8.3201759],[122.9012388,-8.3201271],[122.9012384,-8.3201271],[122.9011921,-8.3201229],[122.9009998,-8.3201056],[122.9004639,-8.3199564],[122.9002259,-8.3198821],[122.9001151,-8.3198298],[122.8999142,-8.3195492],[122.8998559,-8.3194678],[122.8998117,-8.3193772],[122.8997924,-8.3193377],[122.8997448,-8.3191775],[122.8996604,-8.3191069],[122.8996318,-8.3190945],[122.8991105,-8.3189351],[122.8989546,-8.3189543],[122.8985552,-8.3190035],[122.898133,-8.3190874],[122.8980732,-8.3190934],[122.897788,-8.319195],[122.8974176,-8.3193772],[122.8974088,-8.3193815],[122.8973105,-8.3194299],[122.8972512,-8.3194594],[122.8969894,-8.3195686],[122.8969728,-8.3195756],[122.8966318,-8.3196252],[122.8961125,-8.3195804],[122.89573,-8.319633],[122.8952687,-8.3198535],[122.8950358,-8.3199589],[122.8948541,-8.3199866],[122.8947833,-8.3199836],[122.8946889,-8.3199797],[122.8942007,-8.3198943],[122.894153,-8.3198806],[122.8940763,-8.3198848],[122.8938698,-8.3198948],[122.8937741,-8.3199141],[122.8937382,-8.3199204],[122.8936584,-8.319931],[122.893572,-8.3199425],[122.8933575,-8.3199504],[122.8929409,-8.3200316],[122.8927019,-8.3201116],[122.8925066,-8.3202161],[122.8922709,-8.3203396],[122.8921053,-8.3204437],[122.8920994,-8.3204473],[122.8919809,-8.3205347],[122.8918148,-8.3205839],[122.891786,-8.3205907],[122.8916774,-8.3206164],[122.8915296,-8.3206514],[122.8914883,-8.3206699],[122.8913216,-8.3206934]]],[[[122.9796397,-8.3479746],[122.9802287,-8.3479154],[122.9815711,-8.3476451],[122.9817666,-8.3475737],[122.9818499,-8.3475432],[122.982137,-8.3474407],[122.9823694,-8.3473949],[122.982424,-8.3473841],[122.9828978,-8.3472369],[122.9832162,-8.3470263],[122.9833552,-8.3468322],[122.9833521,-8.3464952],[122.9834391,-8.3463424],[122.9836212,-8.346148],[122.9838333,-8.3458924],[122.9839595,-8.3457403],[122.9841889,-8.3454506],[122.9843825,-8.3452097],[122.9846526,-8.3447827],[122.9848253,-8.3445603],[122.9848648,-8.3445096],[122.9850996,-8.3442243],[122.9854154,-8.3440813],[122.9858573,-8.3439288],[122.9862638,-8.3437548],[122.9863559,-8.3437153],[122.9866125,-8.3435185],[122.9868394,-8.343357],[122.9871579,-8.3432139],[122.9872809,-8.3431743],[122.9875926,-8.343074],[122.987823,-8.3430357],[122.9881173,-8.3429918],[122.9886397,-8.3429347],[122.9887101,-8.3429271],[122.9887462,-8.3429132],[122.9890617,-8.3427911],[122.9895985,-8.342461],[122.9897634,-8.3423109],[122.9899622,-8.3421306],[122.9900026,-8.3420939],[122.990033,-8.3420663],[122.9900276,-8.3420167],[122.9899526,-8.3419101],[122.989897,-8.3417281],[122.9901037,-8.3415955],[122.9901648,-8.3415563],[122.9902159,-8.3415235],[122.9903959,-8.3414221],[122.9904544,-8.3413159],[122.9904578,-8.3412255],[122.9905621,-8.3410716],[122.9905301,-8.3409806],[122.9905362,-8.3409258],[122.9906375,-8.3407457],[122.9905971,-8.3406796],[122.9905682,-8.3405904],[122.9906465,-8.3404156],[122.9907496,-8.3403066],[122.990832,-8.3401846],[122.9909405,-8.3398471],[122.9913997,-8.3383766],[122.9913849,-8.3382553],[122.9914159,-8.3381537],[122.9915486,-8.3378778],[122.9915283,-8.3376074],[122.9914701,-8.337541],[122.9915182,-8.3373583],[122.9916449,-8.3371641],[122.9916921,-8.3371238],[122.9919974,-8.3368637],[122.9921042,-8.3368216],[122.9922595,-8.3367604],[122.9927884,-8.3365926],[122.9931201,-8.3363905],[122.9935588,-8.3361528],[122.9940931,-8.3360067],[122.9943561,-8.3359144],[122.9947232,-8.3357906],[122.9948442,-8.3357498],[122.9952964,-8.335626],[122.995817,-8.3354574],[122.996175,-8.3352703],[122.9966907,-8.3351503],[122.9967932,-8.3351301],[122.9973822,-8.3348679],[122.9975214,-8.3348221],[122.9982907,-8.3346269],[122.998675,-8.3344747],[122.998972,-8.3343123],[122.9996822,-8.3339236],[123.0,-8.333766],[123.0,-8.333766],[123.0000768,-8.3337279],[123.000523,-8.3335065],[123.0010156,-8.3331664],[123.0013932,-8.3329749],[123.0016902,-8.3328008],[123.0019349,-8.3326104],[123.002053,-8.3324705],[123.002889,-8.3314805],[123.0030514,-8.3312],[123.0031287,-8.330992],[123.0035639,-8.3305443],[123.0036741,-8.3304854],[123.0037461,-8.3304469],[123.0038141,-8.3304054],[123.0040136,-8.3302835],[123.0043518,-8.329725],[123.0044571,-8.3295512],[123.0046405,-8.3292937],[123.0047204,-8.3292293],[123.0048004,-8.3291649],[123.0049874,-8.3290143],[123.0060353,-8.3281264],[123.0067812,-8.3274944],[123.0073011,-8.3270538],[123.0084376,-8.3258621],[123.0088685,-8.3254103],[123.0090818,-8.3251412],[123.0094067,-8.3247313],[123.0096209,-8.3245297],[123.00999,-8.3243371],[123.010338,-8.3241555],[123.0106956,-8.3239671],[123.0109659,-8.3238917],[123.0113197,-8.3238093],[123.0126971,-8.3229064],[123.0129249,-8.3227549],[123.0134644,-8.3224934],[123.0141459,-8.3220608],[123.0145102,-8.3218417],[123.0148226,-8.3216866],[123.0150549,-8.3214887],[123.015287,-8.3211778],[123.0153704,-8.3210341],[123.0156692,-8.3208196],[123.0161005,-8.3205787],[123.0164156,-8.3203973],[123.0165923,-8.3202426],[123.0167961,-8.3200959],[123.0169623,-8.3200114],[123.0171617,-8.3199101],[123.0176844,-8.3194714],[123.0182964,-8.3188136],[123.0186379,-8.3184465],[123.0187329,-8.3183222],[123.0189367,-8.3180555],[123.0190222,-8.3179671],[123.0191349,-8.3179092],[123.0194363,-8.3177543],[123.0196001,-8.3176649],[123.0196003,-8.3176647],[123.0196077,-8.3176554],[123.0197647,-8.317454],[123.0199426,-8.3169564],[123.0202165,-8.3161907],[123.0206433,-8.3155857],[123.0206961,-8.3153856],[123.0206987,-8.3153761],[123.0203106,-8.31325],[123.0202122,-8.3125801],[123.0202103,-8.3123933],[123.0202082,-8.3121899],[123.020152,-8.3116601],[123.0200717,-8.3109021],[123.0200569,-8.310486],[123.0200665,-8.3101935],[123.0206511,-8.3089605],[123.0208893,-8.3084391],[123.0209471,-8.3082236],[123.0209439,-8.3080449],[123.0210748,-8.3075422],[123.02113,-8.3070977],[123.0210995,-8.3066338],[123.0209809,-8.306203],[123.0204822,-8.3045494],[123.0200108,-8.303216],[123.0198873,-8.3028832],[123.0197746,-8.3025799],[123.0192945,-8.3011966],[123.0192885,-8.3011822],[123.0190914,-8.300705],[123.0190329,-8.3005524],[123.0189636,-8.3003712],[123.0188162,-8.2999134],[123.0187694,-8.2997678],[123.0187323,-8.299629],[123.0186203,-8.2992105],[123.0185725,-8.2990316],[123.0185127,-8.2988081],[123.0184274,-8.2984432],[123.0184898,-8.2976094],[123.0185596,-8.2966776],[123.0185943,-8.2963672],[123.0186175,-8.29616],[123.0186248,-8.2957808],[123.018692,-8.2953628],[123.0187016,-8.2953001],[123.0188984,-8.2940127],[123.0189438,-8.2929357],[123.0189438,-8.2929341],[123.0189422,-8.2928314],[123.0189402,-8.2927001],[123.0189379,-8.2925525],[123.0189308,-8.2924372],[123.0189176,-8.2922219],[123.0189172,-8.2921172],[123.0189168,-8.292006],[123.0189844,-8.2917342],[123.0190184,-8.2906258],[123.0190342,-8.2901124],[123.0190582,-8.2900002],[123.0190903,-8.28985],[123.0191366,-8.2897243],[123.019154,-8.2896768],[123.0191776,-8.2896128],[123.01937,-8.2894038],[123.0194714,-8.2892936],[123.0195133,-8.2892441],[123.0195894,-8.2891543],[123.0196298,-8.2887221],[123.0196185,-8.2886774],[123.0195651,-8.2884644],[123.0194836,-8.2883206],[123.0194459,-8.2882541],[123.019347,-8.2880738],[123.0193631,-8.2878054],[123.0193961,-8.2872555],[123.0194399,-8.2865338],[123.0193811,-8.2857337],[123.0191586,-8.2844846],[123.0190614,-8.2840711],[123.0190583,-8.284058],[123.0189639,-8.2837164],[123.0189174,-8.2834847],[123.0188053,-8.2828903],[123.0187842,-8.2827787],[123.0187722,-8.2827225],[123.0187196,-8.2824771],[123.0185893,-8.2818647],[123.0184166,-8.2813609],[123.0183642,-8.281279],[123.0182816,-8.2811499],[123.0176938,-8.2806766],[123.0176341,-8.2806363],[123.0175063,-8.2805501],[123.0172707,-8.2804475],[123.0167072,-8.2799622],[123.0164272,-8.2797211],[123.0162934,-8.2796058],[123.0162933,-8.2796065],[123.0161979,-8.2805087],[123.0161677,-8.2813156],[123.0160554,-8.2818035],[123.0158863,-8.282104],[123.0157484,-8.2823106],[123.0155981,-8.2825297],[123.0154224,-8.2826362],[123.0153221,-8.2827615],[123.0152093,-8.282893],[123.015084,-8.283087],[123.0150591,-8.2832371],[123.014978,-8.2835437],[123.0148844,-8.2839754],[123.0147719,-8.284357],[123.0147093,-8.2844947],[123.0145401,-8.2847013],[123.0144837,-8.2847702],[123.0142642,-8.2849519],[123.0139505,-8.2850837],[123.0135302,-8.2853345],[123.0132729,-8.2854724],[123.0131726,-8.2855288],[123.0128904,-8.2857919],[123.0125896,-8.2861989],[123.0124269,-8.2865743],[123.0123709,-8.2869059],[123.0122584,-8.2872563],[123.0121144,-8.2875942],[123.0120143,-8.2878132],[123.011889,-8.2880135],[123.0118452,-8.2880949],[123.0115503,-8.2882704],[123.0112554,-8.2883522],[123.0106213,-8.2883968],[123.0100123,-8.2884602],[123.0098438,-8.2884546],[123.0094786,-8.2884422],[123.0090582,-8.2885929],[123.008713,-8.2887185],[123.0085311,-8.2888438],[123.0082049,-8.2890257],[123.007973,-8.2893512],[123.007785,-8.2895704],[123.0077287,-8.2897518],[123.0075033,-8.2901649],[123.0073093,-8.2905967],[123.0071149,-8.2908221],[123.0068516,-8.2910977],[123.0064753,-8.2913984],[123.0062809,-8.291555],[123.0060866,-8.2917617],[123.0059298,-8.2919183],[123.0057794,-8.2921374],[123.0057232,-8.2923188],[123.005485,-8.2926068],[123.0053722,-8.2927634],[123.0052532,-8.2929887],[123.0051341,-8.2930951],[123.0048896,-8.2933644],[123.0047579,-8.2934897],[123.0046199,-8.2935587],[123.0045446,-8.2936151],[123.0043752,-8.2936841],[123.0041931,-8.2937031],[123.004055,-8.2937221],[123.0037286,-8.2937538],[123.0029563,-8.2937549],[123.0026674,-8.293724],[123.0022028,-8.2937059],[123.0017256,-8.2936878],[123.0012736,-8.2937635],[123.0010551,-8.2937786],[123.0009032,-8.293789],[123.0006207,-8.2937894],[123.0003884,-8.2938023],[123.0001812,-8.2938526],[123.0,-8.2938829],[122.9986854,-8.293965],[122.9986311,-8.2939625],[122.9975602,-8.2939129],[122.9968029,-8.2946432],[122.9959936,-8.2954929],[122.995779,-8.2958423],[122.9953742,-8.2965015],[122.9951725,-8.2968876],[122.994894,-8.2974206],[122.9944042,-8.2983368],[122.9940303,-8.2991288],[122.9936272,-8.3001901],[122.9932582,-8.3010556],[122.9925667,-8.3023706],[122.9916594,-8.3040999],[122.9916176,-8.3041788],[122.9914201,-8.3045511],[122.9907569,-8.3038597],[122.9900685,-8.3031421],[122.9892659,-8.3024372],[122.9884155,-8.3017962],[122.9876005,-8.3017269],[122.9872107,-8.3017442],[122.9864605,-8.30188],[122.986241,-8.3019409],[122.9860976,-8.3020177],[122.9860055,-8.3021001],[122.9859469,-8.3021525],[122.985676,-8.3025261],[122.9855841,-8.3026529],[122.985497,-8.3028849],[122.9854842,-8.3029602],[122.9853361,-8.3031732],[122.9852022,-8.3033329],[122.98492,-8.303668],[122.9846326,-8.303941],[122.984531,-8.3040214],[122.984409,-8.3041112],[122.9842873,-8.3042505],[122.9840838,-8.3044836],[122.9837527,-8.3049007],[122.9836667,-8.3050228],[122.9835316,-8.3051752],[122.983423,-8.3053291],[122.9832706,-8.305484],[122.9831363,-8.3056273],[122.9830222,-8.3058376],[122.9829297,-8.3059686],[122.9827346,-8.3061586],[122.982704,-8.3062018],[122.9822522,-8.3063683],[122.9821415,-8.3064024],[122.9818459,-8.3064672],[122.9815144,-8.3065117],[122.9813753,-8.3065223],[122.9812868,-8.3065259],[122.9812137,-8.3065288],[122.98116,-8.3065376],[122.981105,-8.3065698],[122.9809446,-8.3067263],[122.9808728,-8.3068041],[122.9806918,-8.3071186],[122.9804531,-8.3074814],[122.9804146,-8.307541],[122.9803491,-8.3076135],[122.9802734,-8.3076728],[122.9802411,-8.307694],[122.9801873,-8.3077335],[122.9801466,-8.3077708],[122.9800321,-8.3079843],[122.9800227,-8.3080329],[122.9799885,-8.3080786],[122.9796993,-8.3083413],[122.9796594,-8.3083875],[122.9795886,-8.3084828],[122.9795561,-8.308573],[122.979516,-8.3086005],[122.9794936,-8.3086213],[122.9793925,-8.308693],[122.9793517,-8.3087015],[122.9791561,-8.3088917],[122.9782736,-8.3096102],[122.9775874,-8.3100419],[122.9769012,-8.3104735],[122.9757034,-8.3110409],[122.9745148,-8.311592],[122.972976,-8.3122757],[122.9713875,-8.3128934],[122.9705477,-8.3132395],[122.9699844,-8.3134716],[122.9687091,-8.3140247],[122.967738,-8.3143925],[122.9673718,-8.3145312],[122.9646985,-8.315317],[122.9630891,-8.3157175],[122.9619202,-8.3160027],[122.9605941,-8.3164385],[122.9593339,-8.3170904],[122.958349,-8.3175602],[122.9571595,-8.3176443],[122.9548569,-8.3177821],[122.9529406,-8.3179623],[122.95118,-8.3182008],[122.9501426,-8.3183414],[122.9491228,-8.3185302],[122.9489598,-8.3186491],[122.9489087,-8.3186913],[122.9485126,-8.3190003],[122.9484882,-8.3190149],[122.9480574,-8.3192839],[122.947875,-8.3194231],[122.9475248,-8.3197272],[122.9472794,-8.319832],[122.9472327,-8.3198524],[122.9468978,-8.3200398],[122.9466791,-8.3201401],[122.9466007,-8.3201848],[122.9462122,-8.3203933],[122.9458861,-8.3205981],[122.9458468,-8.3206411],[122.945747,-8.3207267],[122.9455424,-8.3208646],[122.9451985,-8.3211369],[122.9446747,-8.3215347],[122.9444866,-8.3216566],[122.9444543,-8.3216731],[122.9442141,-8.3217407],[122.9436684,-8.3218073],[122.9433335,-8.3218854],[122.9432879,-8.3219078],[122.9430573,-8.3220167],[122.9427726,-8.3222134],[122.9426112,-8.322329],[122.9425667,-8.3224217],[122.9425552,-8.3224478],[122.9423917,-8.3229134],[122.9421454,-8.3234248],[122.9418212,-8.3238697],[122.9417863,-8.3239094],[122.941531,-8.3241412],[122.9412713,-8.3243135],[122.941171,-8.3243053],[122.9409991,-8.3242093],[122.9406361,-8.3240145],[122.9403445,-8.3238521],[122.9400186,-8.3236589],[122.9398246,-8.3236228],[122.9392324,-8.3236835],[122.9388167,-8.3238142],[122.9378647,-8.3240964],[122.9373229,-8.3243138],[122.9370877,-8.3244421],[122.9368206,-8.3246085],[122.936476,-8.3249119],[122.9363078,-8.3250812],[122.9361053,-8.3252906],[122.9359252,-8.3255011],[122.935684,-8.3257161],[122.935229,-8.3260927],[122.9351262,-8.3261585],[122.9349699,-8.3262872],[122.9344429,-8.3267555],[122.9343912,-8.3268305],[122.9342256,-8.3269807],[122.9340648,-8.3270192],[122.9337106,-8.3270534],[122.9332549,-8.3271527],[122.9330737,-8.3272727],[122.9325519,-8.3276612],[122.9323741,-8.3278929],[122.9322481,-8.3281528],[122.932123,-8.3283656],[122.9320711,-8.3284538],[122.9313405,-8.3293544],[122.9312926,-8.3294201],[122.9311294,-8.3296438],[122.9307483,-8.3299872],[122.9304215,-8.3300323],[122.9303754,-8.3300275],[122.9303267,-8.3300457],[122.9301395,-8.3302148],[122.930217,-8.330437],[122.9303867,-8.3308933],[122.9305283,-8.3312833],[122.9307394,-8.3316961],[122.9307947,-8.3318814],[122.9308282,-8.3319826],[122.9309092,-8.3322274],[122.9311983,-8.3328999],[122.9313044,-8.3332371],[122.9314203,-8.3334443],[122.9321114,-8.3342959],[122.9327214,-8.3348759],[122.9331125,-8.3350727],[122.9334539,-8.3352006],[122.9335896,-8.3352515],[122.9352629,-8.3355501],[122.9362882,-8.3357155],[122.9363184,-8.3357202],[122.9367177,-8.3358249],[122.937439,-8.3360456],[122.9377644,-8.3361812],[122.9381552,-8.3362833],[122.9394086,-8.3365464],[122.9396373,-8.3366552],[122.9397633,-8.3367922],[122.9399541,-8.3371259],[122.9401219,-8.3372794],[122.940504,-8.3374412],[122.9414508,-8.337715],[122.9417802,-8.3379213],[122.9423104,-8.3383722],[122.9427888,-8.3388225],[122.943203,-8.3390047],[122.9435546,-8.3391593],[122.943747,-8.3392439],[122.9439991,-8.3393914],[122.9443631,-8.3395931],[122.9447641,-8.3398536],[122.9447942,-8.3399287],[122.9448133,-8.3399766],[122.9449188,-8.3401855],[122.9452339,-8.3406332],[122.9453771,-8.3407317],[122.9456483,-8.3408302],[122.946199,-8.3409957],[122.9464894,-8.3411035],[122.9468417,-8.3412773],[122.9470331,-8.3414314],[122.9471198,-8.3415935],[122.9472786,-8.341789],[122.9475287,-8.342016],[122.9479327,-8.3423291],[122.9479725,-8.3423878],[122.9480699,-8.3425309],[122.9481249,-8.3426159],[122.9482013,-8.3427337],[122.9483336,-8.3429192],[122.9487148,-8.3435318],[122.948967,-8.3437512],[122.9493296,-8.3440094],[122.9497007,-8.3441836],[122.9499274,-8.34429],[122.9508893,-8.3447581],[122.9511548,-8.3448867],[122.9512351,-8.3449169],[122.9514958,-8.3450151],[122.9515455,-8.3450338],[122.9517211,-8.3450875],[122.9519357,-8.3452227],[122.9522168,-8.3455182],[122.9526381,-8.3460096],[122.9527687,-8.3463817],[122.9528708,-8.3464414],[122.9530297,-8.3464936],[122.9533924,-8.346744],[122.9536856,-8.3469886],[122.9543419,-8.3476537],[122.9547184,-8.3479077],[122.9552458,-8.3483166],[122.9555372,-8.3484361],[122.9560249,-8.3485385],[122.9563942,-8.3485389],[122.9564893,-8.3485762],[122.9565712,-8.3486083],[122.9568558,-8.3488092],[122.9569698,-8.3488897],[122.9575306,-8.349088],[122.9585374,-8.3492023],[122.9589073,-8.3492592],[122.959108,-8.3493362],[122.9593067,-8.349409],[122.960347,-8.3498502],[122.9607333,-8.3500141],[122.9613733,-8.3502855],[122.9616478,-8.3504963],[122.9621053,-8.3508476],[122.9623275,-8.3511245],[122.9625881,-8.3514743],[122.9628163,-8.3516517],[122.9633877,-8.3518961],[122.9635134,-8.351884],[122.9636878,-8.3518756],[122.9637473,-8.3518727],[122.9644846,-8.3519188],[122.9645939,-8.3518339],[122.9648403,-8.3516614],[122.9649918,-8.3516267],[122.9652883,-8.3515845],[122.96543,-8.3515756],[122.9657878,-8.3515531],[122.9659755,-8.3514987],[122.9660432,-8.3514088],[122.966458,-8.3509146],[122.9669729,-8.3509469],[122.9672813,-8.3509389],[122.9680697,-8.3509183],[122.9682483,-8.350823],[122.9684045,-8.3506549],[122.9688315,-8.3499812],[122.9689344,-8.3497614],[122.9692614,-8.3497344],[122.9694259,-8.3496731],[122.9697152,-8.3495209],[122.9701102,-8.349335],[122.9701705,-8.3492138],[122.9702662,-8.3490544],[122.9704571,-8.3488042],[122.9705766,-8.3487584],[122.9708388,-8.348724],[122.9711348,-8.3487443],[122.971356,-8.3487237],[122.9716142,-8.3485393],[122.9717251,-8.3483921],[122.9716903,-8.3483205],[122.9716483,-8.3482016],[122.971646,-8.3480292],[122.9717177,-8.3478568],[122.9718632,-8.3476653],[122.9721145,-8.3475022],[122.9730518,-8.3472066],[122.9731616,-8.3472046],[122.974004,-8.3471344],[122.9743514,-8.3471583],[122.9746603,-8.3472387],[122.9752745,-8.3475101],[122.9754443,-8.347623],[122.9758028,-8.3479265],[122.976211,-8.3480329],[122.9765371,-8.3481431],[122.9768365,-8.3482324],[122.9771889,-8.348255],[122.9773136,-8.3481409],[122.9775054,-8.3479916],[122.9776794,-8.3479329],[122.9779567,-8.3479359],[122.9784542,-8.3479794],[122.978497,-8.3479931],[122.9786938,-8.3480253],[122.9793377,-8.3479812],[122.9795113,-8.3479774],[122.9796397,-8.3479746]]]]}}
]
}
